Alcohol,Malic acid,Ash,Alcalinity of ash,Magnesium,Total phenols,Flavanoids,Nonflavanoid phenols,Proanthocyanins,Color intensity,Hue,OD280/OD315 of diluted wines,Proline,Class
12.31549327,2.452576025,2.496940035,21.01825854,97.99806774,2.556781307,2.125910103,0.343609731,1.274628442,2.81399037,0.813925332,3.408132432,438.0149798,1
12.6941679,1.518371373,2.256820755,20.72003372,80.00140233,1.409259549,1.437522391,0.590614408,1.611336164,3.074123183,0.967930926,2.046084854,494.9979645,1
14.36801951,1.815873144,2.364831893,12.00759944,101.9981668,3.320231888,3.698306496,0.322392891,2.967864035,7.517404998,1.206247646,3.019942322,1547.012798,0
12.26002489,1.734397517,2.082553332,18.9932993,79.96442937,1.674385406,2.019707104,0.353728582,1.598898101,3.377432071,0.998537554,3.210492677,510.0207719,1
13.84559122,1.510891923,2.705603481,25.01092124,86.02137991,2.961470711,2.848033105,0.189070147,1.861684704,3.365566685,1.331289286,3.186690997,409.9613617,1
14.06524438,1.619422204,2.286668823,16.01320191,126.0191646,2.991201233,3.184912819,0.247796123,2.123146919,5.641929241,1.071485533,3.705897335,780.0070613,0
12.31350829,2.407261848,2.48158042,21.01292878,97.98001593,2.542109984,2.138916559,0.339996965,1.294779502,2.803253326,0.812272182,3.368919657,437.9977058,1
11.57554114,2.044483314,3.237481243,28.48812148,118.9713743,3.203718733,5.07257764,0.478754493,1.86978447,6.011348036,0.915389349,3.699334817,464.9930529,1
11.95045966,1.087008937,2.306724483,21.00573635,101.0115652,3.359566635,2.160493524,0.131556335,1.69188236,3.204137645,1.031278419,3.138986629,886.0143244,1
11.64992326,1.633829851,2.634282048,25.96562883,88.02212289,1.934158544,1.617794941,0.401741709,1.303390589,2.588981524,1.368598766,3.204771758,561.9924694,1
11.80493656,1.443518925,1.997786759,20.79390852,85.99073559,1.957622912,1.627576313,0.29971543,1.570181135,1.950868703,0.96580107,3.307021192,495.000459,1
12.29017884,3.183949805,2.236329202,18.01529807,87.99989971,2.853932286,3.006492055,0.450586167,2.816814878,2.311396947,1.393467939,2.837653821,405.9973469,1
11.83238567,1.693572085,1.875956467,19.49110055,85.9922741,2.459191424,1.629222771,0.33785084,1.453964425,2.065730604,0.931773524,2.451726323,414.9778374,1
12.78584811,2.647240028,2.456526912,22.00147632,112.0042144,1.495829098,1.348547296,0.245144537,1.250721819,10.76178908,0.472161544,1.461356251,480.0110656,1
12.87483889,1.331510345,2.330850678,17.99915497,121.9984784,1.506884872,1.233294334,0.199638532,0.973269646,4.121941701,0.777333549,1.311877117,630.0232444,1
13.05673049,3.907594653,2.388771889,21.50569389,113.0198719,1.402080278,1.39736624,0.357528441,1.157982359,9.444290953,0.559519085,1.327810075,549.9666415,1
13.82928396,1.728910323,2.418643452,13.96138057,110.9905244,3.857082406,3.761885874,0.320672509,1.883405068,7.079645604,1.008636316,3.285088824,1189.999861,0
13.22105664,1.767124488,2.166467823,11.22780309,100.0126528,2.636987538,2.759800891,0.277462479,1.279358782,4.386293722,1.058239894,3.414337886,1050.01957,0
11.66523502,1.678521297,2.605995922,25.9786665,88.01601012,1.928160524,1.625388476,0.381927251,1.321842385,2.596617848,1.361733369,3.208897239,562.0109074,1
12.46466915,3.078626776,2.657638128,27.02296443,96.9796564,1.89688146,0.566800343,0.622437671,1.118235098,7.509309417,0.677152706,1.697567983,879.9827815,1
13.06154461,1.624916064,2.5547005,18.02708074,98.02034614,2.465261996,2.441027483,0.323651685,1.421563927,4.222427406,1.114304536,2.54275943,1104.991761,0
12.04908086,4.328567627,2.406034812,21.9755571,79.98468932,2.094119257,1.780941801,0.422949304,1.351914386,2.641329353,0.790468233,2.537632953,580.0064531,1
14.05653787,1.632839563,2.244968191,15.99327778,125.9661591,2.987327726,3.182917517,0.257852042,2.111610414,5.601896763,1.099451499,3.694491995,780.0200368,0
12.31649993,3.838647408,2.409662941,20.99663809,88.00767185,2.263345333,0.933973778,0.530967428,1.035415762,7.653386081,0.516070965,1.578253499,520.0338605,1
13.24581897,1.966826965,2.689350382,16.79445263,102.0190746,3.031385722,3.228750403,0.323688161,1.618827278,5.984719374,1.079578479,2.826218036,1269.984442,0
12.93470467,3.797528713,2.606231541,18.61767382,101.9768519,2.400492215,2.386556268,0.251823805,1.986178887,4.503545925,1.019136714,3.489572605,770.0016911,0
11.68622292,2.100846135,2.48493281,21.61918635,83.98782939,1.952499993,1.681658544,0.457103213,1.343320109,2.84887549,1.008234431,2.758245291,680.0030357,1
14.05435758,2.023587018,2.402012806,18.80179735,103.0176197,2.766272857,2.913583852,0.307545376,2.385450201,6.222462221,1.06872459,2.728286821,1059.990759,0
13.70288199,1.390383349,2.496492865,16.70986093,107.9943878,3.412107302,3.691012185,0.192935927,2.008949265,6.816573812,0.879338633,2.866832312,1284.985604,0
13.40216165,4.624294064,2.86831668,24.96153353,111.9853267,1.983452361,0.960511869,0.27107587,1.09885943,8.513227234,0.673763697,1.902221345,630.0039945,1
14.41822104,1.860023227,2.410249764,11.95932557,102.0139235,3.352662452,3.656115372,0.294711494,2.946374213,7.519483836,1.203208973,3.001546527,1546.992519,0
13.34084604,3.875209844,2.472074523,23.04137928,101.9610148,1.822039537,0.768005998,0.405207611,1.441341715,7.303181239,0.709494965,1.566193728,749.9938518,1
13.03696102,1.713426895,2.060482487,12.37566845,91.99439916,2.709217736,3.269306425,0.153571627,2.913280154,7.230275816,1.100833098,2.900760844,1149.972543,0
12.71945434,1.728578105,2.281903482,22.50710914,83.98324375,1.373235889,1.730980835,0.495159668,1.610116135,3.316357694,0.86029777,2.42500122,488.0173068,1
13.73907584,1.698877063,2.233132846,16.38128152,117.9776033,2.608001835,2.91265357,0.196112478,1.587725744,5.869158438,0.900554075,3.190965518,1059.977965,0
12.34859171,1.135680538,2.160267107,18.98673378,86.97117294,3.50998524,3.078669843,0.186894471,1.848275836,4.487947268,1.212955659,2.879428991,420.0008251,1
12.84424946,1.354849597,2.347665072,17.98850118,121.9611478,1.509307926,1.269424852,0.182751646,0.94312309,4.115118452,0.73764025,1.304794128,630.0158362,1
13.0535707,1.711509138,2.027234047,12.39388071,92.00280732,2.700941486,3.249714983,0.19460657,2.925508703,7.178444668,1.116711014,2.940008993,1149.978016,0
12.52156217,1.232679095,2.255329355,17.47897919,85.00376183,1.938861893,0.587108765,0.604008881,1.262222416,5.467316085,0.774973022,1.505231517,650.0236687,1
14.06292295,1.632609808,2.285284947,15.95787626,125.9965246,2.977126668,3.176276218,0.237295472,2.11170012,5.602849925,1.126142163,3.725878298,780.0008113,0
13.4748488,1.645033288,2.220680339,24.04053624,87.03767085,1.911349641,1.844247208,0.225946721,1.008908565,3.714301706,1.009428846,2.770314304,471.9755751,1
13.44458078,3.709388914,2.613971686,22.98839154,110.98681,1.690551886,0.928294083,0.413341835,1.456271537,10.6776954,0.841531134,1.538273363,694.9894698,1
13.83019471,1.57082727,2.590583398,19.96668445,115.0463977,2.945276795,3.414703909,0.360959466,1.705237633,6.580486956,1.138022089,2.600044909,1129.988563,0
12.86883163,2.996402495,2.444187636,19.98467604,103.9953922,1.310313854,1.221708895,0.221429045,0.806899547,5.389560459,0.728453632,1.410041975,530.0082036,1
11.65477608,2.079735878,2.431304585,21.597736,83.98182296,1.928186409,1.676205644,0.455306528,1.318376248,2.831638254,1.012996711,2.735709899,679.9971531,1
12.37850595,0.958751023,1.314551457,10.62680244,88.0303365,1.945482081,0.59011942,0.282555883,0.425099561,1.952564983,1.031288333,1.829812087,519.9864762,1
14.76702429,1.71821535,2.396846514,11.38801848,91.00938469,3.098821373,3.731963422,0.408825382,2.785830476,5.349583662,1.235528428,2.727776272,1150.013764,0
14.82813757,1.680374288,2.192373219,13.99505537,97.00385643,2.776892679,2.964597173,0.283163242,1.976786759,5.176857291,1.075904986,2.864133785,1045.020827,0
12.09768116,1.356453729,2.316346408,23.62241859,69.97965153,2.223302996,1.562027756,0.402652379,1.373457008,1.746253601,1.06839567,3.212962719,624.9907131,1
13.81299715,1.759105905,2.431600738,14.00136964,111.0128103,3.877169188,3.736497602,0.339216196,1.833896626,7.066480168,1.002620067,3.266466828,1189.9847,0
12.04082662,4.296067145,2.359537596,22.01819471,80.03068897,2.120878564,1.763722677,0.436818809,1.320838099,2.603535729,0.795401498,2.580403513,579.9560443,1
13.04105163,3.869251263,2.278310428,22.4752816,84.97997641,1.663217277,1.58943235,0.636939614,1.596290792,4.786096662,0.842874355,2.051936234,515.0405111,1
11.99303191,1.497471915,2.428049431,21.98589264,85.96757835,1.437775877,1.245039824,0.516563996,1.603314207,3.565114721,1.047168075,2.670055827,449.9704073,1
11.49106341,3.778870622,1.807733039,19.53179109,106.9728255,3.159888518,2.576653542,0.200318501,3.552752924,2.904436069,0.751626277,2.793876337,562.0097924,1
12.76048069,2.403138678,2.280501455,19.49216766,86.03460379,1.363819197,0.534934193,0.442686203,0.668949196,9.907398154,0.589540025,1.603629982,470.0100741,1
14.07838528,2.143540968,2.617055216,17.57162478,121.0192626,2.553732424,2.517274794,0.292184052,1.27747683,5.098999595,1.083703134,3.567367983,1295.035722,0
13.38596566,3.899135626,2.485965258,23.00780723,102.0183168,1.821111975,0.784072613,0.411804018,1.423965528,7.30162975,0.71266485,1.550146645,749.9906046,1
13.50445912,1.818889735,2.649124647,18.98276702,109.9750448,2.354974089,2.518956545,0.272418042,1.509180124,4.167447323,1.102505734,2.819968634,1095.016804,0
12.0017288,0.887482406,2.002450304,19.02060224,85.99422504,2.464761875,2.255403563,0.295888868,1.409241872,2.460969399,1.361046415,3.13774972,277.9824319,1
12.98325869,3.472641422,2.324342374,18.52851492,105.9517675,1.349604397,0.675683469,0.410051944,0.931936567,5.301411196,0.687561197,1.728362238,675.0145129,1
13.92182092,1.734690693,2.2845332,17.42213323,108.0041967,2.875824033,3.548995181,0.274963169,2.086400817,8.870906219,1.090040398,3.098342004,1259.98948,0
11.80298484,1.699806724,1.910678483,19.48027794,85.99580251,2.495987574,1.650949022,0.360802224,1.416552899,2.045092313,0.938833294,2.405737342,415.0110158,1
12.86785139,3.010333106,2.389040538,20.00743364,104.0350963,1.317184221,1.220082045,0.232113675,0.841097075,5.37768689,0.754950052,1.401238296,530.039312,1
13.19751798,1.753884411,2.08702279,11.18873734,99.98132074,2.623608255,2.732203153,0.238660728,1.286227654,4.389020333,1.050812523,3.38741399,1050.007614,0
12.69163143,3.552856594,2.381709274,21.50010889,106.0235631,1.708968261,1.221665933,0.1954905,0.848736747,4.975242027,0.826381447,1.286302982,599.9525635,1
13.76745043,1.865951273,2.702639666,17.10079498,114.9889652,2.98732545,2.760843606,0.419852017,1.68201364,6.290984947,1.131860223,2.904571756,1375.010945,0
12.4574901,2.549387379,2.267764885,21.97759121,89.94328267,1.704068392,1.838228745,0.680587843,1.425337036,2.679792956,0.86231266,3.324125126,315.0105054,1
14.38639459,1.918628891,2.547401114,16.77384125,112.9665297,3.827571725,3.487262909,0.239157698,2.150929412,7.806757309,0.866255969,3.440607488,1480.001967,0
13.79076625,1.903117628,2.69541353,17.11481523,114.9732007,3.037182453,2.782613074,0.378303347,1.73311007,6.293449558,1.110698926,2.916379342,1375.005907,0
13.18038952,3.584047189,2.152149651,20.9827272,101.9998189,1.497135443,0.555618692,0.406565186,1.289872115,4.039125597,0.589784034,1.65301594,829.9741425,1
13.25196238,3.969956353,2.315019379,17.50540067,103.0308314,2.638870268,2.598413128,0.338607587,1.650929458,4.341135241,0.848928849,2.99496495,680.0173966,0
13.67632396,3.279978989,2.560419807,19.97505848,107.0523863,1.802855388,0.554893502,0.503013251,0.782547934,5.91550101,0.988037076,1.810434027,680.0113769,1
14.75435113,1.7012472,2.3858235,11.40472796,91.04033699,3.099848969,3.70150967,0.432391279,2.814933356,5.418203794,1.249249791,2.712860077,1150.017063,0
11.61477596,1.989452018,2.234317931,17.99778194,98.02538658,3.02605668,2.236379359,0.146426357,1.335997498,3.201712502,1.146529646,2.966186248,344.9975169,1
13.89745054,1.685327207,2.11776982,16.00906059,100.9938827,3.092474148,3.376391692,0.234038035,2.108939358,6.0986596,0.917688671,3.357732181,985.0138709,0
14.38045587,1.853421441,2.379259196,11.98111741,101.9779855,3.306669503,3.622635331,0.276884153,2.984993479,7.467255306,1.173327652,3.031470445,1547.029071,0
14.19742286,3.99589064,2.512139543,13.19338449,127.9895549,2.97127596,2.99570235,0.216719968,2.054306988,5.091190368,0.887281182,3.498858808,760.0013595,0
12.72219341,1.812827407,2.168286423,18.79673227,86.00762935,2.226085441,2.532522804,0.275148893,1.767323049,3.887532359,1.179795822,3.136010178,713.993191,1
11.47579152,3.709191619,1.82288204,19.47328337,106.9889467,3.158046744,2.634515701,0.232321444,3.590544306,2.913080115,0.78058301,2.803088178,562.0133323,1
13.83157397,1.729848085,2.423856981,13.99762314,110.9898242,3.837263934,3.734066439,0.309533993,1.874024971,7.070686357,1.016305124,3.26538181,1190.006033,0
12.84164068,1.58178572,2.543456526,17.82684474,94.97628625,2.485642546,2.344655002,0.261160476,1.470358168,3.916209096,1.081233882,3.645468588,1014.989254,0
13.23192844,3.317544201,2.292795259,18.4957502,98.0404771,1.78410508,0.819315144,0.615029337,1.860205711,10.53275533,0.558151754,1.49854718,674.9895372,1
13.00840126,5.805609528,2.145068367,21.49891921,86.02827195,2.630805943,2.668259922,0.320286548,2.01333124,2.594130399,0.759425117,3.08759422,380.0141761,1
13.56735995,1.696946471,2.320191671,16.18154131,117.0125161,3.162502109,3.294966137,0.33348536,2.329194695,6.106837698,0.951692648,3.402843021,795.0080245,0
13.81364426,4.116746482,2.394759509,19.51319825,89.01213514,1.776538589,0.85593016,0.457383126,1.537537262,9.010811249,0.566694775,1.650612628,479.986447,1
14.36944782,1.886989932,2.391447225,11.99321054,102.0401907,3.334455938,3.660973938,0.308463571,2.953729717,7.48395806,1.216435641,3.020110782,1546.99316,0
13.03251114,1.773108694,2.100867611,17.01338168,106.9465416,2.986367658,2.981437595,0.278596903,2.01780256,5.043011759,0.894063582,3.33575333,884.959269,0
12.18519406,1.444384259,2.505616822,18.98079671,103.9631879,1.878016873,1.769609801,0.472428229,0.996663777,2.936572941,1.460512182,2.257893252,354.9964357,1
11.63801134,2.069719904,2.445517069,21.58112305,83.98697717,1.955848451,1.70776558,0.440274659,1.374207993,2.807559085,0.980519181,2.734557887,680.0159113,1
12.29256322,1.630493216,2.238229817,20.38557244,103.0117591,1.079172477,1.024828228,0.369237306,1.45173216,3.066688259,0.910128904,1.843605963,870.0333578,1
14.83938269,1.653847521,2.159953871,13.98720513,97.00100575,2.805137365,3.003511508,0.297756088,1.99029232,5.201074228,1.070554981,2.834459086,1045.016254,0
11.68146368,1.684269934,2.575776323,26.01457507,87.98164982,1.939101744,1.628056189,0.411452906,1.322675703,2.604798642,1.377711756,3.221445873,561.9947177,1
12.38463234,1.647921291,2.291842451,24.50110473,88.00388073,2.221203973,2.467342091,0.405758177,1.8713176,2.134083594,0.882541824,2.773890219,342.0003044,1
12.60891926,2.444304017,2.233521902,18.46507971,93.99018169,1.596663997,0.641322985,0.63722545,0.900799647,7.074054314,0.735283068,1.567337403,694.9923627,1
13.6392997,1.259557304,1.941489994,17.98513093,93.97909251,2.092316387,1.795673482,0.317213986,0.731745826,3.823114724,1.248390902,2.513179226,629.9945087,1
13.47337157,3.590305649,2.175218739,19.49079806,87.99788044,1.656173073,0.482466721,0.537423454,0.901747221,5.704309891,0.815990212,1.815287561,580.0033364,1
11.98857173,0.906710153,1.980674071,19.02071755,85.97757916,2.425089548,2.231072111,0.286230134,1.429965771,2.502625225,1.372667718,3.119696335,278.0062474,1
12.6045587,2.435180034,2.234262123,18.5086029,93.99141712,1.653826161,0.669611187,0.627884591,0.919002894,7.13746274,0.71936692,1.620432583,694.9746485,1
12.81534261,3.273047642,2.61142557,22.0282541,106.005461,1.651650487,0.617204882,0.616588245,0.932574988,5.549162877,0.840009113,2.086680138,570.0022427,1
12.86663227,3.295968847,2.581583718,22.01995984,105.9603466,1.655829956,0.61914579,0.575007065,0.981812578,5.604434334,0.841970506,2.091728959,570.0432115,1
13.70307988,1.861080344,2.374284512,17.2231746,104.0248477,2.446257639,2.697736245,0.443299875,1.971071207,3.821424734,1.20746787,2.881345391,989.9970688,0
12.38336914,4.440903175,2.727383185,26.54335441,101.9907885,2.193132294,2.125554274,0.440102544,1.740684198,2.058256798,0.938795516,3.181615916,365.0063387,1
13.23051267,2.592478178,2.888759152,21.03125175,117.9913978,2.845500144,2.681837144,0.382842954,1.858234937,4.28141264,1.007050788,2.944149293,735.0339614,0
13.52766671,1.697414656,2.305967599,16.18015302,117.0240063,3.12771978,3.315617438,0.388173512,2.321872244,6.116480519,0.911848755,3.394755621,795.0390397,0
13.30390737,1.744227348,2.127807682,17.00169922,93.96704591,2.380958364,2.191342239,0.297719941,1.39070775,3.973325172,1.012633277,2.754109076,1285.033027,0
12.51940644,1.225426501,2.258330875,17.49225212,85.026696,2.009802031,0.631644531,0.583042692,1.256309185,5.421951883,0.725674565,1.487397547,649.9863064,1
13.8548099,1.499600054,2.702588883,25.00538886,86.01738483,2.924595143,2.835694136,0.193591371,1.881545563,3.366078206,1.357238018,3.141146276,409.9922634,1
14.13101255,1.464436023,2.320766076,16.79716333,94.99344044,2.217453452,2.402266301,0.259436021,1.560619175,4.97706929,1.14059605,2.804209315,1279.968361,0
13.65036159,3.257989581,2.541134049,19.97615176,106.9890161,1.819484818,0.55125902,0.480124615,0.831502067,5.874253419,0.964220149,1.810857531,679.9704077,1
13.67180261,1.788736102,2.374447425,17.22609592,104.0059913,2.418925064,2.644590023,0.469428963,1.95019273,3.808183651,1.222879597,2.87798578,990.0010364,0
13.90884185,1.706819669,2.107849695,16.01310835,101.0131737,3.120371026,3.378449015,0.239006003,2.135076381,6.046073642,0.926129955,3.328567538,985.0133268,0
13.52351832,3.10433566,2.598329427,23.96531208,123.0373463,1.443688251,1.567889216,0.233085732,1.235784822,8.594568719,0.590539149,1.350399912,499.961355,1
12.6680829,1.385479175,1.971306836,16.79653601,99.9825752,1.994130239,1.411324478,0.60122266,0.656315108,5.760308593,0.968911455,1.610994795,449.9501688,1
13.26133035,1.623560957,2.852698544,15.49189939,110.0050854,2.600441088,2.665351994,0.373550679,1.358367742,4.597166254,1.090216548,2.732560824,879.9879553,0
12.34946722,1.053509785,2.137677808,18.50029927,88.01279685,3.542248001,3.770459844,0.233468361,1.98023479,4.491137711,1.001164983,2.76465934,659.9802749,1
12.7562548,2.407252503,2.29874879,19.450591,86.01438675,1.37767739,0.526394859,0.486464499,0.652641638,9.877553062,0.55550683,1.59013806,469.9518252,1
11.8103692,1.715307839,1.901996611,19.50594744,85.96794256,2.511206289,1.639989385,0.392339323,1.40648246,2.0551266,0.951654968,2.450115329,415.010105,1
13.51628828,1.815852301,2.632282703,19.03165883,109.9956936,2.365880353,2.511131934,0.323593388,1.534742712,4.18647549,1.064294511,2.888718975,1095.008559,0
12.06074625,2.101730471,1.733975892,17.47619312,97.01025686,2.231096194,2.192057466,0.263669711,1.428465314,3.320058333,1.306489734,2.937050514,710.0044771,1
13.39748318,3.93173087,2.503796001,23.01891019,102.0090517,1.793010171,0.738205773,0.416608554,1.411415894,7.316556453,0.694653375,1.567701656,750.0278666,1
12.858823,1.370345366,2.312166687,18.00923665,121.9742641,1.524139641,1.2620978,0.190663045,0.981655191,4.109478544,0.742050562,1.268823558,629.9890997,1
14.23078152,1.695071447,2.459606167,15.60752607,127.0125062,2.799535102,3.05447909,0.285844936,2.283092264,5.5972215,0.985613279,3.922802193,1065.047344,0
13.23774773,2.559280565,2.926456889,21.02948076,117.9969984,2.7813344,2.686100392,0.399191901,1.797444588,4.322822162,1.028874958,2.912901562,735.0008096,0
13.31124796,2.57629944,2.375898432,20.00202632,89.02055211,1.385440119,0.532697271,0.379662876,0.62531829,5.585769126,0.694856772,2.457858583,780.0163465,1
12.34366688,2.449961406,2.47536138,20.99309477,97.98284818,2.550108357,2.128525292,0.35744813,1.317975911,2.813730743,0.796458645,3.40453657,437.9988287,1
13.40385997,1.804751613,2.64743601,16.07234265,92.97699654,2.819974941,2.915563859,0.34998647,1.464506881,4.827424618,0.90503869,3.205646104,1194.994094,0
12.26239319,4.694323605,2.540978883,21.0007802,89.00817115,1.411357234,0.459797991,0.515213553,0.829579634,3.851724361,0.777822598,1.270279721,720.0202532,1
14.36658792,1.873175859,2.341959246,12.01424339,102.0234297,3.29726842,3.642327056,0.278454374,2.953149767,7.505360769,1.170005102,2.988278514,1546.986318,0
12.03680611,1.321424092,2.310836963,23.57245835,69.99918112,2.211555758,1.57023609,0.425611298,1.373334132,1.74317574,1.086147587,3.20765363,624.9877972,1
13.38524265,3.824051927,2.116057191,18.85940097,89.99391896,2.448019744,2.69362565,0.254355027,1.469176104,4.288688038,0.914568784,2.99324684,1034.966884,0
13.03962514,5.816180916,2.141601884,21.50282522,86.00586284,2.64046106,2.652215163,0.31430748,2.018858308,2.595416174,0.743327256,3.083010991,380.0106365,1
13.66382013,1.271953066,1.955447674,18.00478987,93.99677877,2.096386344,1.77312298,0.31231161,0.706175635,3.836384609,1.202124516,2.445316194,630.037706,1
12.49392268,1.484020902,2.171837906,18.98771953,161.9710228,2.474742985,2.274527906,0.285916347,3.264609909,2.589497022,1.167252842,2.645682248,936.996463,1
13.83887094,1.632901263,2.608963412,17.193103,94.00370939,2.464074151,2.942426953,0.244418723,2.284197332,5.61013176,1.279067965,3.387340927,1264.981406,0
12.46394153,1.508070678,2.215888636,19.01835516,162.0213327,2.512780492,2.300560012,0.282413102,3.258484457,2.603245018,1.140398389,2.620607211,937.0471859,1
12.84422484,3.015673747,2.393736898,20.00249566,104.0157995,1.285770848,1.220032055,0.221889209,0.848384281,5.385223436,0.750333725,1.423530112,530.0123172,1
13.48318986,3.097677913,2.637106993,24.00070764,123.0043662,1.409771919,1.574736717,0.203516402,1.247596861,8.603776311,0.574292178,1.311803041,499.9853729,1
13.54544528,3.176209003,2.73300516,23.49921159,97.00674823,1.567109796,0.554286948,0.48278103,0.515165466,4.341028591,0.892703283,2.084856618,519.9927782,1
12.20746435,3.043924111,2.309035168,19.00749363,95.98582432,1.246668812,0.505328418,0.409096753,0.703447749,5.538675777,0.680391315,1.845073604,509.9924069,1
13.83992154,1.885224495,2.807369265,19.4241196,106.9704587,2.944404591,2.967854401,0.379673182,1.792091454,4.456824619,1.248233143,3.418323699,915.0148479,0
13.4888087,1.795383643,2.411443461,20.51831432,99.99113212,2.725201419,2.980383407,0.256695371,1.862464132,5.116013171,1.062948908,3.466669375,919.9790887,0
13.73064007,1.756671466,2.387984132,15.98567474,89.00426059,2.647708233,2.77457357,0.318513266,1.843603691,5.597491003,1.18023931,2.901478968,1320.044224,0
13.46226293,1.669757822,2.638752298,22.51956734,88.98422815,2.609078541,1.126348117,0.517184741,2.255459291,11.77508226,0.608518432,1.78636846,620.0050795,1
12.31322367,1.596918464,2.205463531,20.39126626,102.9843342,1.09523219,1.040740418,0.368793237,1.475898358,3.076315603,0.921820058,1.825945909,869.9575514,1
12.68644796,0.988606489,2.270505706,18.00477338,99.01902546,2.193847311,1.956914525,0.296299446,1.441520881,2.614316951,1.25555408,3.154068515,450.0296901,1
13.28937794,1.703069833,2.155682071,17.01535148,94.01365354,2.407345747,2.198055854,0.268612262,1.349728126,3.940112264,0.995158139,2.758370206,1285.007897,0
12.35990831,1.210938924,2.596603478,18.07468025,97.99462536,2.4226239,2.639301593,0.401457329,2.062097376,4.630621368,1.2166273,2.332573681,678.0175065,1
13.39601403,4.608321384,2.850296437,24.99068605,111.99378,1.957833798,0.972571577,0.259771526,1.113659845,8.488313515,0.657775438,1.931088832,629.978674,1
13.06228831,1.771129645,2.13157059,16.94322338,106.9940718,3.013265872,2.992639608,0.287424044,2.051912731,5.006928616,0.80699446,3.395893603,884.9605875,0
12.63644603,1.391995987,1.971508624,16.80368611,100.028265,2.009443278,1.435470573,0.514070306,0.652100877,5.791828674,0.978049712,1.570827742,450.0053393,1
12.71736974,3.51358767,2.387921002,21.4880497,106.0330911,1.70378113,1.166464649,0.182457556,0.859661848,4.969650525,0.770939897,1.283887489,599.9987378,1
13.26770114,1.735171687,2.134223917,17.00202986,94.01913035,2.40384473,2.199258295,0.280878496,1.362087894,3.921126111,0.997671019,2.76845757,1284.977281,0
13.25399316,1.778718956,2.150792711,17.00953079,94.0178835,2.364857248,2.212010326,0.259682292,1.337264152,3.933502916,0.994045747,2.801959494,1285.010202,0
12.68739108,1.73257207,2.291796,22.52230043,84.01357297,1.359471345,1.771953699,0.455475234,1.616259242,3.316587689,0.878223566,2.430093192,487.9772528,1
13.21593431,3.982339308,2.332074772,17.51090264,102.9909346,2.652328821,2.617147758,0.345094115,1.667752494,4.384694439,0.808754675,3.006576086,680.0033867,0
13.07693064,3.882819596,2.338193989,22.48915108,84.98578595,1.63272014,1.56659745,0.577478346,1.606281832,4.81565398,0.826987239,2.032276091,515.0138316,1
14.02590564,1.666641977,2.229198175,16.0034685,95.98740015,2.645874493,2.319651499,0.244220145,1.977824268,4.702416444,1.008816936,3.588276291,1034.999593,0
11.92471556,1.053810099,2.281741943,21.01025344,100.9897196,3.37045689,2.098914962,0.125401186,1.666589839,3.205076496,0.978607021,3.122488258,885.9893085,1
11.79010887,2.156511934,2.799221915,28.46035227,92.03256231,2.11937225,2.189537278,0.55585056,1.78465308,2.975722786,0.953660607,2.434991253,465.9896233,1
12.03820693,1.507548207,2.439295581,21.99088216,86.01358385,1.414422897,1.220638786,0.473884084,1.65014111,3.598295864,1.061944968,2.647359001,450.0318749,1
12.40592231,1.612211351,2.277583952,24.54722753,88.01613419,2.230304424,2.474902567,0.419456739,1.907047061,2.129255335,0.894718067,2.785784959,342.025834,1
11.46303376,2.392973295,2.429205697,19.99804372,96.01917437,2.885226517,2.769542276,0.300042238,1.81283175,3.285705752,0.783086729,3.360869821,625.0108435,1
13.42576914,1.734792278,2.60600021,16.12124739,92.97197439,2.82937256,2.979579651,0.346274649,1.45657568,4.833382616,0.924979631,3.218159215,1194.996038,0
11.4458404,2.415457758,2.439586579,20.00068394,95.97687952,2.865300906,2.768752557,0.332432842,1.844690546,3.256576228,0.792623223,3.398869385,625.0087302,1
11.01654905,1.490768398,2.213699931,21.49235279,84.99854121,2.460181513,2.18891887,0.533434773,2.017781446,1.946963732,1.707171453,2.88141562,407.0049233,1
13.16746362,2.350568378,2.688466579,18.61682569,100.9829757,2.798233482,3.233951072,0.274069826,2.814427019,5.652286395,1.009392892,3.172707581,1184.982244,0
12.3461005,2.454731394,2.502492017,21.01915983,97.97454237,2.531529474,2.06354144,0.347560464,1.326570299,2.804094544,0.78068474,3.375664442,438.001885,1
12.57014645,1.308088988,2.076887727,19.99503082,103.0302739,1.490814677,0.56720493,0.55347387,1.410040013,7.590565812,0.583661831,1.554895633,639.9979242,1
12.24558589,4.713797744,2.551985395,20.99199301,89.00387412,1.354546299,0.491123882,0.547158751,0.850254895,3.877073303,0.767612029,1.2835721,720.0032017,1
12.64902284,1.350776648,1.994849695,16.78910562,99.99720473,2.001697442,1.407179342,0.56097886,0.619203607,5.754898488,0.999485519,1.554738029,450.0159303,1
13.75836393,2.749263472,2.305809914,22.01360113,90.02496281,1.341001306,0.655111948,0.429876528,1.003528304,9.579630172,0.685000518,1.672076031,615.0022532,1
13.07072613,1.742876854,2.044390183,12.39311289,92.0040671,2.707211756,3.243251326,0.188621729,2.918887764,7.195092255,1.151761009,2.908023207,1149.986928,0
12.72147688,2.370216714,2.260481509,19.49842219,85.97674825,1.378577799,0.498851245,0.451360311,0.629519001,9.898988666,0.620826202,1.655055153,470.0332135,1
12.76927002,2.644995877,2.479930846,22.00685359,112.0071158,1.457399617,1.341512651,0.241737356,1.28831177,10.82735798,0.465638194,1.445531082,480.0428476,1
13.7102683,1.44943867,2.520387262,16.73773118,107.9903792,3.421375222,3.635456088,0.172458161,2.039868849,6.809709197,0.909890378,2.868676058,1285.007665,0
12.43620235,1.598039109,2.186331521,22.47852749,107.9825196,1.991272885,2.075286041,0.358680717,1.613139746,2.064934612,1.024976289,2.970037546,344.9746857,1
13.50232726,1.658607211,2.631325494,22.51203911,88.9807172,2.620746909,1.101339603,0.515525016,2.283800016,11.73261911,0.521413158,1.745196751,620.0063453,1
12.47790933,1.502471284,2.191813149,18.96559426,162.0215648,2.491605107,2.26240809,0.35239675,3.244125976,2.604841472,1.171979882,2.664616594,936.9810227,1
11.73058458,2.658336974,2.912863736,19.99913332,103.0016618,1.721677002,2.058728908,0.623206257,1.064065321,3.769509897,1.256104252,2.490966242,607.0281947,1
12.65774654,1.31858882,2.031541031,16.81025743,99.98214181,2.050483042,1.442776397,0.511669986,0.631506431,5.760245069,0.983794703,1.605019213,450.0313703,1
13.86345519,1.644669644,2.634369383,17.20642695,93.97146081,2.459544259,2.974725039,0.220802354,2.284139014,5.586207932,1.230404093,3.374479813,1264.96541,0
14.13990338,1.456739241,2.314681975,16.82947521,95.02197522,2.183316503,2.482199033,0.2481898,1.582966126,5.009991437,1.158127141,2.816958663,1279.989881,0
13.04862672,1.507399768,2.123341412,15.46588625,98.00538685,2.406522462,2.656681309,0.292777251,1.387415335,3.70118325,1.170186804,2.697980138,1020.012378,0
12.07624166,4.299734402,2.408298589,21.97861613,80.0294065,2.094806986,1.749681624,0.370143785,1.36637736,2.602623723,0.798019699,2.562047182,580.0004869,1
12.82682889,1.351772093,2.317166666,18.01111004,122.0367923,1.485823268,1.256801403,0.208460476,0.96724288,4.115577681,0.72033348,1.264892441,629.9889245,1
11.7552373,2.682072788,2.9154203,20.00797691,103.0244485,1.734582242,2.027519817,0.549397218,1.064215977,3.780833462,1.248990306,2.530200088,606.9968647,1
12.08399458,2.08115223,1.693044941,17.51583509,97.01855293,2.261570214,2.155306325,0.283646843,1.434623665,3.319559269,1.258307062,2.969818263,709.992304,1
11.74756225,2.675489895,2.916540585,20.01603246,102.9986473,1.738350601,2.000208532,0.58415071,1.036736998,3.792834193,1.250873953,2.506672298,607.0121455,1
11.98777096,0.905030172,2.003591877,18.96047616,85.98924652,2.427315233,2.223474063,0.296714959,1.427564493,2.482240879,1.372666677,3.102081482,278.0485962,1
11.77703601,2.687596518,2.917482642,20.0157273,102.9897521,1.700392533,2.050861052,0.607972836,1.046788276,3.836908859,1.21320057,2.495222329,606.9797467,1
13.19910975,1.768588122,2.121107004,11.19169852,99.99971501,2.627046568,2.729051686,0.277521256,1.307436455,4.369998093,1.058550721,3.382768155,1050.007298,0
12.04327797,4.310770611,2.360460478,21.96952079,80.0041493,2.106123312,1.743482817,0.410833451,1.37573906,2.601312977,0.781898642,2.59724828,580.031915,1
13.80857382,1.930564475,2.674862801,17.08433077,114.9832468,3.00189503,2.794381228,0.382733091,1.675257433,6.300399582,1.135515335,2.942668375,1375.011176,0
12.13876872,1.606780082,2.285751725,22.82099879,89.98376527,1.786530225,1.666969864,0.427675954,1.536107217,2.446430481,1.3598261,2.25333672,495.0027132,1
12.36186608,1.64823779,2.25925885,24.51405357,88.01139141,2.196124055,2.432043349,0.380115866,1.897363565,2.130888127,0.90053722,2.761049815,342.0158628,1
13.85545122,5.068738076,2.235849979,19.9752044,80.00004506,0.980747391,0.340169416,0.415968287,0.668231502,4.909526374,0.568908978,1.307724154,414.9894575,1
12.05458762,2.176962816,2.159800123,20.99097252,85.00724895,2.614400816,2.65757904,0.361817085,1.354310835,2.785825276,0.876454066,3.30531171,377.9894907,1
12.03816281,4.285121019,2.337988387,22.03754802,80.01265052,2.094172947,1.750135024,0.429879233,1.360220972,2.603967987,0.814927068,2.572175648,580.0016016,1
13.83078337,1.757417191,2.391162531,14.01360847,110.9851507,3.87471309,3.70842658,0.323332178,1.899400957,7.017036961,1.000174903,3.21622994,1189.965417,0
12.74797516,2.415349818,2.280239207,19.50033758,86.00869223,1.406368495,0.50769414,0.455281255,0.650546953,9.913836477,0.570159415,1.645147302,469.9827331,1
13.47962193,1.726089604,2.640055145,22.50150338,88.97352228,2.608353677,1.096075916,0.527851824,2.299892615,11.73704677,0.576570902,1.767829035,619.9991667,1
13.45522741,1.691863209,2.648229495,22.51550181,88.95713922,2.551552898,1.117351758,0.55108636,2.282534587,11.74222642,0.555952757,1.780272884,619.9783889,1
12.42294776,1.160320682,1.909944488,19.59486541,77.97228483,2.141843213,2.03230136,0.298589565,1.01109804,4.655164029,1.119052133,3.473559753,509.9837068,1
12.4191558,4.425740516,2.732068872,26.49967575,101.9298733,2.198124079,2.142776693,0.431533096,1.712205721,2.123309242,0.917936696,3.146108534,365.0209279,1
12.24603786,3.899459515,2.177931713,18.50452168,112.0111125,1.38271788,0.80495535,0.273355106,1.164496433,8.213236447,0.676235193,1.983098421,854.9627225,1
13.07537875,1.656402126,2.597293062,17.97599887,98.03231061,2.455097582,2.422259205,0.310582294,1.418058934,4.234594946,1.119716585,2.509671644,1104.966237,0
12.85767656,1.614700994,2.533634453,17.7849788,94.98040261,2.465916838,2.409213312,0.310027808,1.474178621,3.896927321,1.100650888,3.61314659,1014.946138,0
13.36662878,0.94747301,2.333142372,17.01205857,110.0066815,2.483422051,1.275409489,0.502651202,0.411568817,3.198251235,1.023434636,1.943935383,750.0117568,1
11.00422011,1.533591677,2.22221922,21.50861447,84.99676834,2.477881488,2.154173052,0.487691188,2.006150762,1.894834182,1.7366015,2.855988622,407.0035308,1
12.28330388,1.428158574,1.973963553,15.99928317,85.02655499,2.541044749,2.491160726,0.340881522,1.765848943,2.88433738,1.231429369,2.740232884,427.9955214,1
13.52366361,3.599909274,2.156431991,19.48254583,87.99901331,1.671492561,0.482294708,0.545724756,0.887179149,5.693936529,0.795520763,1.790785195,580.0240695,1
13.6401401,4.939944994,2.371947212,20.01191455,91.96435543,1.998230183,0.797480903,0.483166209,1.024134414,4.403669187,0.918845835,2.062240755,550.0123598,1
11.8325265,2.148059457,2.719703152,21.5104138,134.0079174,1.582800623,0.996699674,0.156414816,1.575359094,2.519816766,0.954185321,2.277801544,624.9767925,1
13.051615,5.823910159,2.109601574,21.53033913,86.04333243,2.608992053,2.616712661,0.31367966,2.012548978,2.612591664,0.692525853,3.111249884,380.0063271,1
12.23689292,1.209656708,1.761723682,16.80486605,150.9807754,1.878160417,1.247920413,0.157916154,2.51143827,2.829476176,1.285949639,3.080164921,717.9990818,1
12.66924449,1.500444896,2.237898489,20.68768431,79.98977507,1.335413227,1.485420486,0.541783921,1.622631364,3.068000571,0.927970222,2.052718901,494.9860989,1
13.11267626,2.338736756,2.661380182,18.57685801,101.0198348,2.787665706,3.245189139,0.316977698,2.795484843,5.682232297,1.007800378,3.171295532,1184.973349,0
12.8649452,4.612583472,2.487975804,21.49508263,85.99419489,1.661158333,0.668997528,0.437980494,0.861219761,7.60361403,0.515343636,1.854026384,625.0129394,1
12.97723962,3.453419175,2.379281981,18.50610386,105.9772096,1.410533655,0.703590257,0.417174678,0.941147734,5.303606261,0.662372024,1.737955483,674.9994585,1
13.84028947,5.011232496,2.21767091,20.03289781,79.99840215,0.974324224,0.334484401,0.420228311,0.667300202,4.882137748,0.577434844,1.346170807,414.9731843,1
12.10005919,1.353461987,2.302785303,23.57301733,70.01691559,2.245920178,1.595326885,0.387243862,1.434488728,1.774235492,1.06885122,3.228176045,624.9796081,1
13.86553879,5.03861585,2.259892131,20.0114739,79.98216514,0.978761756,0.368563078,0.427599658,0.688533014,4.898248623,0.536692899,1.342529931,414.9917817,1
12.88645016,4.621088806,2.495815079,21.46937105,85.99661961,1.729801878,0.646103475,0.469649159,0.880355876,7.652513613,0.547671878,1.853592337,624.9625976,1
12.47864494,1.534621287,2.205145117,18.94974436,162.010988,2.517148462,2.282827628,0.313639775,3.270131279,2.616664326,1.189735139,2.635047153,936.9700212,1
13.82719155,1.678171716,2.590260587,17.21304579,94.00397543,2.450844764,2.9592265,0.223113156,2.296742257,5.610456637,1.243316904,3.395792665,1264.957815,0
12.3721272,3.822166018,2.323037057,21.02630079,88.00104008,2.271312901,0.943394829,0.500587288,1.044753033,7.655528523,0.543694812,1.600588605,519.9853823,1
12.81031694,3.330040228,2.293494169,19.52764878,87.99678361,1.481937671,0.670793161,0.377206258,0.938974686,10.29745949,0.700539376,1.737999901,684.9686381,1
11.80877296,2.14679899,2.802518595,28.4973752,91.99223823,2.123949357,2.250492841,0.598709375,1.77225895,3.034385977,0.963808064,2.462105838,466.0022406,1
13.09560049,1.505236611,2.041428302,15.51559323,98.00475984,2.383208754,2.628345912,0.280148902,1.347627982,3.64341682,1.1706044,2.697210543,1020.012496,0
12.71778249,1.806473345,2.221999932,18.76754225,86.01810911,2.178363958,2.568159386,0.320885036,1.789723287,3.873178377,1.158439084,3.130898534,714.0062973,1
11.82333827,1.76369856,1.856845619,19.49508989,85.99611687,2.459953266,1.67691093,0.378570031,1.431845825,2.061556537,0.931055769,2.414446989,414.9832422,1
12.41198208,1.625188928,2.286616185,24.48825181,88.02746527,2.204861579,2.43023481,0.406468982,1.907174048,2.120632791,0.880463521,2.763699592,341.9517107,1
14.13354993,2.15724329,2.326225739,17.97848039,104.9827828,2.982838767,3.305734007,0.234092989,2.365575687,5.75399736,1.268083108,3.217101533,1509.991231,0
14.09232272,4.10867404,2.755521376,24.52525438,96.02738299,2.032784375,0.748050654,0.571507464,1.346853309,9.212701592,0.615997093,1.612014888,560.0086588,1
13.52370751,3.134149609,2.604575733,23.98861242,122.9722171,1.433748304,1.56593762,0.229339941,1.244527423,8.589462113,0.574797133,1.264080704,500.0398844,1
14.35529242,1.709861647,2.696394731,25.02156816,97.97081404,2.808767269,1.306332705,0.545091257,2.733143933,13.00018498,0.580029237,1.973961256,659.9764579,1
13.37626494,3.80544548,2.123675419,18.81185498,90.03283048,2.470163065,2.650843132,0.250254649,1.454171585,4.266440992,0.894033246,3.030079642,1034.9835,0
12.36539768,1.065179289,2.1310269,18.51536905,87.964858,3.534218896,3.815339232,0.239156876,1.957055372,4.500651138,1.08374607,2.795144769,660.0200422,1
14.3647517,1.832694531,2.469633308,14.58859677,96.0024298,2.490111569,2.545143091,0.273165214,1.952765262,5.240524051,1.017382838,3.573788441,1289.9819,0
13.5955611,4.957217786,2.371389964,19.97793103,91.99963292,2.011034862,0.746376124,0.448657692,1.009800382,4.418913132,0.937296152,2.047977997,550.016354,1
12.06648975,1.299941126,2.310390528,23.60111465,70.00107294,2.201641373,1.601755587,0.418846297,1.343154574,1.736130215,1.089879191,3.227555372,624.9996259,1
12.52353224,2.410624223,2.206720036,20.99026714,87.99571091,2.540437812,2.265321429,0.251136391,1.280889187,1.987240009,0.928849357,2.758869416,324.9667187,1
12.4171168,0.931906455,1.361287561,10.57750736,88.01386393,1.989578516,0.552021972,0.284123466,0.412150528,1.97136903,1.041895712,1.816531594,520.005112,1
11.76090326,2.655264721,2.911276664,19.99285316,103.0038982,1.756089648,2.037696237,0.594136453,1.046925395,3.805991457,1.220500645,2.482900831,606.978819,1
13.16307731,1.747014943,2.146008401,11.20571543,99.97556417,2.673192771,2.733617981,0.228234711,1.31280853,4.395750832,1.066354826,3.423414927,1050.000517,0
12.35558751,1.657213914,2.275305061,24.48816884,87.9742893,2.257920071,2.483203674,0.395963367,1.856639834,2.109968858,0.89037002,2.776626824,342.017875,1
13.86795474,1.680272975,2.092796538,15.96386099,101.001785,3.120445169,3.360064825,0.200331841,2.150926273,6.093907417,0.904690479,3.329584494,985.0167088,0
12.83283552,2.959117632,2.601359257,24.00004388,101.0106814,2.30613446,0.590178748,0.543855965,0.807842336,4.954724072,0.855734506,2.180325285,590.0004771,1
13.26444604,1.633297206,2.872526243,15.51251344,110.0041255,2.660401374,2.641947585,0.337848001,1.379640413,4.595050598,1.031384348,2.787858248,880.0204811,0
13.5170428,1.704167716,2.6869215,22.53546885,88.9991783,2.61438047,1.111023318,0.542572813,2.282430264,11.75171509,0.587333584,1.768398693,619.9985009,1
14.82484127,1.613632918,2.16744724,14.02371443,97.05391458,2.79616441,2.944548969,0.307720489,1.984779493,5.229447374,1.070581273,2.852671982,1045.013698,0
12.36021023,1.052686668,2.060247704,18.507929,88.03045865,3.529317935,3.757209866,0.195386041,1.958299818,4.47788601,1.05203701,2.811913905,659.9850441,1
13.87315918,5.031035473,2.21630552,20.03661507,79.99440762,0.985455146,0.354650447,0.425889481,0.685451229,4.892106281,0.574601275,1.330454731,415.003194,1
13.88260977,1.694687302,2.118158154,16.01981196,100.997198,3.111839492,3.395975714,0.190269117,2.125877728,6.089310516,0.937514707,3.322291687,984.9825695,0
12.84180926,1.364147811,2.303215005,17.99676174,122.0102346,1.518403327,1.281130639,0.174930836,0.98471859,4.101588964,0.748346991,1.247059865,630.0055817,1
12.86799448,4.610479045,2.44978427,21.50835729,86.00566299,1.718267333,0.649700792,0.493824473,0.868196444,7.639365438,0.551769321,1.883444546,624.9806497,1
12.77702782,2.694041996,2.471961637,22.00721135,111.9769437,1.489637828,1.325315234,0.217633335,1.261456277,10.81662608,0.464390637,1.489198138,480.0109527,1
13.75697838,1.878060852,2.655432802,17.09701961,114.9880688,3.020499551,2.752577265,0.390473697,1.662232705,6.258486038,1.135274942,2.932030122,1375.001333,0
11.9608218,3.467371646,1.980873056,19.03137837,87.02031141,2.006558142,1.65253467,0.380254169,1.880314896,1.305149146,0.933546206,3.060744623,564.0330427,1
12.33787249,3.821459981,2.385052219,21.02705068,88.02829523,2.304961106,0.930296433,0.502423674,1.053819052,7.676183396,0.573024799,1.586440307,519.9664255,1
12.80923959,2.67152182,2.463578353,22.00513969,112.010596,1.523367913,1.375263927,0.228910627,1.266085434,10.78466812,0.458929127,1.483457735,480.0126271,1
11.02313468,1.495079747,2.208239471,21.52764119,84.99569328,2.43041449,2.168566291,0.510238685,2.01333642,1.906051455,1.681787577,2.855700451,407.0064104,1
11.98176176,1.09242758,2.304904697,20.95492792,101.0063105,3.336408932,2.136134266,0.133075646,1.619251563,3.183919328,0.952803168,3.136987394,885.9906572,1
11.80245966,2.663178371,2.914753025,20.01330032,103.0075643,1.778044902,2.019582365,0.58023405,1.051207723,3.786781932,1.234337038,2.534935079,607.0002072,1
13.00195095,3.451377598,2.31913162,18.51081466,106.0028564,1.41397286,0.733578531,0.390608395,0.936322037,5.305696826,0.69886122,1.737578594,675.0046925,1
13.70044627,4.348030247,2.279753342,22.50193387,87.98483621,1.310885263,0.431571702,0.51757397,1.153093623,6.660586602,0.775124428,1.771081027,519.9653591,1
11.81208334,1.700738224,1.880646085,19.47895577,85.99253229,2.500789812,1.634806671,0.385584453,1.426307916,2.083436003,0.955408084,2.440689597,415.0312987,1
13.04260051,3.840890499,2.288813839,22.52431163,84.99249872,1.623918525,1.565643562,0.583023355,1.599598596,4.816839515,0.838670023,2.030738937,515.0115177,1
12.51513949,2.406746204,2.14255218,21.0136193,88.00963542,2.550611728,2.269800245,0.256553566,1.182585807,2.000167719,0.911855741,2.753965241,325.015444,1
12.3545369,1.087970594,2.11358468,18.50905028,87.98625137,3.523557785,3.762572222,0.217221537,1.948611036,4.481205673,1.057708604,2.808655834,659.9775481,1
13.15667186,1.936496941,2.757014097,25.49680984,116.0115067,2.161016939,1.27135104,0.249577575,1.547480361,7.087254322,0.635802834,1.337208373,425.039199,1
12.6708259,1.542457124,2.266511211,20.69542982,79.99783542,1.388982736,1.517721161,0.534578941,1.62056543,3.040321042,0.959625802,2.083113235,494.9873407,1
13.19877048,3.573385933,2.141775467,21.00249018,101.9656944,1.533449308,0.537384383,0.457543002,1.306615723,4.005778665,0.576528313,1.63876965,830.0088499,1
11.76435071,2.141879034,2.757689449,28.47352696,91.9910186,2.140698941,2.245367783,0.571103766,1.763198565,3.001765328,1.000055741,2.442623392,465.9848044,1
11.58597438,1.35968772,2.649074173,19.99138314,93.98285046,2.706640859,2.92245807,0.310753964,2.475442949,2.676318357,0.983423782,3.270409484,680.035255,1
12.70060473,1.820889206,2.209642736,18.81099195,86.00467727,2.198864013,2.571367491,0.261479699,1.760754594,3.896144393,1.118694331,3.159948754,713.9860193,1
13.7743532,1.903248386,2.642000324,17.11997058,115.0152393,2.965132919,2.758511122,0.397088956,1.685099053,6.327609999,1.143652965,2.919742274,1374.994628,0
12.89472504,3.278651983,2.576053173,21.96933559,105.9871537,1.631949626,0.584348092,0.577957589,0.956963347,5.57013878,0.8808776,2.111335877,569.9460756,1
13.62034768,2.600979195,2.665511405,24.5216194,104.9931227,1.556433945,0.854515807,0.416212687,1.564008403,8.635492596,0.727009978,1.79148409,749.9994492,1
12.34916976,3.889569869,2.407226056,21.02716888,88.03039568,2.300299612,0.942773753,0.520742196,1.048082157,7.628965179,0.570979121,1.574639975,519.9831309,1
12.37674818,1.198146523,1.968620801,19.61267206,78.01008398,2.121958782,1.993969577,0.264270751,1.029789023,4.662372757,1.106403625,3.499570746,509.9945782,1
13.67025561,1.856075267,2.407821059,17.20722759,103.9696504,2.42253923,2.666160179,0.424629983,1.992640518,3.854230241,1.239482238,2.868973749,990.0009815,0
13.35007091,2.571279756,2.336177197,19.99028577,88.99174598,1.401032213,0.507419916,0.380743669,0.65288701,5.583217763,0.716480482,2.482570913,780.0005864,1
14.03740309,1.621480456,2.299746018,16.01571875,126.0159834,2.982779343,3.14959523,0.256674194,2.112357828,5.661036265,1.098198649,3.705984861,780.0141524,0
13.89039675,1.660941264,2.074137576,15.996904,100.9972898,3.122750047,3.413376059,0.193966154,2.173677155,6.139639984,0.880908942,3.331409619,985.0214401,0
12.87501102,4.579019094,2.475521655,21.49462474,86.02630599,1.698704962,0.603221252,0.447270796,0.841199525,7.657511629,0.520741212,1.877203012,625.0100088,1
11.83730658,2.161873811,2.775918992,28.54565587,92.01137616,2.102258904,2.229806042,0.573307365,1.743523621,2.989598677,0.959458481,2.458273118,465.973976,1
12.59853022,2.448243393,2.210662483,18.49590962,93.96370695,1.601033172,0.654982742,0.620092273,0.97018938,7.151075882,0.741970942,1.579335748,695.006667,1
12.5129069,1.236825403,2.281629292,17.51325211,85.00873485,1.980909992,0.555865122,0.630888543,1.246464707,5.458645615,0.748082966,1.491390669,649.9636984,1
12.27438,3.873967848,2.195433176,18.47982463,111.9916232,1.362405981,0.78899708,0.284867451,1.1465386,8.222435374,0.658738476,1.997485542,855.0087164,1
11.7768695,2.113495285,2.818119653,28.49990335,91.99314922,2.142027969,2.24228557,0.563480231,1.753450706,2.990279873,0.977508065,2.430220163,465.9947535,1
13.70975725,1.816022041,2.382098602,17.21492235,104.0337076,2.429776144,2.671925967,0.42651014,1.95231667,3.854213552,1.234449522,2.905736933,989.9990196,0
13.26335769,4.265572836,2.272278015,19.99321733,120.0058699,1.599640079,0.680337561,0.416794511,1.355032755,10.182413,0.570307318,1.567085737,834.9896788,1
12.07941236,1.36237792,2.482085541,22.46443456,84.00177769,2.567431132,2.303993404,0.396640335,1.065228062,2.925461468,0.895161184,3.175581637,384.9977518,1
12.76800449,3.480914745,1.978724776,15.98349126,79.99450857,1.627268361,1.299516879,0.449709121,0.814465455,3.430069674,0.693102804,2.139772666,372.0046383,1
12.94625047,3.772887958,2.640805671,18.62497773,102.0005896,2.402455034,2.419475616,0.246487615,1.949132898,4.522117346,1.041935695,3.503813168,770.0173714,0
12.46924727,2.995840595,2.643452827,27.00601316,97.01277182,1.907367761,0.564343287,0.641438873,1.137875243,7.526398934,0.679968492,1.759227684,880.0508251,1
13.05336712,1.636239401,2.548064798,17.98779933,98.00810588,2.488751925,2.423900193,0.262806128,1.433431085,4.264530582,1.148341294,2.520450855,1104.976856,0
12.2215453,1.272641373,1.954327378,18.99511115,92.00819113,2.33751402,2.031170387,0.412952258,2.0995789,2.677618281,0.868956624,2.997120103,311.982506,1
13.02795211,1.71778542,2.039415028,12.40555816,91.97850277,2.745461206,3.233272675,0.183320132,2.902104393,7.179286104,1.124703762,2.880290298,1149.98473,0
14.04116028,2.15114075,2.615175951,17.61281278,120.9965704,2.607963142,2.539572883,0.289309033,1.262691008,5.036213108,1.030976341,3.5728637,1294.999577,0
13.41066843,1.722679569,2.59203451,16.05804968,92.97216455,2.846444746,2.925535887,0.352584055,1.428451799,4.835210636,0.946353764,3.222750789,1195.02782,0
13.41367378,1.748792575,2.621471797,16.10758241,93.06018455,2.86543562,2.922589165,0.338215074,1.464951902,4.774477416,0.93665706,3.240579199,1194.975274,0
14.03158441,1.603344272,2.240504343,16.01401529,125.9520741,2.976950536,3.180628285,0.213883482,2.10327193,5.643711834,1.077382551,3.676864774,780.0134101,0
14.0356848,1.688348671,2.223832904,16.00843903,95.98793559,2.655819271,2.337372109,0.269526347,2.016543207,4.724040382,1.067211092,3.580738594,1035.010496,0
11.81682211,2.121182106,2.764852564,21.47168418,133.997175,1.590392332,0.970877719,0.173873569,1.583569336,2.473522757,0.939292704,2.281153283,624.9663242,1
13.30397007,1.752377329,2.125230441,16.99609135,94.03136563,2.418903156,2.193612158,0.275129134,1.335380185,3.942435057,0.988005516,2.782120269,1285.005028,0
11.46307098,3.709432045,1.837101236,19.46738587,107.0146741,3.16223487,2.572490145,0.246914699,3.55736564,2.910745208,0.743191762,2.787687432,562.0421386,1
12.33040804,1.094597561,2.268617035,15.99761569,100.9868334,2.033708374,1.0809872,0.632605995,0.425838137,3.262552185,1.247891613,1.643027611,679.9703384,1
13.8823208,1.705203143,2.150048025,15.98121728,100.9953288,3.081352819,3.378634089,0.233175231,2.137736836,6.120030634,0.903103857,3.313044932,985.0127797,0
13.86641907,5.061934041,2.2069463,20.02474308,80.00162371,0.958312542,0.320130903,0.412937623,0.711142158,4.924292795,0.573866303,1.334787469,415.0255237,1
14.37352324,1.92680016,2.503303898,16.84535841,113.0225886,3.895415658,3.508255535,0.203004876,2.166254203,7.791046704,0.857317685,3.410467317,1480.017847,0
13.49465481,1.779696087,2.630137968,18.96946859,110.0127419,2.347142238,2.533177665,0.311326801,1.542643385,4.177302914,1.118093985,2.888828732,1094.976774,0
14.10762486,2.021155378,2.377588605,18.77006256,103.0397731,2.736403906,2.899057421,0.284860022,2.425790541,6.169170215,1.083379754,2.730086714,1060.007688,0
14.28610651,1.890547568,2.727822954,20.01809138,119.9780061,2.777417829,3.109521939,0.372391737,1.979482961,6.203970492,1.097227283,2.6349366,1279.987576,0
12.75792732,2.365714303,2.247702416,19.48503713,86.02692118,1.362272632,0.521026708,0.45789907,0.63991856,9.918464626,0.562429297,1.635496855,470.0065151,1
12.44849405,2.989753789,2.623685242,27.00811257,96.97745029,1.928067888,0.552974185,0.619396466,1.135668063,7.508822123,0.664084975,1.744540279,879.9573723,1
14.19958727,4.058988369,2.436146993,18.92139564,110.9967665,2.890898631,2.704875589,0.274263298,1.240058345,5.272547011,0.886748406,3.343888612,1080.016266,0
11.8397042,1.465159678,1.963201151,20.78461717,86.01142042,1.997640483,1.637078177,0.308633689,1.535816934,1.942933581,0.975437097,3.326319709,495.0091554,1
14.18239904,1.777998749,2.463708526,15.19425059,111.9915232,3.281873587,3.377740856,0.338969101,1.946098899,6.729969006,1.053725272,2.878874102,1449.98652,0
12.35763142,1.100567498,2.108382829,18.5216537,88.05684075,3.534286066,3.771761255,0.251252661,1.946076391,4.499677248,1.06811245,2.755773065,659.9824169,1
13.02878972,5.807463832,2.118808367,21.49388019,85.97054779,2.59585594,2.633888001,0.303713937,2.020947945,2.627053516,0.729104457,3.106284603,379.9767116,1
13.26461886,1.649657752,2.819294717,15.49183729,110.0232002,2.587304142,2.693378176,0.291804265,1.35697536,4.583206141,1.116542471,2.773612586,880.0461256,0
12.85541215,1.629770895,2.5120815,17.80939488,95.00941652,2.462459008,2.358659093,0.277194011,1.473112372,3.937141785,1.078494223,3.638553039,1015.032577,0
12.71057615,1.560182717,2.263795977,20.73470297,80.00620804,1.408995674,1.415800058,0.57224852,1.632675952,3.059647892,0.947201519,2.043972298,495.0052578,1
14.20261877,4.059095921,2.424595952,18.88310738,111.0028898,2.855288776,2.654911511,0.296812076,1.239670457,5.257949382,0.866304112,3.30507139,1079.996028,0
11.64433023,1.996924602,2.252470855,17.98664729,97.9345552,3.019680404,2.245170648,0.158524655,1.383582267,3.242877484,1.164304026,2.939957476,345.0128472,1
12.3593413,1.082141768,2.097077039,18.52625541,88.04512698,3.517868276,3.768642142,0.228331803,1.943863276,4.498995575,0.992411412,2.743366619,659.9670885,1
10.99100408,1.50767818,2.194366745,21.52941177,85.03145613,2.460874273,2.184914625,0.494193535,1.999192732,1.883704959,1.715196776,2.869728191,407.0403408,1
13.51372694,1.724621165,2.638596604,22.47808885,88.99283107,2.574829474,1.126427841,0.526588122,2.286279179,11.7607741,0.598090916,1.759314718,620.0016755,1
12.34741314,3.836618988,2.399085345,21.03321221,87.97742708,2.275324239,0.941152078,0.521502143,1.0586696,7.682715367,0.509348471,1.562601829,520.0169446,1
13.13421964,1.013989323,1.703696705,14.98337752,77.99202474,3.012815904,3.166158482,0.2743769,2.265380944,5.282642197,1.131518447,3.183765027,501.9922689,1
11.8090478,2.118044011,2.732614303,28.51736096,91.98852703,2.109816338,2.232895993,0.577188637,1.790422642,2.977501669,0.959196666,2.398271828,465.9979606,1
13.82687369,1.567547274,2.607066761,19.99900666,115.0321474,2.948028247,3.390090398,0.417700018,1.695350877,6.612106678,1.147249466,2.547200848,1129.996059,0
13.47333312,1.796796675,2.585353234,20.00500239,96.01810593,2.537442784,2.632915528,0.286351135,1.619507932,3.539908905,1.10740769,3.829085658,845.0056514,0
13.76429829,1.903167716,2.669630271,17.08641998,115.01723,3.006788202,2.762729603,0.413832637,1.661514208,6.323037142,1.096530955,2.911160411,1374.998941,0
13.29081632,1.994941253,2.669503639,16.77629145,102.0120605,3.02439976,3.223124044,0.330344586,1.664267669,6.031291184,1.050065487,2.844771715,1269.986719,0
13.10281392,1.012449935,1.726841098,15.00737449,78.00367379,2.986072125,3.197561344,0.235672968,2.273069824,5.315536937,1.101242973,3.161101183,501.9948061,1
11.78758497,1.71681136,1.861486293,19.48045976,86.02829878,2.489274981,1.638346514,0.368096136,1.422813428,2.061958536,0.961419217,2.458004962,414.9817542,1
13.73060699,5.633555182,2.425767539,20.50352924,94.9664727,1.69920948,0.633845975,0.510812915,1.046736746,7.69762397,0.68692225,1.75050622,739.9931867,1
12.84480526,1.578926478,2.54108082,17.81159901,95.00392195,2.488903168,2.364253653,0.310569857,1.447485618,3.93132995,1.094094374,3.607602667,1015.019798,0
11.42606335,0.730297843,2.480286472,21.01919483,87.95613462,2.471117388,2.00736066,0.434744977,1.46696513,3.083849024,1.097030153,2.290900487,434.006639,1
13.59869683,1.647323856,2.366922124,19.11970404,105.9974779,2.894331557,3.15869086,0.219613245,1.964668745,6.908214346,1.101653693,2.857558074,1514.994768,0
13.43259073,3.896702008,2.479049215,22.99477691,101.9955899,1.816617639,0.71352895,0.407033883,1.412414768,7.28888605,0.69102132,1.573177954,750.0070947,1
12.67117195,0.999673826,2.246192517,17.99707315,99.02983764,2.194883914,1.943282114,0.324748665,1.467946849,2.645341106,1.266129147,3.133862404,450.015984,1
13.52972384,3.157719453,2.605747415,23.9604896,122.9806437,1.363823645,1.595092299,0.193862235,1.245629558,8.588939993,0.575388859,1.250622027,500.036917,1
12.39374292,1.487490963,2.269492855,21.51236862,86.00589998,2.730729896,3.153735837,0.381679423,1.766928035,3.931914463,0.721006835,2.844728703,352.0144509,1
12.59450441,1.281632295,2.11835878,20.0094918,102.9747255,1.45953712,0.599027881,0.526396648,1.423413088,7.5919279,0.580211539,1.572839122,639.9562853,1
12.04975154,4.290902021,2.357598515,22.01135662,79.99407596,2.111008621,1.7390702,0.424935886,1.34920184,2.608067715,0.814215093,2.587429469,580.0005806,1
14.30886819,1.916340311,2.727836777,20.00852794,119.961173,2.819239796,3.141670082,0.334126842,1.926778599,6.198335084,1.097537218,2.646991528,1279.982115,0
11.83335707,1.77546859,1.891322244,19.4571836,85.99293434,2.51417015,1.633638647,0.352362123,1.448640771,2.066674983,0.950820071,2.436097753,414.9662966,1
12.3624474,3.806885957,2.419106917,21.0233386,88.03960599,2.275009991,0.945901016,0.526291483,1.014962816,7.631175812,0.561288951,1.585693944,519.9935754,1
12.22880188,4.726185921,2.53708478,20.98534423,88.99754554,1.347361012,0.51752926,0.528801032,0.799739615,3.833359214,0.756397178,1.244410253,719.9953218,1
13.87739291,1.892479276,2.604956846,14.99008371,100.9997211,3.242083312,3.585858339,0.146924033,1.682720666,5.425526615,0.904698079,3.564079461,1094.984964,0
13.29381128,4.280156761,2.229421072,20.00678242,119.9777459,1.592989192,0.67634528,0.406689037,1.377061512,10.23112375,0.554207294,1.557424741,835.0046662,1
13.08845024,1.534056198,2.097709625,15.48735764,97.98334302,2.368423094,2.668589115,0.250260488,1.365732846,3.736720547,1.173790033,2.665151057,1020.008578,0
13.36833867,4.585314645,2.847090506,24.99404887,112.0051716,1.999915329,0.932424927,0.248710581,1.106771898,8.479683405,0.66865005,1.924435885,629.986017,1
13.06957087,2.05709289,3.202791464,25.01446326,124.0096989,2.640715883,2.673163585,0.465320008,1.959108215,3.59792188,1.125115296,3.197288829,830.0133545,0
12.36597532,1.060336888,2.105344094,18.505984,88.0106312,3.534952442,3.76546066,0.21941269,1.954569511,4.528077841,1.0442251,2.775942469,660.0251057,1
13.96411071,1.708581465,2.263346125,17.39413703,107.9809076,2.891965926,3.52578573,0.331796499,2.063342002,8.878588064,1.126013186,3.078769079,1259.981664,0
13.1145381,1.919105604,2.786201203,25.47680107,116.0318764,2.216828684,1.314490124,0.261649363,1.575737774,7.072719277,0.613554887,1.305901331,424.9897469,1
12.78208048,2.6605064,2.504694886,22.0254956,112.0098365,1.50084605,1.35049038,0.231003419,1.238598531,10.82234798,0.503634988,1.49418753,479.9760688,1
13.76380716,1.725569196,2.407578576,15.97386628,88.98774474,2.619088219,2.73056636,0.288326561,1.821655495,5.59294677,1.121054244,2.89060698,1320.00459,0
12.38239381,0.969773984,1.311750046,10.58687247,88.02310282,1.973027808,0.569704813,0.27705795,0.422221459,1.966677797,1.079394784,1.825852442,519.9933419,1
12.50099679,1.237270948,2.25428889,17.4615381,84.99846817,1.974413653,0.57418989,0.615004435,1.23011701,5.42348753,0.725216018,1.469974351,650.0061823,1
14.22995739,1.695500077,2.305473281,16.30254855,117.9999644,3.178377713,2.993573583,0.27683298,2.020334846,6.366131299,0.920905076,3.294254118,970.0344355,0
13.50065369,1.815457892,2.423599316,20.50252966,100.0305856,2.689028326,2.954980247,0.276241552,1.866933912,5.083479774,1.017870764,3.466633262,920.0111531,0
14.14385385,2.520486138,2.484007564,19.98293308,90.97165754,1.703243659,0.722968304,0.433704735,1.247107374,9.691237818,0.611183538,1.69282045,659.9741677,1
13.62802283,3.075199182,2.597840288,15.20682854,116.0090208,2.704362938,2.991368852,0.117117485,1.652431467,5.096882822,0.929388859,3.3593486,844.9738762,0
12.21462423,1.443001764,2.509403679,19.04411846,103.9987682,1.882566991,1.742240718,0.470386909,1.049371679,2.946608972,1.45203565,2.222793276,354.9905903,1
14.0803417,2.132481488,2.598834659,17.61295221,120.9865285,2.60532178,2.50149677,0.29761438,1.225743781,5.041711932,1.052388486,3.599290436,1295.024547,0
13.6064914,4.965152716,2.405075564,20.02443396,92.02785013,1.940750038,0.79476732,0.488615015,0.980763312,4.398307255,0.886280608,2.004714302,550.0026444,1
13.35907094,2.554625093,2.339327632,19.98367308,89.00496173,1.426219387,0.521606382,0.339903159,0.647250888,5.609469115,0.66917425,2.471626949,779.9858087,1
12.07122038,1.348268363,2.520164613,22.48473342,83.9674616,2.539659585,2.2550745,0.416787172,1.085717226,2.910015994,0.955848117,3.209417895,385.0225778,1
13.51330657,3.181362284,2.720739112,23.49341165,97.04563799,1.550424132,0.531848554,0.513424921,0.553932953,4.36919974,0.902434844,2.04399847,519.9763852,1
12.00508672,1.54246377,2.43979655,21.98590741,86.01439724,1.456996132,1.270468183,0.498777584,1.661785913,3.625963306,1.037801927,2.630217473,450.0227557,1
12.30393824,1.400264134,2.009123254,16.05050612,85.01783133,2.523251375,2.530504589,0.298143607,1.720537171,2.873634701,1.236272388,2.739717201,428.0127547,1
12.40649698,1.22701091,2.5546235,18.10515721,97.9625325,2.463764976,2.62446514,0.37899231,2.076156101,4.628163243,1.198237228,2.345599188,678.0116675,1
13.56241342,1.681694196,2.355622911,19.10643215,106.0516994,2.83995794,3.231036878,0.228704229,1.950497307,6.87922413,1.100904384,2.872401829,1515.027585,0
12.67168298,0.982642679,2.247964731,17.98364964,99.02319691,2.187122746,1.939046339,0.330776449,1.466505479,2.616271852,1.211414356,3.173363828,450.0556507,1
13.0720436,1.749899017,2.026204402,12.39287614,92.01113345,2.74687409,3.261545056,0.172313425,2.910904702,7.184466123,1.099523214,2.879502747,1149.985057,0
13.07855961,1.889797479,2.755501615,25.47904099,116.0167214,2.230269778,1.261592276,0.314535099,1.574313453,7.072356379,0.607761033,1.335296763,425.0045473,1
13.7031522,1.262010266,1.90689404,17.98140786,93.96066137,2.064365755,1.817351963,0.297285552,0.720483744,3.798887238,1.194309574,2.45423219,630.0160014,1
11.84880225,4.352677228,2.393474121,20.99113094,81.98061324,2.881403703,3.040591547,0.213256345,2.874504939,2.800891855,0.732087359,3.632661169,380.0163901,1
13.0739439,3.940480123,2.334754359,21.49860887,112.971719,1.419944296,1.395110372,0.326110038,1.153390839,9.39011626,0.555575366,1.33796245,550.0182283,1
13.28233966,1.96722958,2.713786339,16.8232417,101.9975736,2.956518017,3.22668801,0.27392246,1.636431529,5.988289022,1.096980416,2.873094417,1269.989521,0
13.29264151,1.925726263,2.703095673,16.80312186,101.9791634,3.019234273,3.251840666,0.331204956,1.656411613,6.025175574,1.056046561,2.844116293,1269.97602,0
12.64796055,0.961342172,2.27485763,18.0193886,99.01363178,2.173400391,1.911812117,0.300810398,1.47975479,2.619652573,1.22297087,3.154992069,450.0199104,1
14.11283698,2.006816754,2.406336997,18.8056064,103.0422365,2.722862014,2.955613185,0.349821859,2.402684962,6.194701294,1.077486535,2.728134528,1060.002808,0
13.43836723,4.582619265,2.871084252,25.01165685,112.0070373,1.975606047,0.960756958,0.250300719,1.085584168,8.496542146,0.685710615,1.920346648,630.0191074,1
12.18422339,1.182582147,1.756715638,16.80823535,150.9860736,1.832391802,1.255032572,0.166078896,2.470506638,2.855131316,1.284320271,3.038917899,717.9864995,1
14.38015656,1.885268911,2.385380886,12.03967283,102.0167341,3.299563204,3.626970564,0.296365802,2.942742062,7.497540284,1.166997778,2.992918738,1546.958175,0
13.75129411,1.909333818,2.657630982,17.11268183,114.9609125,3.041160419,2.80366751,0.362419166,1.698321415,6.281924314,1.136216551,2.934236118,1374.968312,0
12.08251218,2.064130074,1.689729119,17.51841246,96.98944957,2.185509006,2.167811358,0.239328693,1.401341178,3.31837827,1.219562095,2.951157245,710.010715,1
14.08661139,2.152491526,2.629292767,17.59813963,120.9926322,2.561107316,2.513073325,0.313709535,1.261292186,5.046704285,1.071105125,3.571284479,1295.031918,0
13.82011525,1.747517609,2.43084671,14.0189966,110.9785214,3.870535143,3.751420238,0.306506927,1.884848933,7.04063111,0.999999653,3.207468513,1190.012788,0
12.36830773,0.970318714,1.347972237,10.6056295,87.99574006,1.943603676,0.564723646,0.248351886,0.402247831,1.922490754,1.017521992,1.830422157,519.9654042,1
12.7301012,1.700847738,2.282080217,22.47485609,83.98912941,1.364011682,1.753413095,0.485105061,1.62057907,3.294768988,0.87073406,2.454557521,487.990963,1
13.23665993,2.581692097,2.866265579,20.97717407,117.9891945,2.821615652,2.686152015,0.370055157,1.803510975,4.348931364,1.056084357,2.921959733,735.0152195,0
12.31578565,2.433910611,2.434403997,21.03744275,97.96516543,2.556179311,2.113783148,0.377555542,1.322284509,2.75379893,0.806996183,3.381712754,438.0214352,1
