Call  Failure,Complains,Subscription  Length,Charge  Amount,Seconds of Use,Frequency of use,Frequency of SMS,Distinct Called Numbers,Age Group,Tariff Plan,Status,Age,Customer Value,Class,Random
7,0,39,0,4073,68,5,38,1,1,1,15,255.255,0,0.9631653398
12,0,40,2,4820,89,9,27,3,1,1,30,232.36,0,0.928525219
12,0,42,2,2725,48,297,22,4,1,1,45,811.825,0,0.7655777857
11,0,34,2,8935,113,133,38,3,1,1,30,893.92,0,0.120916573
11,0,28,1,2063,46,46,73,5,1,1,55,100.635,0,0.4921041491
0,0,22,0,3045,53,0,18,3,1,1,30,123.92,0,0.3766916273
0,0,34,0,5703,58,76,35,2,1,1,25,601.245,0,0.1500392256
0,0,31,1,5950,99,239,31,2,2,1,25,1347.705,0,0.6216905778
0,0,38,0,1793,48,0,18,1,1,1,15,101.255,0,0.13830624
8,0,37,1,4428,93,10,28,3,1,1,30,220.84,0,0.08809613674
13,0,17,3,3043,45,7,17,3,1,1,30,151.52,0,0.4369902122
7,0,42,1,4470,87,10,29,3,1,1,30,222.28,0,0.4422860203
0,0,37,0,275,4,0,1,2,1,2,25,12.555,0,0.5897137732
20,0,43,3,6123,110,41,27,3,1,1,30,413.32,0,0.6817571308
0,0,32,0,0,0,0,0,2,1,2,25,0,1,0.8561961967
0,0,20,0,1470,22,31,16,2,1,1,25,206.64,0,0.91370107
0,0,36,0,4020,76,0,20,3,1,1,30,163.84,0,0.05958700982
0,0,36,0,1423,22,0,6,3,1,1,30,57.8,0,0.5520699681
1,0,36,0,2300,36,280,16,3,1,1,30,1213.44,0,0.303896344
9,0,40,2,3400,33,490,10,3,1,1,30,2097.32,0,0.6657758666
9,0,37,1,11655,155,20,50,4,1,1,45,345.25,0,0.5560917897
0,0,33,0,1605,41,33,18,3,1,2,30,197.84,0,0.5071185025
6,0,36,0,3470,76,25,26,2,1,1,25,272.07,0,0.1308622598
0,0,21,0,1083,25,12,61,4,1,1,45,57.7,0,0.9913616106
2,0,19,1,1810,32,60,18,3,1,1,30,313.68,0,0.07995054009
9,0,36,0,2375,55,46,20,3,1,2,30,281.2,0,0.6959281382
0,0,31,0,2790,15,468,5,3,1,1,30,1984.2,0,0.9592434479
9,0,34,0,4118,64,0,31,1,1,1,15,230.01,0,0.926936147
1,0,10,1,3985,35,197,12,3,1,1,30,948.8,0,0.1530190739
15,0,40,1,4503,72,8,37,1,1,1,15,295.625,0,0.4533528799
3,0,36,0,6385,80,154,22,3,1,1,30,874.6,0,0.9940503155
10,0,37,0,2695,37,7,3,3,1,2,30,137.28,1,0.5421289268
0,0,26,0,2275,6,0,6,3,1,1,30,91.24,0,0.0894410987
14,0,40,2,15905,194,189,36,3,1,1,30,1399.96,0,0.1141406524
0,0,32,0,450,4,0,2,2,1,2,25,20.43,0,0.1945393903
15,0,17,1,9047,176,71,39,5,1,1,55,244.845,0,0.8690935719
0,0,34,0,0,0,2,0,3,1,2,30,8,1,0.4610708401
8,0,24,2,2080,34,45,20,3,1,1,30,264.56,0,0.5518223689
27,0,42,10,10820,101,18,48,5,1,1,55,190.815,0,0.1014300311
12,0,37,1,5413,93,8,26,2,1,1,25,283.77,1,0.6223934383
0,0,38,0,750,16,4,14,2,1,2,25,52.47,0,0.2801436799
7,0,37,3,7100,96,207,41,3,1,1,30,1115.84,0,0.183422534
8,0,38,0,4370,71,5,17,3,1,1,30,197.64,0,0.07779544879
1,0,31,1,6545,104,232,27,2,2,1,25,1343.205,0,0.3610421679
7,0,44,0,803,19,25,11,3,1,2,30,132.88,0,0.5247135299
0,0,24,0,520,4,14,1,4,1,2,45,48.1,0,0.4475897132
8,0,37,0,14178,174,1,42,3,1,1,30,578.08,0,0.2146351269
0,0,26,0,6480,85,0,19,4,1,1,45,164.125,0,0.02656742917
12,0,11,1,8978,167,65,36,4,1,1,45,391.125,0,0.7661647987
4,0,39,0,13648,171,4,47,3,1,1,30,568.76,0,0.3115978786
18,0,24,5,3418,61,53,27,4,2,1,45,219.475,0,0.1765498258
13,0,12,3,5405,57,230,12,3,1,1,30,1138.48,0,0.8544430451
1,0,25,0,1230,15,22,1,4,1,2,45,86.125,0,0.8231460747
1,0,26,0,2820,56,0,25,3,1,1,30,115.04,0,0.1917700287
0,0,34,0,0,0,0,0,2,1,2,25,0,0,0.8186044342
0,0,34,0,0,0,0,0,5,1,1,55,0,0,0.5009608188
5,0,28,0,1130,16,28,5,4,1,2,45,98.65,0,0.5625610528
3,0,39,1,935,17,5,13,2,1,1,25,65.34,0,0.7822282259
24,1,32,3,15670,233,0,82,2,1,1,25,715.635,0,0.492377799
0,0,37,0,248,8,32,6,3,1,2,30,138.24,1,0.8535902062
0,0,33,0,5433,81,0,5,2,1,1,25,248.13,0,0.19579234
0,0,3,0,1103,11,0,1,2,1,1,25,50.13,1,0.678474761
10,0,39,0,3070,43,19,20,3,1,2,30,200.52,1,0.5773629346
1,0,37,0,7318,126,375,40,2,1,1,25,2022.48,0,0.4001007716
0,0,30,0,3458,72,0,22,2,1,1,25,158.85,0,0.6771217066
6,0,39,2,6615,91,184,25,3,1,1,30,1004.24,0,0.3551612972
5,0,14,1,1740,22,20,10,2,1,1,25,169.29,0,0.9232950555
14,0,41,2,3408,75,17,35,2,1,1,25,233.235,0,0.2201980754
4,0,38,0,11340,156,15,50,3,1,1,30,519.84,0,0.1013504194
0,0,31,0,0,0,0,0,4,1,2,45,0,1,0.01150431178
15,0,40,3,6823,111,35,29,3,1,1,30,417.36,0,0.5696488329
0,0,37,0,2535,22,1,13,3,1,1,30,106.28,0,0.6331514435
7,0,38,0,3175,72,11,13,3,1,1,30,173.88,0,0.3189115221
6,0,39,2,6560,89,191,28,3,1,1,30,1029.96,0,0.03315644716
13,0,44,2,14158,177,17,50,3,1,1,30,641.4,0,0.3204603138
14,0,38,2,4798,76,22,50,1,1,1,15,389.07,0,0.2858673873
8,0,36,1,3320,31,480,6,3,1,1,30,2054.04,0,0.3393055194
4,0,38,0,5728,94,0,9,3,1,1,30,232.88,0,0.3359453647
5,0,39,3,758,16,43,8,5,1,1,55,76.11,0,0.4957932824
14,0,42,2,6283,104,19,16,3,1,1,30,331.48,0,0.9980900085
11,0,40,1,6223,101,14,14,3,1,1,30,308.96,0,0.4774800228
35,0,39,5,16640,254,22,88,2,2,1,25,859.23,0,0.6547428871
5,0,35,1,4335,75,0,20,3,1,1,30,176.4,0,0.4555834778
10,0,35,1,9000,116,146,44,3,1,1,30,948.64,0,0.9948855384
0,0,38,0,3493,78,5,30,2,1,1,25,183.195,0,0.6128122727
6,1,34,0,2153,39,36,32,3,1,2,30,231.68,1,0.91982911
0,0,35,0,0,0,0,0,2,1,2,25,0,1,0.2972585836
16,0,39,3,9175,124,149,45,3,1,1,30,967.96,0,0.2512953297
8,0,35,0,4018,58,0,30,1,1,1,15,224.18,0,0.3766436631
0,0,29,0,10900,138,0,39,3,1,1,30,441.52,0,0.2234672452
2,0,35,0,11160,148,4,45,3,1,1,30,468.32,0,0.4654456112
6,0,35,0,4190,63,0,12,3,1,1,30,170.12,0,0.550017631
0,0,21,0,825,4,13,2,4,1,2,45,53.225,0,0.561853156
0,0,35,1,6560,93,17,24,4,1,1,45,208.825,0,0.5210070922
16,0,43,2,2838,68,376,30,3,1,1,30,1620.24,0,0.8802415425
10,0,32,3,7190,120,268,31,3,2,1,30,1364.4,0,0.5102055153
0,0,38,0,0,0,3,0,3,1,2,30,12,1,0.5567468734
19,0,36,8,10190,90,0,42,4,1,1,45,257,0,0.1336863623
0,0,34,0,5485,69,154,24,3,1,1,30,838.16,0,0.589937103
16,0,17,1,6392,141,85,42,2,2,1,25,676.485,0,0.2839444994
0,0,25,0,6220,81,0,14,4,1,1,45,157.525,0,0.1455788854
22,1,39,5,10020,137,172,60,3,1,1,30,1094.28,0,0.3244002473
3,0,13,1,1443,23,8,11,3,1,1,30,90.64,1,0.8847477868
12,0,39,1,15600,187,148,29,2,1,1,25,1376.415,0,0.836700404
10,0,37,0,2453,60,359,24,3,1,1,30,1536.52,0,0.5893084141
6,0,34,0,13693,167,0,40,3,1,1,30,554.4,0,0.7030619578
0,0,31,0,3233,68,0,21,2,1,1,25,148.545,0,0.27001989
0,0,34,2,633,8,18,15,5,1,1,55,36.615,0,0.7290039254
9,0,38,1,14018,172,7,44,3,1,1,30,595.6,0,0.5027371316
5,0,14,2,2793,42,26,17,3,1,1,30,217.4,0,0.9847779342
0,0,17,0,1505,26,53,16,2,1,1,25,307.395,0,0.6905437937
19,0,31,7,10435,87,0,41,4,1,1,45,263.05,0,0.09886567345
13,1,35,0,5703,92,0,20,2,1,1,25,260.775,1,0.6779591666
7,1,33,0,2238,48,0,16,3,1,2,30,91.44,0,0.67191301
5,0,38,0,13528,166,0,44,3,1,1,30,547.76,0,0.9220205745
12,0,38,0,4388,67,10,38,1,1,1,15,300.025,0,0.1078914445
1,0,36,0,1280,19,1,9,2,1,2,25,62.955,0,0.6690961196
5,0,9,1,1677,20,9,10,3,1,1,30,103.88,1,0.560222908
11,0,11,0,6133,131,70,36,1,2,1,15,729.52,0,0.1013923162
6,0,45,0,703,13,24,10,3,1,2,30,124.64,0,0.4587942978
9,0,10,2,2197,30,8,7,3,1,1,30,121.08,1,0.6495777881
14,0,38,0,15675,182,125,28,2,1,1,25,1276.065,0,0.5795823016
10,0,42,0,4153,70,9,39,1,1,1,15,281.765,0,0.9546600564
4,0,31,0,3470,70,17,25,2,1,1,25,235.8,0,0.7179766892
0,1,31,0,0,0,0,0,2,1,2,25,0,1,0.7807688378
7,0,38,2,833,11,20,7,5,1,1,55,42.66,0,0.3714386601
5,0,36,0,305,6,7,2,3,1,2,30,40.44,1,0.3989780124
4,0,38,0,5673,92,5,12,2,1,1,25,281.925,0,0.08408194953
1,0,9,1,1297,18,0,4,3,1,1,30,52.6,1,0.08953031846
9,0,27,0,455,22,8,7,2,1,1,25,57.465,0,0.1779736215
9,0,43,0,1195,28,31,15,3,1,2,30,172.92,0,0.8452263943
6,1,37,0,1338,18,17,4,4,1,2,45,76.4,1,0.9318918721
11,0,45,2,2665,51,300,21,4,1,1,45,817.9,0,0.6423445033
6,0,38,1,3285,28,492,11,3,1,1,30,2100.52,0,0.07205516833
15,0,41,3,11830,163,23,51,4,1,1,45,357.325,0,0.7079290918
12,0,40,1,14078,175,7,46,3,1,1,30,598.12,0,0.9306725267
5,0,20,1,1400,22,14,2,2,1,1,25,126.99,0,0.6249199513
0,0,15,0,680,9,0,12,2,1,1,25,31.005,0,0.2924152904
4,0,37,0,1475,24,21,26,2,1,2,25,161.955,0,0.3412970115
7,0,38,0,2048,53,0,14,3,1,2,30,84.04,0,0.7870484074
18,0,31,0,650,41,9,15,2,1,2,25,71.595,1,0.7887334012
0,0,27,1,6660,104,256,30,2,2,1,25,1456.38,0,0.4650895798
0,0,39,0,318,5,7,4,2,1,2,25,46.035,0,0.8633414647
0,0,36,0,2190,11,455,5,3,1,1,30,1908.04,0,0.6947099907
0,0,12,0,1435,16,13,8,2,1,1,25,123.795,0,0.6097535277
0,0,31,0,5880,81,0,5,4,1,1,45,149.025,0,0.790006824
5,0,29,1,1020,32,179,2,3,2,1,30,758.08,0,0.1044162982
5,0,33,0,4023,82,1,29,2,1,1,25,189.225,0,0.3867380126
0,0,31,0,3718,76,0,27,2,1,1,25,170.73,0,0.4196313673
5,0,31,0,1710,40,30,16,3,1,2,30,190,0,0.8507178031
26,0,33,2,15780,234,7,67,2,1,1,25,752.13,0,0.2222115706
9,1,39,0,905,16,28,17,2,1,2,25,167.445,1,0.2810527785
28,0,40,4,15200,228,59,34,3,1,1,30,853.12,0,0.715930524
0,1,30,0,0,0,0,0,4,1,2,45,0,1,0.5656047052
5,0,24,0,305,6,18,2,4,1,2,45,52.775,0,0.3621352726
8,0,33,0,4198,60,0,34,1,1,1,15,234.19,0,0.585474579
14,0,35,1,14125,208,22,30,2,1,1,25,743.985,0,0.8355100528
15,1,41,0,3375,49,26,22,3,1,2,30,240.96,1,0.9405134642
10,0,36,3,3745,38,28,31,3,1,1,30,263.32,0,0.1101842473
27,1,33,0,1555,57,37,32,3,1,2,30,212.48,1,0.3861071444
14,0,39,1,15790,188,157,32,2,1,1,25,1425.51,0,0.1839612333
30,0,33,4,16380,244,7,82,2,2,1,25,779.58,0,0.7056035207
1,0,37,0,3805,72,0,25,3,1,1,30,155.08,0,0.3848190425
12,0,42,2,3855,84,42,32,3,1,1,30,325.56,0,0.6812329233
3,0,35,0,1665,44,38,20,3,1,2,30,220.36,0,0.2540394268
2,0,40,1,1748,27,10,10,4,1,1,45,69.375,0,0.623310375
11,0,18,4,2913,48,36,21,3,1,1,30,262.44,0,0.8450215701
13,0,43,3,11850,162,28,53,4,1,1,45,370.3,0,0.04263549538
0,0,33,0,13288,155,0,37,3,1,1,30,537.72,0,0.7373201297
11,0,42,1,3040,63,190,29,2,1,1,25,994.635,0,0.239668783
2,0,15,2,2142,34,6,19,3,1,1,30,111.04,0,0.853628801
6,0,6,1,1792,19,0,8,3,1,1,30,72.44,1,0.08724086379
8,0,35,2,7090,103,21,24,5,1,1,55,139.395,0,0.1358486337
10,0,41,1,15565,184,160,34,2,1,1,25,1428.705,0,0.1178447526
0,0,43,0,273,9,15,8,2,1,2,25,80.19,0,0.5281993571
0,0,39,0,2268,60,6,36,1,1,1,15,161.04,0,0.2241961867
30,0,33,4,16380,244,7,82,2,2,1,25,779.58,0,0.4143407185
29,1,34,0,1665,58,24,17,3,1,2,30,164.92,1,0.1405776719
12,0,29,0,405,21,7,2,3,1,2,30,45.04,0,0.436084282
4,0,39,0,1745,46,48,24,3,1,2,30,263.64,0,0.2059807267
9,0,27,0,1758,39,7,66,4,1,1,45,62.425,0,0.3985314442
10,0,29,0,1180,36,27,17,2,1,1,25,176.22,0,0.297333539
8,0,38,1,2163,32,16,11,4,1,1,45,94.875,0,0.0460372057
15,0,43,2,15870,190,167,36,2,1,1,25,1474.2,0,0.8568707883
0,0,35,0,2715,24,4,17,3,1,1,30,125.56,0,0.8215581825
4,0,36,1,2955,27,0,13,3,1,1,30,119.28,0,0.4823239347
0,0,35,0,6195,80,179,24,3,1,1,30,967,0,0.1356130438
0,1,33,0,0,0,0,0,2,1,2,25,0,1,0.9780565105
2,0,25,0,3225,61,8,23,3,1,1,30,163.44,0,0.1478025885
3,0,28,0,940,15,19,2,4,1,2,45,71.375,0,0.2211449338
0,0,33,0,0,0,0,0,2,1,2,25,0,0,0.971768641
1,0,34,0,2840,22,0,14,3,1,1,30,114.48,0,0.8359353127
10,0,34,5,7565,126,292,48,2,2,1,25,1660.095,0,0.5624060314
0,0,32,0,1935,6,0,2,3,1,1,30,77.64,0,0.9166432442
2,0,34,0,3833,57,0,31,2,1,1,25,175.05,0,0.2314928442
1,0,32,0,1485,36,27,15,3,1,2,30,168.84,0,0.8285831634
6,0,37,0,1853,50,338,9,2,1,1,25,1606.635,0,0.8047112636
15,0,43,1,4855,85,23,24,3,1,1,30,289.6,0,0.1587175697
12,0,39,1,6628,106,15,12,3,1,1,30,329.36,0,0.3099572504
7,0,28,1,1628,42,35,70,4,1,1,45,129.25,0,0.8951314814
10,1,11,2,1982,26,16,12,3,1,1,30,144.32,1,0.8451729361
2,0,32,0,3985,63,0,11,2,1,1,25,182.16,0,0.8781150695
2,0,36,0,323,3,9,5,3,1,2,30,49.04,1,0.8755933009
15,0,29,0,590,38,4,13,2,1,2,25,46.26,1,0.9837539404
7,0,42,0,13728,173,8,48,3,1,1,30,588.04,0,0.7578179605
0,0,36,0,0,0,25,0,2,1,2,25,112.5,1,0.6408843034
2,0,38,0,2115,36,283,18,3,1,1,30,1218.04,0,0.2746653642
2,1,33,0,2495,34,0,11,2,1,2,25,113.805,1,0.4261943192
8,0,42,2,4595,85,12,29,3,1,1,30,235.2,0,0.5241262018
7,0,23,0,1110,27,21,14,2,1,1,25,145.665,0,0.1779975747
0,0,31,0,2055,27,270,15,3,1,1,30,1163.28,0,0.6623231399
6,0,34,1,3943,86,7,26,3,1,1,30,189.16,0,0.380242364
7,0,41,0,1113,21,27,11,4,1,2,45,95.85,1,0.9192409853
1,0,33,0,2393,52,0,32,1,1,1,15,134.475,0,0.323757223
6,0,34,1,5963,91,7,8,3,1,1,30,270.16,0,0.5427815187
2,0,18,0,1695,26,28,14,2,1,1,25,203.445,0,0.596292429
33,0,42,5,15505,234,66,36,3,2,1,30,893.56,0,0.07770781653
4,0,35,0,11350,149,13,48,3,1,1,30,511.96,0,0.8969517551
0,0,12,1,1182,19,1,6,3,1,1,30,52.04,1,0.738189277
7,0,15,2,4650,50,230,16,3,1,1,30,1108,0,0.6400947607
10,0,14,2,1973,33,18,14,3,1,1,30,152.24,1,0.813478814
10,0,39,1,5513,98,27,23,2,1,1,25,373.995,1,0.7003298354
7,1,9,3,2088,29,21,22,3,1,1,30,168.68,1,0.6739126894
2,0,35,0,13353,157,0,38,3,1,1,30,540.4,0,0.3610370651
15,0,17,1,8993,174,78,42,5,1,1,55,254.505,0,0.2777096694
0,0,25,0,2980,58,6,23,3,1,1,30,145.52,0,0.7368107698
8,0,35,2,7090,103,21,24,5,1,1,55,139.395,0,0.2673738946
5,0,38,2,643,10,11,4,5,1,1,55,26.295,0,0.8337699056
8,0,41,0,1925,54,53,26,3,1,2,30,291.16,0,0.0779145561
11,0,39,2,3200,65,214,29,3,1,1,30,986.6,0,0.9449527913
10,0,36,1,6143,99,7,10,3,1,1,30,277.68,0,0.6382478216
21,0,17,3,9838,187,101,57,5,1,1,55,301.875,0,0.2207162166
0,0,39,0,0,0,0,0,2,1,2,25,0,0,0.5533339273
13,0,37,2,16085,192,171,45,2,1,1,25,1501.965,0,0.2415510579
9,0,41,0,13953,177,11,49,3,1,1,30,609.2,0,0.3197359585
4,0,34,0,4913,82,0,7,2,1,1,25,224.775,1,0.003981814151
5,0,32,0,305,6,7,2,4,1,2,45,25.275,1,0.5039088688
0,0,38,0,0,0,0,0,2,1,2,25,0,0,0.4258394446
6,0,32,0,1210,18,38,9,4,1,2,45,125.7,0,0.6437987429
0,0,32,0,2535,16,0,12,3,1,1,30,102.04,0,0.8174102583
9,0,25,2,2000,38,43,17,3,1,1,30,253.52,0,0.3040449194
12,0,33,2,3790,77,30,31,4,1,1,45,171.675,0,0.5476214444
0,0,36,0,0,0,0,0,2,1,2,25,0,1,0.4976431065
8,0,39,4,6965,122,279,34,3,2,1,30,1399.48,0,0.6730020568
0,0,9,1,4145,37,213,10,3,1,1,30,1019.28,0,0.9973873965
9,0,31,0,3035,37,7,12,3,1,2,30,150.88,1,0.6707574034
30,0,44,4,15400,235,69,38,3,1,1,30,901.4,0,0.7044248421
9,0,44,1,2620,49,300,24,3,1,1,30,1306.76,0,0.7206448955
18,0,17,1,6582,142,94,45,2,2,1,25,725.58,0,0.6651188678
1,0,30,0,2520,43,160,17,2,1,1,25,835.335,0,0.5737862647
12,0,30,1,1225,38,27,14,2,1,1,25,178.335,0,0.8680406156
2,0,7,0,8368,155,51,32,4,1,1,45,340.575,0,0.8060777033
0,0,36,0,0,0,0,0,3,1,2,30,0,1,0.08782924774
4,0,34,0,1963,38,27,29,3,1,2,30,188.04,1,0.8210623929
15,0,38,0,2643,60,334,22,2,1,1,25,1624.635,0,0.6400476076
23,0,44,3,6383,114,48,32,3,1,1,30,451.88,0,0.999238341
5,0,35,0,13593,161,0,39,3,1,1,30,550.16,0,0.4797974339
16,0,40,2,4080,88,39,30,3,1,1,30,322.72,0,0.810638883
5,0,33,0,8750,112,132,39,3,1,1,30,882.48,0,0.01616319115
14,0,43,3,7103,83,125,43,2,1,1,25,885.87,0,0.9536213527
9,0,37,0,2383,50,66,35,4,1,2,45,225.825,1,0.8645624432
12,0,14,3,3078,49,28,17,3,1,1,30,237.08,0,0.8592306219
20,0,32,7,10355,91,0,38,4,1,1,45,261.15,0,0.4504614173
5,0,36,0,3893,60,0,33,1,1,1,15,217.415,0,0.4269981458
10,0,36,0,2338,54,327,20,2,1,1,25,1579.14,0,0.4819517686
3,0,36,0,1780,50,70,24,4,1,2,45,220.75,0,0.1199420605
3,0,33,1,6785,97,14,22,5,1,1,55,124.23,0,0.2872962341
6,0,43,1,2360,45,293,19,4,1,1,45,792.625,0,0.544829321
9,0,39,0,6423,71,94,24,2,1,1,25,715.23,0,0.4692727792
1,0,32,2,6660,110,264,31,2,2,1,25,1492.65,0,0.1450459682
16,0,40,4,5420,99,30,42,3,1,1,30,340.76,0,0.2541467542
4,0,9,1,4580,41,224,13,3,1,1,30,1080.84,0,0.4199247913
3,0,8,1,4795,45,216,8,3,1,1,30,1057.6,0,0.943162835
13,0,19,5,3273,57,70,25,4,1,1,45,258.25,0,0.2039510637
13,0,35,0,4503,66,0,36,1,1,1,15,251.295,0,0.5329925307
25,0,38,3,15140,225,54,32,3,1,1,30,830.6,0,0.5553843284
0,0,30,0,3950,67,0,17,3,1,1,30,160.68,0,0.5236324069
16,0,40,2,4080,88,39,30,3,1,1,30,322.72,0,0.04559819629
0,0,33,0,6185,87,0,7,4,1,1,45,156.8,0,0.2334920843
16,0,46,2,6483,111,29,20,3,1,1,30,379.76,0,0.05257757785
11,0,31,0,5818,92,18,23,2,1,1,25,346.95,1,0.2881246253
20,0,31,0,840,42,18,18,2,1,2,25,120.69,1,0.6548759453
17,0,36,6,9835,83,0,27,4,1,1,45,247.95,0,0.9281509677
9,0,16,3,4695,52,230,13,3,1,1,30,1109.88,0,0.02189888587
6,0,36,0,935,18,10,6,3,1,2,30,78.12,0,0.120954145
11,0,32,2,1800,50,211,18,3,2,1,30,918,0,0.6942484255
0,0,27,0,6400,89,0,16,4,1,1,45,162.225,0,0.2778307261
0,0,34,0,0,0,6,0,5,1,1,55,9,0,0.7512595374
12,0,39,1,15545,185,155,32,2,1,1,25,1405.35,0,0.4322763447
0,0,33,0,1765,36,143,21,2,1,1,25,724.545,0,0.7446393289
0,0,4,0,1003,5,0,4,2,1,1,25,45.36,1,0.6753631068
14,1,37,0,3295,47,16,18,3,1,2,30,197.68,1,0.1257556418
16,0,18,2,6508,147,117,46,2,2,1,25,825.975,0,0.2607781481
9,0,22,0,700,19,2,6,2,1,2,25,41.355,0,0.1637181732
10,0,25,0,1225,32,19,13,2,1,1,25,142.065,0,0.265698868
5,0,37,1,3500,32,484,6,3,1,1,30,2077.28,0,0.511677358
6,0,40,1,2508,63,0,32,2,1,1,25,115.695,0,0.8455698199
2,0,36,0,13468,163,0,42,3,1,1,30,545.24,0,0.3650857943
5,0,31,0,2193,50,344,18,2,1,1,25,1648.935,0,0.6629341391
0,1,32,0,0,0,0,0,2,1,2,25,0,1,0.8190010131
0,0,34,0,2813,66,0,11,2,1,1,25,129.555,0,0.8552966571
11,0,37,1,4495,69,7,14,3,1,1,30,210.56,0,0.5884581855
9,0,40,1,5978,98,12,14,3,1,1,30,291.04,0,0.1777210545
4,0,33,0,2685,35,2,14,2,1,2,25,131.4,1,0.7387327
6,0,7,1,4615,44,212,8,3,1,1,30,1034.36,0,0.5962784509
1,0,21,0,3145,59,0,19,3,1,1,30,128.16,0,0.7787990972
0,0,32,0,2780,19,0,12,3,1,1,30,111.96,0,0.3929844773
1,0,32,0,3638,80,0,24,2,1,1,25,167.31,0,0.2149482514
16,0,20,5,3218,54,43,23,3,2,1,30,302.88,0,0.6865236104
0,1,32,0,0,0,0,0,3,1,2,30,0,1,0.02145322171
16,0,26,0,650,35,1,14,2,1,2,25,35.325,1,0.4815293039
0,1,36,0,628,7,9,4,4,1,2,45,38.375,1,0.05610106155
0,0,40,0,0,0,1,0,2,1,2,25,4.5,1,0.8787539105
1,0,37,0,13063,158,0,44,3,1,1,30,528.84,0,0.09068376119
24,0,29,4,16370,242,14,93,2,1,1,25,810.54,0,0.7460381127
7,0,20,1,2000,32,35,16,3,1,1,30,221.28,0,0.2161461416
0,0,34,1,1963,29,14,19,3,1,1,30,135.68,0,0.9431150291
4,0,20,0,395,13,0,4,2,1,2,25,18.36,0,0.06061928163
14,0,45,2,14078,181,15,47,3,1,1,30,630.36,0,0.4801222931
0,0,34,0,5553,86,0,8,2,1,1,25,253.755,0,0.6832545657
10,0,34,0,1390,26,43,11,4,1,2,45,142.9,0,0.7790368153
0,0,23,0,0,0,0,0,4,1,2,45,0,0,0.6004668191
19,1,43,0,3555,57,31,24,3,1,2,30,268.48,1,0.398504016
10,0,29,2,3590,70,20,27,3,1,1,30,226.4,0,0.1023699527
0,0,7,0,1428,16,0,5,3,1,1,30,57.76,1,0.2157465889
9,1,42,0,2193,58,16,21,3,1,2,30,154.04,0,0.5299491816
25,0,39,4,15255,231,86,36,3,1,1,30,963.44,0,0.5650706126
1,0,35,0,2590,53,200,25,2,1,1,25,1018.935,0,0.227584746
13,0,40,4,4000,43,511,25,4,1,1,45,1378.575,0,0.2822276823
18,0,39,8,10130,93,2,41,5,1,1,55,156.345,0,0.4462764294
0,0,33,0,1170,37,22,15,3,1,2,30,136.28,0,0.9594568212
17,0,39,4,7623,91,136,54,2,2,1,25,959.13,0,0.05129023482
11,1,38,0,3170,49,20,21,3,1,2,30,208.76,1,0.07995450847
12,0,38,2,4970,81,26,32,3,1,1,30,306.04,0,0.7505630336
0,0,32,0,875,8,0,10,2,1,2,25,39.735,0,0.5659744918
9,0,38,0,2048,55,341,26,3,1,1,30,1448.12,0,0.9892817838
0,0,37,0,0,0,0,0,2,1,2,25,0,1,0.7755244478
0,0,35,1,148,4,29,4,5,1,1,55,45.78,0,0.1994532872
5,0,34,0,2033,48,320,18,2,1,1,25,1533.645,0,0.1431232729
10,0,40,1,13888,174,0,43,3,1,1,30,562.48,0,0.8144763127
4,0,42,0,2315,43,293,22,3,1,1,30,1266.32,0,0.6453461304
21,0,41,4,9480,130,156,47,3,1,1,30,1008.4,0,0.186819812
13,0,32,0,700,31,18,8,3,1,2,30,101.24,0,0.6375803031
5,0,40,0,1295,26,39,17,3,1,2,30,208.84,0,0.1266262964
19,0,39,3,3358,76,387,41,3,1,1,30,1685.36,0,0.5508325132
4,0,37,0,600,10,21,15,2,1,2,25,121.95,1,0.3207511873
23,0,19,2,6887,148,101,47,2,2,1,25,771.075,0,0.5434802071
26,0,42,9,10695,103,16,48,5,2,1,55,185.97,0,0.02139059958
8,0,17,0,8708,167,76,42,4,1,1,45,411.875,0,0.7000862712
17,0,27,0,570,39,0,11,2,1,2,25,27.405,1,0.5026459999
0,0,35,0,760,9,2,12,2,1,2,25,43.605,0,0.3759618191
24,0,21,3,6758,150,97,46,2,2,1,25,747.36,0,0.2793498844
6,0,25,0,395,19,3,5,2,1,2,25,32.13,0,0.06085413758
1,0,37,0,7263,124,382,43,2,1,1,25,2051.415,0,0.6380830716
8,0,39,2,6805,92,193,28,3,1,1,30,1047.88,0,0.8273708352
30,0,39,3,15330,225,29,30,3,1,1,30,738.2,0,0.8340295309
0,0,40,0,88,6,8,6,3,1,2,30,35.76,1,0.329565903
15,0,36,6,7870,132,299,50,3,2,1,30,1516.08,0,0.3132380017
21,0,38,1,14540,215,33,17,3,1,1,30,722.2,0,0.1051729281
8,0,39,1,3325,36,18,21,3,1,1,30,206.44,0,0.4977210055
8,0,39,1,4485,77,37,21,3,1,1,30,330.48,0,0.9325627913
9,0,36,4,7080,121,269,32,3,2,1,30,1364.04,0,0.255968761
0,0,33,0,3298,70,0,22,2,1,1,25,151.56,0,0.41254514
32,0,33,4,16570,245,16,85,2,2,1,25,828.675,0,0.9248681276
0,0,8,1,4200,40,240,12,3,1,1,30,1129.6,0,0.1381589839
8,0,41,2,3145,34,15,17,4,1,1,45,116.975,0,0.1672941564
0,0,3,0,0,0,0,0,2,1,1,25,0,1,0.52577746
6,0,39,1,7568,130,389,45,3,1,1,30,1863.92,0,0.57501193
31,0,37,5,16460,246,17,86,2,1,1,25,828.27,0,0.9919691646
2,0,36,0,13468,163,0,42,3,1,1,30,545.24,0,0.5568403833
10,0,36,2,3380,63,196,38,2,1,1,25,1036.935,0,0.9470310857
12,0,41,3,4935,95,41,31,4,1,1,45,228.25,0,0.0007637729381
0,0,35,0,3183,49,0,33,1,1,1,15,177.76,0,0.452974049
31,1,37,2,1320,56,28,21,3,1,1,30,167.04,1,0.5449329408
9,0,35,1,2748,64,373,37,2,1,1,25,1805.04,0,0.1666630895
0,0,35,0,3500,66,0,23,3,1,1,30,142.64,0,0.1310034857
31,1,39,4,15850,236,62,32,3,1,1,30,891.44,0,0.8040848399
0,0,26,0,3100,63,12,26,3,1,1,30,174.52,0,0.2043622558
2,0,36,1,2688,62,16,46,1,1,1,15,239.25,0,0.1562424132
5,0,41,0,623,11,14,6,3,1,2,30,81.36,0,0.3454757142
9,1,36,0,2268,44,34,31,3,1,2,30,228.48,1,0.1385066733
11,1,41,0,2268,50,42,32,4,1,2,45,162.95,1,0.9064533393
3,0,30,0,2148,48,344,21,2,1,1,25,1646.82,0,0.3315447823
18,0,21,2,9318,179,90,46,5,1,1,55,277.455,0,0.04418357823
9,1,38,0,2238,54,8,17,3,1,2,30,123.68,0,0.4819901201
0,0,31,0,0,0,0,0,2,1,2,25,0,1,0.3089209443
3,0,29,0,8550,105,122,35,3,1,1,30,834.2,0,0.8742295815
0,0,26,0,0,0,0,0,2,1,2,25,0,0,0.1034567139
14,0,23,1,1450,36,16,11,2,1,1,25,138.87,0,0.9010990505
0,0,38,0,115,6,32,4,2,1,2,25,149.445,1,0.07709376883
19,0,20,1,9418,185,91,47,5,1,1,55,280.545,0,0.4815647292
0,0,33,0,0,0,0,0,2,1,2,25,0,1,0.08029572683
0,0,41,0,93,1,10,6,2,1,2,25,49.23,0,0.7689119109
6,0,38,1,1973,31,7,8,4,1,1,45,67.6,0,0.1654421456
2,0,26,0,1015,11,30,6,4,1,2,45,100.65,0,0.3254801406
5,0,37,0,2375,48,157,25,2,1,1,25,815.535,0,0.2775727878
9,0,26,0,820,27,1,15,2,1,1,25,42.615,0,0.2121128966
0,0,16,0,1390,20,21,12,2,1,1,25,157.95,0,0.5029459291
21,0,33,0,765,46,7,14,2,1,2,25,67.995,1,0.2453946284
5,0,38,1,2638,61,7,33,2,1,1,25,152.955,0,0.8148941883
5,0,33,0,920,10,7,7,2,1,2,25,73.35,0,0.6472182155
15,0,31,1,1485,42,34,19,2,1,1,25,221.715,0,0.2236903451
5,0,34,0,305,6,7,2,4,1,2,45,25.275,1,0.9736744338
7,0,31,0,1310,24,39,10,4,1,2,45,130.85,0,0.6634073897
4,0,35,0,8210,105,116,26,3,1,1,30,796.6,0,0.2287220646
2,0,34,1,6365,106,250,18,2,2,1,25,1416.195,0,0.163179379
9,0,34,2,7495,108,22,22,5,1,1,55,147.045,0,0.4982465815
6,0,36,2,4318,92,23,43,3,1,1,30,268.4,0,0.1975614108
0,0,36,0,0,0,0,0,3,1,2,30,0,1,0.9782354609
1,0,30,1,6605,89,3,17,5,1,1,55,104.91,0,0.2012077112
13,1,36,0,2868,54,55,46,3,1,2,30,336.88,1,0.503803353
0,0,35,0,2675,15,444,2,3,1,1,30,1883.6,0,0.1928064026
15,0,12,0,9237,171,72,41,4,1,1,45,415.2,0,0.3412309962
11,0,35,0,4675,71,4,18,2,1,1,25,231.57,0,0.1737337986
0,0,34,0,0,0,0,0,3,1,1,30,0,0,0.2011990847
15,0,40,2,9295,129,155,48,3,1,1,30,996.96,0,0.3554444277
9,0,43,1,13773,175,8,45,3,1,1,30,589.92,0,0.9267946104
11,0,34,1,3820,78,24,24,3,1,1,30,251.92,0,0.4990484382
4,0,19,0,840,24,2,7,2,1,1,25,47.88,0,0.7540539952
23,1,37,0,910,51,24,21,2,1,2,25,151.245,1,0.4093200954
0,0,34,0,318,4,0,3,2,1,2,25,14.49,0,0.2258253309
6,0,26,0,1758,40,39,71,4,1,1,45,142.45,0,0.3676344298
3,0,15,3,2663,45,56,21,3,1,1,30,332.32,0,0.9422440293
19,0,30,2,15365,227,0,80,2,1,1,25,701.64,0,0.4837665061
8,0,39,0,1420,25,21,8,3,1,2,30,141.8,0,0.1744127498
0,0,24,0,520,4,14,1,4,1,2,45,48.1,0,0.3304646357
8,0,43,1,5918,101,15,13,3,1,1,30,300.76,0,0.6638697406
0,0,32,0,5533,87,0,6,2,1,1,25,252.9,0,0.04819823463
6,0,33,2,6850,110,239,29,2,2,1,25,1388.7,0,0.531660834
0,0,31,0,2088,46,0,30,1,1,1,15,117.37,0,0.3870875019
0,0,33,0,2703,65,0,26,2,1,1,25,124.56,0,0.3704613175
0,0,36,0,1488,42,0,16,1,1,1,15,84.15,0,0.920969849
22,0,39,2,15015,227,58,35,3,1,1,30,841.68,0,0.1750160813
4,0,36,0,13713,166,0,42,3,1,1,30,555.16,0,0.2227002201
1,0,30,0,3210,66,10,20,2,1,1,25,192.42,0,0.5545908467
7,0,20,1,2000,32,35,16,3,1,1,30,221.28,0,0.9435947548
15,0,26,0,1415,32,7,11,2,1,1,25,96.615,0,0.5811969882
2,0,36,0,2180,43,154,8,2,1,1,25,793.035,0,0.0725116912
6,0,39,0,1963,44,35,30,3,1,2,30,220.28,1,0.9647270481
23,0,32,0,840,41,0,13,2,1,2,25,39.645,1,0.7561461791
2,0,34,1,6380,92,0,24,5,1,1,55,97.08,0,0.9571106173
24,0,33,8,10740,93,0,43,4,1,1,45,270.825,0,0.8020489298
4,0,32,0,1978,44,0,11,3,1,2,30,80.88,0,0.3090818339
9,0,36,0,2268,44,34,31,3,1,2,30,228.48,1,0.735638096
3,0,33,1,6785,97,14,22,5,1,1,55,124.23,0,0.7126815354
8,0,34,0,8695,109,105,37,3,1,1,30,772.16,0,0.1836617433
3,0,39,1,2690,22,465,10,3,1,1,30,1968.48,0,0.8283617209
3,0,37,1,6740,101,22,26,5,1,1,55,135.615,0,0.5664109811
4,0,36,0,4400,78,4,26,3,1,1,30,195.12,0,0.226307021
10,0,40,0,1943,50,7,4,3,1,2,30,107.72,0,0.02233274839
11,0,27,0,700,25,10,7,2,1,2,25,77.625,0,0.2667520019
23,1,33,0,955,47,16,17,2,1,2,25,117.09,1,0.1000234853
13,0,39,2,7023,81,115,39,2,1,1,25,837.18,0,0.143691994
7,0,38,0,2328,62,363,27,2,1,1,25,1741.05,0,0.7380007037
2,0,36,0,4210,77,0,23,3,1,1,30,171.48,0,0.4511245388
11,0,16,0,8527,166,55,42,5,1,1,55,212.895,0,0.1318778806
3,0,34,0,2280,37,275,14,3,1,1,30,1192.68,0,0.7721055371
0,0,29,0,3413,70,0,25,2,1,1,25,156.735,0,0.2469570283
0,0,32,0,2710,19,466,2,3,1,1,30,1973.16,0,0.9003752264
0,0,31,0,0,0,0,0,2,1,2,25,0,0,0.4727835306
25,0,19,4,7298,157,113,59,2,2,1,25,843.975,0,0.4846406983
4,0,14,2,4390,46,223,11,3,1,1,30,1069.44,0,0.5014769814
4,0,36,0,4455,80,0,23,3,1,1,30,181.4,0,0.6299602815
10,0,38,0,4560,72,14,20,3,1,1,30,241.28,0,0.2258894503
7,0,24,1,1620,36,192,12,2,2,1,25,938.52,0,0.4328475707
0,0,7,0,3485,24,187,21,3,1,1,30,888.36,0,0.8446984282
7,0,29,2,1430,41,191,10,3,2,1,30,822.84,0,0.591115337
10,0,39,1,3070,50,293,18,3,1,1,30,1296.8,0,0.4928932482
13,0,41,5,7270,128,286,36,3,2,1,30,1439.92,0,0.2811493783
0,0,31,0,6290,90,0,17,4,1,1,45,159.5,0,0.4168623838
8,0,36,0,2970,54,184,26,2,1,1,25,964.08,0,0.9899047471
2,0,40,0,180,8,11,5,2,1,2,25,57.96,1,0.828160571
5,0,38,1,4325,82,0,22,3,1,1,30,176.28,0,0.1227398948
11,0,37,2,8870,118,142,43,3,1,1,30,927.52,0,0.2093821274
0,0,35,0,0,0,0,0,2,1,2,25,0,1,0.06816325005
0,0,33,2,6255,105,246,33,2,2,1,25,1393.2,0,0.6353657506
6,1,37,0,2143,46,38,34,3,1,2,30,239.56,1,0.2141996858
5,0,40,0,7688,135,395,48,2,1,1,25,2129.535,0,0.004807462741
14,1,44,0,2498,64,23,23,3,1,2,30,194.48,0,0.7965552557
7,0,28,0,920,32,20,12,2,1,1,25,132.84,0,0.3584905567
14,0,38,0,2573,50,41,33,4,1,2,45,168.075,1,0.6748579935
8,0,31,1,8855,111,129,37,3,1,1,30,874.64,0,0.3636044386
19,0,22,2,9237,183,88,43,5,1,1,55,273.3,0,0.3293923123
7,0,27,1,3530,67,15,25,3,1,1,30,203.88,0,0.7574950211
0,1,30,0,0,0,0,0,4,1,2,45,0,1,0.8369657645
7,0,44,0,1180,26,15,14,3,1,2,30,108.24,0,0.02277032957
0,0,37,0,0,0,0,0,2,1,2,25,0,1,0.001512177915
3,0,30,0,1883,36,17,25,3,1,2,30,144.76,1,0.7787005071
0,0,7,0,992,12,0,2,2,1,1,25,45.18,1,0.5040345419
20,0,29,2,15770,232,0,78,2,1,1,25,720.09,0,0.5566569023
13,0,36,1,5818,98,26,24,2,1,1,25,383.22,1,0.1094377682
15,0,41,2,4618,78,40,41,1,1,1,15,478.28,0,0.5309018165
19,0,43,4,9500,129,161,49,3,1,1,30,1029.16,0,0.9772352802
0,0,31,0,5613,83,0,9,2,1,1,25,256.32,0,0.9169753619
5,0,38,0,933,13,16,6,4,1,2,45,63.65,1,0.7121980766
23,0,39,8,10615,101,12,47,5,1,1,55,178.74,0,0.6604519091
30,0,33,4,16380,244,7,82,2,2,1,25,779.58,0,0.3435394485
13,0,18,0,6268,143,89,45,1,2,1,15,842.105,0,0.5168085875
12,0,40,1,2298,57,13,19,3,1,1,30,146.2,0,0.2116069793
0,0,31,0,2420,10,0,8,3,1,1,30,97.2,0,0.9820390405
0,0,36,0,3118,72,0,13,2,1,1,25,143.55,0,0.1843250303
4,0,39,0,918,15,28,19,3,1,2,30,149.32,0,0.8525578942
5,0,25,1,3470,64,10,23,3,1,1,30,181.36,0,0.5274604463
26,0,40,2,14845,221,40,19,3,1,1,30,762.64,0,0.5666029146
9,0,29,2,1620,42,200,13,3,2,1,30,866.48,0,0.5594576489
8,0,35,2,7090,103,21,24,5,1,1,55,139.395,0,0.268102316
0,0,33,0,2085,25,0,9,2,1,2,25,94.95,1,0.270026256
20,0,25,2,15815,228,0,74,2,1,1,25,721.935,0,0.613812966
2,0,9,1,4390,40,215,10,3,1,1,30,1037.2,0,0.84939751
0,0,12,1,2488,36,19,15,3,1,1,30,176.96,0,0.3570512002
0,0,29,0,14920,166,128,22,2,1,1,25,1254.87,0,0.430364441
4,0,36,0,2535,50,173,23,2,1,1,25,894.825,0,0.3437584121
7,0,35,0,2745,38,7,16,3,1,1,30,139.32,1,0.7966708577
3,0,38,1,688,10,14,6,4,1,1,45,52.45,1,0.6718213213
8,0,41,1,2153,39,18,13,4,1,1,45,99.8,0,0.7584310408
0,0,34,0,2028,49,0,29,1,1,1,15,114.235,0,0.8309762694
5,0,21,1,3270,57,7,19,3,1,1,30,161.08,0,0.8780844151
10,0,15,0,8688,168,71,40,4,1,1,45,398.9,0,0.8623719595
0,0,31,0,6480,91,7,20,4,1,1,45,181.775,0,0.179581683
5,0,22,0,305,6,13,2,4,1,2,45,40.275,0,0.1736701935
10,1,35,0,2673,49,35,29,3,1,2,30,248.88,1,0.9603496709
3,0,24,0,3630,66,9,21,3,1,1,30,183.84,0,0.1027827343
2,0,21,0,1568,33,22,67,4,1,1,45,95.025,0,0.3120051034
22,0,23,2,9498,187,95,48,5,1,1,55,287.775,0,0.6419493795
11,0,27,0,700,25,10,7,2,1,2,25,77.625,0,0.04432377772
0,0,33,0,1248,13,0,3,3,1,1,30,50.44,0,0.6804606106
12,0,40,5,7350,124,288,39,3,2,1,30,1450.96,0,0.3907817308
13,1,35,0,3590,51,30,31,3,1,2,30,265.64,1,0.4811435201
0,1,38,0,403,3,12,6,4,1,2,45,40.15,1,0.7868620534
1,0,32,0,6500,80,178,25,3,1,1,30,975.2,0,0.9206138357
6,1,31,0,5333,84,8,17,2,1,1,25,279.765,1,0.678675509
3,0,35,0,6413,69,101,35,2,1,1,25,746.19,0,0.8597262774
4,0,25,0,3415,62,17,26,3,1,1,30,207.08,0,0.4043166033
23,1,34,0,1070,53,48,21,3,1,2,30,236.92,1,0.197732627
17,0,44,3,4160,90,49,34,3,1,1,30,366,0,0.7494319953
7,0,38,1,4515,83,2,25,3,1,1,30,191.92,0,0.04610623128
6,0,38,1,1973,31,7,8,4,1,1,45,67.6,0,0.5080046859
9,0,40,0,4075,67,7,4,3,1,1,30,193.68,0,0.6461673846
7,0,13,0,8628,165,66,38,4,1,1,45,384.825,0,0.8662692652
3,0,41,1,6455,90,194,30,3,1,1,30,1037.8,0,0.2745210039
1,0,38,0,723,10,8,2,2,1,2,25,68.985,0,0.3995092662
8,0,27,3,1915,46,214,26,2,2,1,25,1051.245,0,0.323497202
8,0,43,1,7768,137,399,49,3,1,1,30,1912.2,0,0.04641270161
8,0,25,0,980,29,17,13,2,1,1,25,121.905,0,0.9174966938
15,0,40,1,4865,78,21,22,3,1,1,30,281.72,0,0.3624632581
14,0,38,0,3410,53,48,22,3,1,2,30,330.52,1,0.003232698811
2,0,39,1,518,12,15,7,5,1,1,55,30.45,0,0.3019382087
11,0,37,3,12065,164,32,62,4,1,1,45,385.725,0,0.5208111964
1,0,32,0,6233,61,90,30,2,1,1,25,688.23,0,0.5275083285
8,0,40,0,4220,79,7,12,3,1,1,30,199.96,0,0.4774993245
11,0,37,3,7150,106,26,26,5,1,1,55,147.84,0,0.9778531711
9,0,35,0,6223,95,6,13,2,1,1,25,311.31,0,0.9766269362
7,0,43,3,643,16,19,5,5,1,1,55,38.385,0,0.9584079807
0,0,7,0,4085,34,208,8,3,1,1,30,996.76,0,0.2356979134
12,0,26,2,2260,42,50,22,3,1,1,30,292.08,0,0.07025801406
2,0,36,0,4210,77,0,23,3,1,1,30,171.48,0,0.6114347554
0,0,33,0,510,5,0,7,2,1,2,25,23.175,0,0.7098334517
17,0,41,2,15850,191,162,34,2,1,1,25,1450.845,0,0.6517417997
10,0,37,0,2160,51,54,25,3,1,2,30,304.44,0,0.9005952994
0,1,35,0,295,4,14,13,2,1,2,25,76.455,1,0.2476770795
9,0,38,1,3530,79,30,28,3,1,1,30,264.36,0,0.74113071
1,0,4,0,1487,13,0,6,2,1,1,25,67.5,1,0.3603206045
5,0,35,1,1793,23,7,3,4,1,1,45,62.9,0,0.5464078786
19,0,33,8,10255,85,0,37,5,1,1,55,155.1,0,0.3613960449
0,0,10,0,1130,10,6,6,2,1,1,25,78.3,0,0.7354150877
2,1,7,2,1783,23,14,20,3,1,1,30,128.24,1,0.3317431146
0,0,35,0,0,0,0,0,2,1,2,25,0,0,0.9846908691
4,0,36,0,3280,75,16,23,2,1,1,25,222.975,0,0.3029772519
13,0,39,2,7023,81,115,39,2,1,1,25,837.18,0,0.06962977008
0,0,28,0,2920,61,9,22,3,1,1,30,155.24,0,0.265262272
0,0,38,0,1443,21,3,8,3,1,1,30,70.56,0,0.9908370413
7,0,41,1,11420,158,19,51,4,1,1,45,336.95,0,0.1740378836
19,1,44,0,2833,60,56,39,4,1,2,45,212.325,1,0.4087430437
0,0,20,0,3225,55,0,22,3,1,1,30,131.2,0,0.3123878297
5,0,42,0,888,17,24,10,4,1,2,45,82.625,1,0.4543388479
3,1,34,0,2280,30,0,16,2,1,2,25,103.95,1,0.3607335545
2,0,37,0,190,1,9,3,2,1,2,25,49.095,1,0.6560486654
11,0,39,2,2030,53,50,24,4,1,1,45,177.075,0,0.8145433257
4,0,35,0,5738,87,0,7,3,1,1,30,233,0,0.9218243105
11,0,15,4,2978,43,27,16,3,1,1,30,228.84,0,0.9122352762
3,0,34,0,6298,63,69,31,2,1,1,25,596.745,0,0.2815720931
21,0,19,2,6697,147,92,44,2,2,1,25,721.98,0,0.6935252694
8,0,37,1,6718,75,108,37,2,1,1,25,791.685,0,0.8586686943
0,0,35,0,7393,122,386,44,2,1,1,25,2075.175,0,0.9228540337
0,0,31,0,6670,92,16,23,4,1,1,45,209.05,0,0.3718753131
16,0,41,3,4195,94,71,34,3,1,1,30,455.56,0,0.3685748199
1,0,11,2,2368,31,13,12,3,1,1,30,147.96,0,0.3323368684
8,0,22,0,1045,24,8,8,2,1,1,25,84.105,0,0.8272676851
8,0,16,3,2852,45,31,19,3,1,1,30,239.88,0,0.09709107727
16,0,31,2,1610,40,36,19,2,1,1,25,236.25,0,0.5904730944
13,0,43,2,6978,85,123,43,2,1,1,25,871.335,0,0.5637763784
14,0,40,2,5898,100,36,28,2,1,1,25,431.91,1,0.05053090658
10,0,45,0,1440,30,22,19,3,1,2,30,146.8,0,0.6748074584
16,0,40,3,14678,185,28,61,3,1,1,30,706.52,0,0.3809229626
7,0,9,0,8673,161,58,34,4,1,1,45,365.85,0,0.06759480428
12,0,15,0,8932,171,73,40,4,1,1,45,410.075,0,0.7680255168
5,0,36,0,873,10,11,4,4,1,2,45,49.575,1,0.3254615286
13,0,36,1,9000,115,112,39,3,1,1,30,812.6,0,0.3445820315
7,0,40,2,3210,32,481,7,3,1,1,30,2053.68,0,0.9074188209
0,0,35,0,1940,27,246,12,3,1,1,30,1062.68,0,0.6252355553
6,0,38,1,11060,149,0,49,4,1,1,45,280.225,0,0.1601911633
17,0,39,1,2948,67,375,29,3,1,1,30,1620.6,0,0.9814628166
6,0,37,0,843,13,8,2,3,1,2,30,66.24,1,0.929747279
8,0,20,3,2808,49,39,23,3,1,1,30,270.28,0,0.1432074082
0,0,35,0,1478,25,25,8,4,1,1,45,100.075,0,0.4196322529
21,0,35,0,1265,41,32,15,3,1,2,30,180.24,0,0.2690176172
3,0,36,0,1858,26,9,9,3,1,1,30,111.36,0,0.7077734206
4,1,30,0,2008,34,19,25,3,1,2,30,157.68,1,0.1927822593
9,0,40,2,3400,33,490,10,3,1,1,30,2097.32,0,0.9909380106
9,0,32,2,3530,73,23,26,4,1,1,45,147.575,0,0.7060774785
8,0,40,1,2698,64,9,35,2,1,1,25,164.79,0,0.3260668841
13,0,20,1,6087,141,86,41,2,2,1,25,667.26,0,0.3591646032
0,0,32,0,2835,17,468,2,3,1,1,30,1986.08,0,0.6703360126
16,0,33,1,6123,98,25,25,2,1,1,25,392.445,1,0.2149157618
5,0,27,1,3285,64,13,25,3,1,1,30,185.96,0,0.06766875222
4,0,23,1,1695,32,36,15,3,1,1,30,213.08,0,0.2381170413
9,0,37,1,6043,93,7,9,3,1,1,30,273.44,0,0.2098277698
12,0,41,0,4378,74,12,40,1,1,1,15,310.86,0,0.7830588923
5,0,42,2,598,14,19,8,5,1,1,55,37.68,0,0.5270682701
17,0,21,2,6473,143,95,46,2,2,1,25,725.22,0,0.7060483433
1,0,32,0,7508,121,376,42,2,1,1,25,2035.305,0,0.7891745775
0,0,29,2,6480,102,253,26,2,2,1,25,1434.69,0,0.4930678786
5,0,28,0,305,6,7,2,4,1,2,45,25.275,0,0.6656927265
0,0,37,0,613,9,21,17,2,1,2,25,122.49,0,0.9884878853
11,0,43,1,2845,53,303,25,3,1,1,30,1327.92,0,0.1881024739
15,0,40,1,4503,72,8,37,1,1,1,15,295.625,0,0.6363664425
6,0,25,0,395,19,3,5,2,1,2,25,32.13,0,0.8509572855
4,0,38,0,2360,39,285,18,3,1,1,30,1235.96,0,0.9149169125
9,0,41,3,3515,39,522,14,4,1,1,45,1393.85,0,0.5986983964
4,0,30,0,1523,43,38,72,4,1,1,45,134.15,0,0.9362922126
14,1,37,0,3295,47,16,18,3,1,2,30,197.68,1,0.9755843303
7,1,41,0,618,16,18,9,3,1,2,30,97.36,1,0.09265254688
0,0,30,0,0,0,0,0,3,1,1,30,0,0,0.7142582437
2,0,21,0,860,23,7,9,2,1,1,25,71.235,0,0.5159000264
2,0,33,0,3245,27,1,12,3,1,1,30,134.88,0,0.3408170833
19,0,38,3,9825,132,152,43,3,1,1,30,1006.28,0,0.858458283
5,0,21,0,315,17,0,1,2,1,2,25,14.94,0,0.4583872089
14,0,40,2,3835,85,37,30,3,2,1,30,304.8,0,0.1376472857
8,0,13,0,6028,132,73,38,1,2,1,15,740.3,0,0.1053155004
0,0,38,0,2495,17,462,7,3,1,1,30,1948.48,0,0.7737801465
0,0,30,0,2530,11,461,7,3,1,1,30,1945.64,0,0.4769411737
0,0,26,0,635,9,12,1,4,1,2,45,46.1,0,0.4149430444
6,0,35,4,7080,122,303,37,3,2,1,30,1500.08,0,0.7509370996
13,0,40,1,4675,77,12,19,3,1,1,30,238.08,0,0.1179848587
0,0,41,0,0,0,8,0,2,1,2,25,36,1,0.3054376941
22,0,34,3,15770,238,1,79,2,1,1,25,724.86,0,0.149644069
6,0,37,2,3260,34,39,20,4,1,1,45,179.85,0,0.1972689726
8,1,12,3,1908,31,39,13,3,1,1,30,233.56,1,0.3037029825
0,0,35,0,7203,121,377,41,2,1,1,25,2026.08,0,0.9458533997
5,0,36,0,4310,68,0,15,2,1,1,25,197.01,0,0.6849326389
9,0,37,0,15485,182,150,30,2,1,1,25,1380.015,0,0.908691547
9,0,18,2,2558,41,17,6,3,1,1,30,171.96,0,0.3893562129
0,0,7,0,4275,35,217,11,3,1,1,30,1040.4,0,0.4392645564
28,0,43,10,10740,105,16,45,5,2,1,55,186.675,0,0.1796127791
17,0,37,4,9715,131,165,58,3,2,1,30,1053.84,0,0.580918771
22,0,36,2,15080,222,49,30,3,1,1,30,808.08,0,0.8961746278
0,0,33,0,6135,77,174,22,3,1,1,30,944.48,0,0.9045757442
2,0,34,0,2313,56,0,29,1,1,1,15,130.295,0,0.007712316657
13,0,27,0,890,26,19,10,2,1,2,25,126.72,0,0.7683732775
0,0,35,0,6440,83,181,24,3,1,1,30,984.92,0,0.9504866516
6,1,32,2,1315,42,201,12,3,2,1,30,858.28,1,0.4286213032
0,0,31,0,1825,5,0,12,3,1,1,30,73.2,0,0.06638079454
0,0,38,0,0,0,4,0,2,1,2,25,18,1,0.1194192177
1,0,28,0,1190,38,197,14,2,2,1,25,941.76,0,0.366790575
4,0,36,0,1228,17,30,19,4,1,2,45,106.125,1,0.1392130679
25,1,31,3,16075,238,0,80,2,1,1,25,734.085,0,0.6354240105
0,0,37,0,213,6,8,5,5,1,1,55,15.285,0,0.7233896322
0,0,36,0,7318,127,409,45,3,1,1,30,1933.8,0,0.6630931484
7,0,14,0,8743,171,98,42,5,1,1,55,280.71,0,0.7702467039
0,0,29,0,2475,41,160,20,2,1,1,25,833.22,0,0.5734178376
2,0,29,0,6705,95,4,18,4,1,1,45,180,0,0.4415090451
8,0,38,2,2960,49,306,33,3,1,1,30,1344.36,0,0.1572277559
0,0,33,0,11100,145,0,43,3,1,1,30,449.8,0,0.03676859559
10,0,47,0,883,21,29,12,3,1,2,30,152.16,0,0.05819559874
12,0,35,3,9410,125,158,56,3,1,1,30,1013.4,0,0.9932262771
0,0,39,0,7283,123,387,45,2,1,1,25,2074.77,0,0.2313404308
15,0,44,1,4458,76,16,41,1,1,1,15,337.37,0,0.1779435805
7,0,37,0,4400,77,0,21,3,1,1,30,179.08,0,0.7836046849
13,0,22,4,3113,55,46,25,3,1,1,30,310.72,0,0.0001365125248
4,0,8,1,1892,24,1,5,3,1,1,30,80.64,1,0.5714592956
5,0,36,1,305,6,7,2,5,1,1,55,15.165,0,0.09715362151
5,0,37,0,1370,40,24,7,3,1,2,30,152.4,0,0.5097798313
0,0,31,0,13468,157,0,41,3,1,1,30,545,0,0.1515853491
19,0,36,8,10245,92,0,39,5,2,1,55,155.055,0,0.6900393214
31,0,44,5,15525,233,71,38,3,1,1,30,914.32,0,0.6309959106
5,0,38,0,6593,77,112,40,2,1,1,25,804.15,0,0.1307816796
4,0,31,0,2780,47,167,22,2,1,1,25,878.715,0,0.149212208
9,0,30,1,3710,75,26,30,3,1,1,30,255.4,0,0.3216004033
7,0,28,1,1683,44,28,67,5,1,1,55,67.905,0,0.6127385564
0,0,36,0,1068,15,0,3,3,1,1,30,43.32,0,0.9713014166
20,0,28,1,15655,226,0,74,2,1,1,25,714.645,0,0.1121041441
0,0,29,0,6420,88,2,18,4,1,1,45,167.7,0,0.3450543937
0,0,37,0,630,11,0,11,2,1,1,25,28.845,0,0.5608304996
7,0,40,0,1015,20,20,10,3,1,2,30,121.4,0,0.8532332117
2,0,9,1,4390,40,215,10,3,1,1,30,1037.2,0,0.6798952195
3,0,35,0,6413,69,101,35,2,1,1,25,746.19,0,0.7310419319
0,0,8,0,777,8,0,7,3,1,1,30,31.4,1,0.0193518332
11,0,34,3,1620,48,208,14,3,2,1,30,898.72,0,0.5832681222
10,0,10,0,8932,165,65,39,4,1,1,45,389.925,0,0.1380607087
2,0,38,1,2920,24,10,18,3,1,1,30,157.76,0,0.6385775873
6,0,38,0,3598,56,0,20,1,1,1,15,200.97,0,0.804829568
11,1,36,0,2513,47,36,31,3,1,2,30,246.4,1,0.9042646392
13,0,27,0,945,28,12,7,3,1,2,30,86.92,0,0.5078196023
5,0,35,0,305,6,7,2,2,1,2,25,45.495,1,0.1925279018
0,0,32,0,1303,16,0,2,3,1,1,30,52.76,0,0.6726328045
11,0,36,1,13998,173,7,42,3,1,1,30,594.84,0,0.626002382
2,0,31,0,6333,67,91,31,2,1,1,25,697.5,0,0.6924725129
0,0,33,0,653,8,0,4,3,1,1,30,26.44,0,0.6619234927
9,0,20,4,2933,47,41,23,3,1,1,30,283.2,0,0.2062006052
7,0,37,2,3220,25,479,5,3,1,1,30,2045.8,0,0.605027529
22,0,35,8,10840,98,2,40,4,1,1,45,278.45,0,0.4526667909
13,0,36,4,7460,123,287,38,3,2,1,30,1451.32,0,0.7288329634
12,0,44,2,6303,103,24,18,3,1,1,30,352.24,0,0.05364485915
17,0,39,2,4485,93,40,28,3,1,1,30,343.12,0,0.4786494193
19,0,32,1,14755,217,37,26,3,1,1,30,746.88,0,0.1949942039
26,0,25,3,6958,157,107,50,2,2,1,25,801.675,0,0.2885031377
15,0,41,2,5818,104,34,25,3,1,1,30,372.88,0,0.9888092948
0,0,36,1,6310,86,211,28,3,1,1,30,1099.84,0,0.5747498875
6,0,37,1,6528,74,99,34,2,1,1,25,742.59,0,0.3014905305
0,0,35,0,958,14,0,6,3,1,1,30,38.88,0,0.7536962802
10,0,40,1,6898,83,119,42,2,1,1,25,849.645,0,0.657655077
3,0,37,1,6500,86,186,26,3,1,1,30,1007.44,0,0.2169184615
6,1,11,2,1602,24,0,6,3,1,1,30,65.04,1,0.002021263646
0,0,35,0,4903,78,0,10,2,1,1,25,224.145,0,0.1496320667
9,0,40,1,2665,45,292,20,3,1,1,30,1276.4,0,0.2858823903
27,0,20,3,7407,158,100,44,2,2,1,25,790.425,0,0.7235273299
4,0,36,0,2590,52,166,20,2,1,1,25,865.89,0,0.5972004909
4,0,31,0,15225,172,135,24,2,1,1,25,1300.365,0,0.3806680367
11,0,37,0,15675,183,159,33,2,1,1,25,1429.11,0,0.06998659605
4,0,41,1,7588,129,394,47,3,1,1,30,1884.68,0,0.7597129879
0,0,30,0,780,14,29,7,4,1,2,45,92.35,0,0.1764052361
2,0,23,0,1388,31,19,63,4,1,1,45,82.975,0,0.9258292991
6,0,34,3,6965,116,271,33,2,2,1,25,1538.145,0,0.4514862489
0,0,34,0,3413,76,0,26,2,1,1,25,157.005,0,0.3428314477
2,0,36,1,528,5,13,5,5,1,1,55,27.495,0,0.843610818
10,0,43,1,2878,72,20,40,2,1,1,25,222.75,0,0.877524689
17,0,17,1,9237,177,80,42,5,1,1,55,261.21,0,0.9828500198
0,0,33,0,1875,25,267,11,3,1,1,30,1144,0,0.7248064741
8,0,38,0,2085,56,77,26,4,1,2,45,246.025,0,0.8631871304
11,0,23,0,745,21,7,3,2,1,2,25,65.97,0,0.6762630111
9,0,40,1,6033,100,5,11,3,1,1,30,265.32,0,0.03368764298
0,1,7,0,1183,13,0,5,2,1,2,25,53.82,1,0.5788918957
13,0,40,1,4675,77,12,19,3,1,1,30,238.08,0,0.06845992693
12,0,33,1,9035,119,134,39,3,1,1,30,902.16,0,0.1139095119
12,0,43,2,11725,164,26,53,4,1,1,45,362.225,0,0.1570601208
11,0,11,0,8853,169,63,36,4,1,1,45,383.05,0,0.4037196575
7,0,12,0,8513,159,34,34,4,1,1,45,301.8,0,0.3377550616
4,0,41,1,4210,83,3,24,3,1,1,30,183.72,0,0.178999771
14,0,40,2,3890,87,30,27,3,1,1,30,279.08,0,0.5383028009
23,0,38,3,14895,222,52,32,3,1,1,30,812.68,0,0.8241081691
2,0,31,2,7080,101,28,35,4,1,1,45,249.525,0,0.9358076803
1,0,34,0,2840,22,0,14,3,1,1,30,114.48,0,0.0998541964
8,1,34,0,5513,92,19,22,2,1,1,25,337.725,1,0.5825439507
7,1,7,1,1713,23,7,5,3,1,1,30,97.44,1,0.5159558842
12,0,14,0,8818,165,41,36,4,1,1,45,327.075,0,0.04283263752
0,0,4,0,3905,26,197,3,3,1,1,30,945.24,0,0.5047129583
2,0,36,0,13468,163,0,42,3,1,1,30,545.24,0,0.3621412317
13,0,39,2,5225,94,10,25,3,1,1,30,252.76,0,0.8116474053
5,0,39,0,6205,82,172,13,3,1,1,30,939.48,0,0.8492162629
10,0,37,0,5693,100,30,27,2,1,1,25,395.685,1,0.9628383402
16,0,40,0,2733,61,24,22,3,1,2,30,207.76,0,0.3415466822
0,0,37,0,0,0,0,0,2,1,2,25,0,0,0.6527505231
27,0,37,9,11145,104,9,42,5,2,1,55,182.235,0,0.1807038475
6,0,38,0,15360,184,154,33,2,1,1,25,1392.48,0,0.2965070549
2,0,31,0,1933,42,0,14,3,1,2,30,79,0,0.5246503211
10,0,21,4,2852,51,39,20,3,1,1,30,272.12,0,0.4483844558
11,0,38,3,4623,98,30,45,3,1,1,30,308.84,0,0.7371209782
9,0,18,0,8627,171,74,39,5,1,1,55,242.97,0,0.9610426383
10,0,38,2,7270,111,32,29,5,1,1,55,158.715,0,0.9284416863
7,0,40,1,2420,42,290,20,3,1,1,30,1258.48,0,0.5704907785
16,0,33,6,10015,81,0,36,4,1,1,45,252.4,0,0.6770813584
28,0,35,3,15445,225,53,33,3,1,1,30,838.8,0,0.4785138614
0,0,34,0,1173,18,0,1,3,1,1,30,47.64,0,0.0768671123
4,0,26,0,1568,39,30,68,4,1,1,45,115.175,0,0.6713405567
3,0,39,0,1620,48,46,24,3,1,2,30,250.72,0,0.4617973312
6,0,37,1,1725,47,43,22,3,1,1,30,242.88,0,0.3804521326
15,0,41,3,4110,44,498,10,4,1,1,45,1348.85,0,0.03005052214
8,0,36,1,11870,159,12,45,3,1,1,30,529.16,0,0.7439622062
8,0,38,3,3695,37,504,23,3,1,1,30,2165.28,0,0.5830239189
0,0,36,0,405,8,6,6,2,1,2,25,45.585,0,0.3659170092
10,0,42,0,2318,56,18,21,3,1,2,30,166.96,0,0.3165834013
6,0,34,0,4435,81,0,21,3,1,1,30,180.64,0,0.8627767306
0,0,37,0,1650,28,260,18,3,1,1,30,1107.12,0,0.04333047977
12,0,40,3,3298,74,30,50,2,1,1,25,286.74,0,0.4134659592
16,0,36,0,14235,209,26,15,3,1,1,30,681.76,0,0.02037978385
10,0,40,3,7090,109,29,25,5,1,1,55,151.485,0,0.8395780932
13,0,45,2,8073,143,406,51,3,1,1,30,1952.64,0,0.2313093399
20,0,40,4,4680,98,60,45,3,1,1,30,431.12,0,0.399060782
13,0,41,2,9070,125,152,47,3,1,1,30,975.8,0,0.1886305657
0,0,35,0,3355,54,0,15,2,1,1,25,153.405,0,0.6090982851
8,0,15,3,4775,48,232,16,3,1,1,30,1120.92,0,0.1399933228
5,1,32,0,5453,89,14,20,2,1,1,25,312.39,1,0.3666695149
1,0,36,0,3035,24,478,6,3,1,1,30,2034.36,0,0.673680368
1,0,34,0,2475,47,168,21,2,1,1,25,869.49,0,0.01874810289
29,1,40,10,10800,102,13,46,5,2,1,55,183.03,0,0.713669444
3,0,36,0,7393,121,352,39,2,1,1,25,1922.13,0,0.9742998343
17,0,38,8,10210,89,4,44,4,2,1,45,267.475,0,0.4991901022
9,0,33,0,3775,76,24,27,2,1,1,25,281.295,0,0.8387264757
25,1,38,0,955,53,24,18,3,1,2,30,136.32,1,0.4764396139
25,1,36,0,1135,55,27,22,2,1,2,25,175.05,1,0.7954256358
5,0,39,0,305,6,7,2,2,1,2,25,45.495,1,0.8497359957
10,0,38,1,2568,66,391,28,3,1,1,30,1669.36,0,0.2315421298
10,0,13,3,4755,49,227,14,3,1,1,30,1100.16,0,0.4952928486
11,0,27,1,930,28,7,2,2,1,1,25,74.61,0,0.09424585845
11,1,36,1,5573,95,24,24,2,1,1,25,363.06,1,0.8230365824
11,0,32,1,9115,115,136,42,3,1,1,30,913.2,0,0.624093867
0,0,36,0,1478,24,0,3,3,1,1,30,60.08,0,0.1611183303
5,0,14,2,2737,40,33,20,3,1,1,30,243.08,0,0.4129407332
0,0,37,0,685,13,0,8,2,1,2,25,31.41,0,0.1552868733
3,0,40,1,4290,79,5,27,3,1,1,30,194.76,0,0.9108061165
10,0,34,0,5703,93,28,25,2,1,1,25,386.82,1,0.2330022513
1,0,6,1,1308,11,0,2,3,1,1,30,52.76,1,0.810067272
5,0,36,0,1000,12,7,8,2,1,2,25,77.04,0,0.2326186347
14,0,18,0,9113,179,84,45,4,1,1,45,442.3,0,0.1829193654
14,1,17,1,6148,138,83,42,1,2,1,15,802.23,0,0.08431529095
14,0,38,2,7428,86,116,37,2,1,1,25,860.13,0,0.8714623834
6,0,23,1,3450,65,7,21,3,1,1,30,168.6,0,0.83549484
1,0,33,3,6775,116,296,35,2,2,1,25,1642.095,0,0.7268853509
0,0,34,0,2650,21,0,11,3,1,1,30,106.84,0,0.1135122233
3,0,25,2,1610,40,207,24,2,2,1,25,1005.75,0,0.6784986864
0,0,41,0,2088,58,3,32,2,1,1,25,110.07,0,0.2278848057
3,0,24,1,1863,43,44,81,4,1,1,45,157.65,0,0.8639192996
0,0,32,0,325,6,0,2,2,1,2,25,14.895,0,0.838228604
3,0,37,1,6500,86,186,26,3,1,1,30,1007.44,0,0.7632644713
6,0,38,0,5918,95,7,12,3,1,1,30,268.52,0,0.3993564022
28,1,35,0,1260,53,23,19,3,1,2,30,144.52,1,0.3131124816
32,1,40,4,15635,232,70,37,3,1,1,30,914.68,0,0.2781738305
13,0,40,3,3265,55,313,35,4,1,1,45,865.5,0,0.7062158778
13,0,21,2,2710,43,43,16,3,1,1,30,282.12,0,0.4957602001
17,0,16,1,6797,146,86,40,1,2,1,15,854.865,0,0.1521107974
4,0,38,1,3095,27,483,8,3,1,1,30,2056.88,0,0.8504840504
28,0,41,9,10920,107,19,49,5,2,1,55,193.905,0,0.4390761543
0,0,31,0,4210,71,0,22,3,1,1,30,171.24,0,0.7329695927
6,0,38,0,2550,40,294,21,3,1,1,30,1279.6,0,0.1222153451
16,0,39,1,15980,189,166,35,2,1,1,25,1474.605,0,0.1506122278
25,1,33,0,1200,50,18,17,3,1,2,30,122,1,0.5042328051
2,0,36,3,6740,112,274,35,2,2,1,25,1541.34,0,0.3781802793
7,0,39,0,1370,21,16,16,2,1,2,25,134.595,0,0.9788637546
10,1,40,0,2348,46,44,35,3,1,2,30,271.76,1,0.6724966462
25,0,31,3,16075,238,0,80,2,1,1,25,734.085,0,0.4916109632
3,0,40,1,3798,84,12,32,3,1,1,30,203.28,0,0.7045611795
0,0,11,1,4165,36,218,12,3,1,1,30,1040.04,0,0.8238019238
12,0,39,1,4705,83,7,23,3,1,1,30,219.52,0,0.733663734
12,0,19,1,6168,137,88,44,1,2,1,15,830.775,0,0.6249768208
27,1,31,0,1180,51,13,15,3,1,2,30,101.24,1,0.1775880723
0,0,33,0,1550,39,40,21,3,1,2,30,223.56,0,0.8718574863
9,0,37,0,8515,111,123,28,3,1,1,30,837.04,0,0.6140845144
11,0,15,0,6087,135,78,40,1,2,1,15,771.21,0,0.001852313386
8,0,39,0,3650,84,36,31,2,1,1,25,330.03,0,0.5151804262
5,0,14,0,5377,124,53,40,1,2,1,15,594.055,0,0.9030780129
19,0,33,0,355,37,0,2,2,1,2,25,17.64,1,0.192018346
3,0,23,0,1235,34,183,7,2,2,1,25,880.605,0,0.3046984476
11,0,37,5,7385,128,310,39,3,2,1,30,1540.52,0,0.6788008716
0,0,35,0,290,2,0,2,2,1,2,25,13.14,0,0.7300984847
3,0,29,1,3305,63,18,27,3,1,1,30,206.72,0,0.1657417788
16,0,38,1,3163,71,367,24,3,1,1,30,1597.36,0,0.8957513773
5,0,38,1,4270,80,0,25,3,1,1,30,174,0,0.2989655012
1,0,34,0,2475,47,168,21,2,1,1,25,869.49,0,0.3709539999
7,0,35,0,2338,55,361,25,2,1,1,25,1732.185,0,0.2869741474
8,0,39,1,7813,133,391,45,3,1,1,30,1881.84,0,0.0838716967
0,0,7,0,4085,34,208,8,3,1,1,30,996.76,0,0.5161530318
1,1,40,0,708,9,19,8,4,1,2,45,65.425,1,0.2591554398
5,0,35,0,1855,45,47,23,3,1,2,30,264,0,0.89997596
1,0,40,2,418,6,14,6,5,1,1,55,27.36,0,0.008994151171
5,0,32,1,305,6,7,2,3,1,1,30,40.44,0,0.7268889248
23,0,24,3,6697,153,100,45,2,2,1,25,758.25,0,0.7456972044
8,0,37,0,1970,50,45,22,3,1,2,30,260.8,0,0.4797096675
0,0,33,0,0,0,0,0,2,1,2,25,0,0,0.02824160465
14,0,40,2,8523,144,399,45,3,1,1,30,1942.68,0,0.2648206552
15,0,37,2,9305,122,153,46,3,1,1,30,989.08,0,0.3517678346
3,0,37,0,7508,127,384,43,2,1,1,25,2071.575,0,0.7931169684
5,0,23,0,920,26,12,11,2,1,1,25,96.57,0,0.7074933466
12,0,30,2,1933,48,42,72,5,1,1,55,92.715,0,0.617888325
5,0,33,0,13773,163,0,43,3,1,1,30,557.44,0,0.7162857594
0,0,37,0,0,0,0,0,2,1,2,25,0,0,0.7694806969
8,0,40,3,703,13,16,6,5,1,1,55,34.74,0,0.523174734
9,0,39,2,8890,117,147,45,3,1,1,30,948.28,0,0.385234907
4,0,12,1,4570,48,226,15,3,1,1,30,1088.72,0,0.9489841918
1,0,37,1,6255,83,184,26,3,1,1,30,989.52,0,0.159003241
8,1,36,0,2585,36,0,18,3,1,2,30,104.84,1,0.161261649
7,0,34,1,13818,165,7,40,3,1,1,30,587.32,0,0.8112886263
3,0,32,2,6850,111,273,34,2,2,1,25,1541.745,0,0.147620399
6,1,30,1,1495,44,204,16,2,2,1,25,987.255,1,0.5831476401
3,0,36,0,3703,59,0,30,2,1,1,25,169.29,0,0.8639693525
14,0,39,1,5080,82,30,17,3,1,1,30,326.48,0,0.3994896935
3,0,36,1,6528,75,133,39,2,1,1,25,895.635,0,0.1669865563
9,0,16,0,8808,173,77,43,4,1,1,45,417.025,0,0.6359517653
0,0,8,0,3680,29,190,10,3,1,1,30,908.36,0,0.6193228154
6,0,40,0,3973,62,4,37,2,1,1,25,199.575,0,0.8044220417
12,0,35,0,2393,42,30,28,4,1,2,45,135.875,1,0.3377505716
0,0,33,0,0,0,0,0,3,1,2,30,0,1,0.282439574
0,0,30,0,13208,153,0,36,3,1,1,30,534.44,0,0.1147811923
0,0,33,0,0,0,0,0,4,1,1,45,0,0,0.9286504677
9,0,36,0,15370,176,118,26,2,1,1,25,1230.57,0,0.7247571355
5,0,33,1,2965,20,7,11,3,1,1,30,147.4,0,0.9184179188
0,0,36,0,1865,32,269,13,3,1,1,30,1151.88,0,0.2833163121
0,0,5,0,4025,31,203,6,3,1,1,30,974.24,0,0.9093520305
12,0,44,2,4283,98,24,36,3,1,1,30,271.24,0,0.6872707033
5,0,37,1,6690,87,195,29,3,1,1,30,1051.08,0,0.1053614579
0,0,34,0,0,0,0,0,5,1,1,55,0,0,0.9588212869
10,0,35,0,14078,169,0,45,3,1,1,30,569.88,0,0.4698699915
0,0,34,0,2240,12,0,4,3,1,1,30,90.08,0,0.9577434366
10,0,21,1,1270,28,11,9,2,1,1,25,107.91,0,0.1747516051
0,0,20,0,1183,31,13,62,4,1,1,45,62.85,0,0.6274522104
11,1,38,0,2428,55,17,20,3,1,2,30,167.32,0,0.9326075364
0,0,30,0,7203,115,369,40,2,1,1,25,1989.81,0,0.1910433326
15,0,42,3,9115,127,152,44,3,1,1,30,977.68,0,0.6081507483
10,0,27,1,2278,50,38,68,4,1,1,45,153.2,0,0.5124819901
21,0,19,2,6697,147,92,44,2,2,1,25,721.98,0,0.04221753073
11,0,36,1,4740,87,7,23,3,1,1,30,221.08,0,0.9526783503
8,0,44,1,2653,68,17,39,2,1,1,25,198.945,0,0.3424556983
11,0,36,4,7270,122,278,35,3,2,1,30,1407.68,0,0.2624725097
8,0,36,3,7205,109,53,28,5,1,1,55,189.21,0,0.6318337389
15,0,43,1,2713,70,374,30,3,1,1,30,1607.32,0,0.4124050845
8,0,35,1,8810,115,137,41,3,1,1,30,905,0,0.924189376
0,0,25,0,3035,60,0,20,3,1,1,30,123.8,0,0.326047413
29,0,36,3,15365,229,51,30,3,1,1,30,827.76,0,0.08012774982
0,0,29,0,0,0,0,0,4,1,1,45,0,0,0.5887110362
8,0,43,2,1973,37,15,9,4,1,1,45,87.75,0,0.7423533285
0,1,36,0,0,0,0,0,2,1,2,25,0,1,0.6912747502
0,0,34,0,1875,37,147,6,2,1,1,25,747.54,0,0.4532654896
17,0,18,6,3758,61,59,36,3,2,1,30,388.76,0,0.8500117645
1,0,33,1,6540,94,12,22,4,1,1,45,195.85,0,0.406277737
13,1,36,1,5818,98,26,24,2,1,1,25,383.22,1,0.04364467354
6,1,36,0,2865,43,13,19,2,1,2,25,189.36,1,0.203375343
2,0,38,0,710,14,13,8,3,1,2,30,80.96,0,0.5200053807
9,0,35,1,3595,74,21,23,3,1,1,30,230.76,0,0.703069997
26,0,39,10,10855,105,40,48,5,2,1,55,224.4,0,0.5538548966
20,0,35,1,14720,213,15,26,2,1,1,25,739.485,0,0.3039298966
9,0,29,2,1620,42,200,13,3,2,1,30,866.48,0,0.8574789069
9,0,29,2,1620,42,200,13,3,2,1,30,866.48,0,0.4686765411
0,0,32,0,2345,15,0,9,3,1,1,30,94.4,0,0.4450920834
0,0,23,0,2920,55,1,21,3,1,1,30,123,0,0.7424819012
0,0,6,1,4210,32,204,5,3,1,1,30,985.68,0,0.3849617402
11,0,27,0,700,25,10,7,2,1,2,25,77.625,0,0.1372369438
0,0,13,0,1210,12,10,7,2,1,1,25,99.99,0,0.2092249592
19,0,35,0,730,43,19,19,2,1,2,25,120.285,1,0.3624839547
0,0,38,0,6375,88,190,29,3,1,1,30,1018.52,0,0.5259740496
3,0,36,0,4065,65,0,15,2,1,1,25,185.85,0,0.6953232673
5,0,37,0,14885,172,129,15,2,1,1,25,1258.065,0,0.8423005252
13,0,37,1,4323,64,7,32,1,1,1,15,279.785,0,0.1484611314
2,0,39,0,808,15,20,9,4,1,2,45,70.575,1,0.7772185987
0,0,35,0,513,1,0,3,4,1,2,45,12.85,1,0.2608218952
6,0,13,3,2673,37,20,14,3,1,1,30,188.4,0,0.7519621636
10,0,38,2,6518,105,28,27,3,1,1,30,376.92,0,0.1825938842
18,1,27,0,695,37,1,11,2,1,2,25,37.44,1,0.1899167191
0,0,9,0,3790,30,194,23,3,1,1,30,928.8,0,0.5306288387
0,0,30,0,3633,50,0,27,1,1,1,15,202.565,0,0.05288436118
2,1,27,1,1070,33,191,11,2,2,1,25,909.135,0,0.665808713
6,0,25,0,395,19,3,5,2,1,2,25,32.13,0,0.7635901886
7,0,40,0,1015,20,20,10,3,1,2,30,121.4,0,0.896993624
8,0,33,0,3285,45,23,29,2,1,2,25,253.35,1,0.8110456483
6,0,35,1,8620,114,128,38,3,1,1,30,861.36,0,0.5927620847
8,0,15,0,8333,161,52,25,4,1,1,45,342.35,0,0.4659427945
13,0,15,0,6277,136,87,43,1,2,1,15,831.215,0,0.1192614368
3,0,34,0,3410,73,20,24,2,1,1,25,246.735,0,0.4236379986
7,0,13,0,8627,165,66,38,4,1,1,45,384.8,0,0.8976430199
26,1,35,0,1070,52,14,16,3,1,2,30,100.88,1,0.9840965023
16,1,41,0,2753,58,52,38,4,1,2,45,200.275,1,0.05592629294
0,0,6,0,472,2,0,5,2,1,1,25,21.33,1,0.7286370038
21,0,36,8,10435,93,1,42,5,1,1,55,159.42,0,0.1465081938
4,0,13,2,1568,21,10,11,3,1,1,30,103.56,1,0.9852891504
28,0,38,9,10930,100,17,47,5,1,1,55,190.95,0,0.1113231367
5,0,18,1,1940,29,30,14,2,1,1,25,223.605,0,0.6265344911
0,0,28,0,6300,83,0,15,4,1,1,45,159.575,0,0.1419029245
7,1,33,0,2088,36,23,26,3,1,2,30,176.96,1,0.6192417207
12,0,35,4,7690,113,42,39,5,1,1,55,180.045,0,0.7319500495
21,0,28,2,2240,49,34,15,2,1,1,25,256.005,0,0.9664609213
0,0,33,0,1908,44,0,26,1,1,1,15,107.36,0,0.1268102553
7,0,34,1,4560,79,7,21,3,1,1,30,213.56,0,0.2297550324
3,0,13,2,4470,42,225,14,3,1,1,30,1080.48,0,0.4993260348
5,0,39,0,305,6,7,2,2,1,2,25,45.495,1,0.1999023235
10,0,40,2,4630,88,0,24,3,1,1,30,188.72,0,0.6275091438
2,0,36,0,2870,66,4,11,2,1,1,25,150.12,0,0.7596974941
4,0,33,0,5918,89,0,11,2,1,1,25,270.315,0,0.109454195
7,0,10,1,4580,40,190,8,3,1,1,30,944.8,0,0.8374422582
22,0,31,0,1250,51,30,30,2,1,2,25,193.545,1,0.3587125988
0,0,34,0,1995,30,273,14,3,1,1,30,1173,0,0.1313962813
7,0,34,0,15305,174,139,25,2,1,1,25,1322.055,0,0.8033737691
22,0,41,3,14835,225,55,31,3,1,1,30,822.4,0,0.05743669219
8,0,42,1,13853,171,10,48,3,1,1,30,600.96,0,0.02939492043
4,0,11,0,8568,162,61,36,4,1,1,45,370.75,0,0.9635472434
16,1,43,0,2723,68,26,24,3,1,2,30,215.64,0,0.6189488067
1,0,36,0,3293,50,0,18,1,1,1,15,183.865,0,0.9102555429
11,0,42,1,3730,86,40,32,3,1,1,30,312.64,0,0.3340063217
4,0,31,0,3145,22,0,15,3,1,1,30,126.68,0,0.3461087328
5,0,42,0,393,12,15,8,3,1,2,30,76.2,1,0.1709550786
1,0,41,1,2790,27,484,7,3,1,1,30,2048.68,0,0.4377014957
17,0,42,1,2938,74,377,31,3,1,1,30,1628.48,0,0.8913129665
5,1,37,0,2765,37,12,18,2,1,2,25,180.09,1,0.03624775946
4,0,38,0,900,15,22,11,3,1,2,30,124.6,0,0.534691486
0,0,36,0,2600,20,467,3,3,1,1,30,1972.8,0,0.6844435006
14,0,44,3,11770,166,26,50,4,1,1,45,363.4,0,0.4018886869
13,0,28,2,4240,78,23,25,3,1,1,30,264.72,0,0.3612570493
6,0,42,1,1928,35,15,12,4,1,1,45,86.575,0,0.2077552225
0,0,30,0,1795,23,263,10,3,1,1,30,1124.72,0,0.01677826544
10,0,42,2,1075,23,25,12,3,1,1,30,143.92,0,0.8353241574
0,0,36,0,2088,52,0,31,1,1,1,15,117.7,0,0.3184642777
3,0,32,2,6905,113,266,31,2,2,1,25,1512.81,0,0.05528523752
8,0,37,0,1970,50,45,22,3,1,2,30,260.8,0,0.3837605269
9,1,39,0,2353,60,40,21,3,1,2,30,256.52,0,0.02950815293
4,1,34,0,1963,38,27,29,3,1,2,30,188.04,1,0.8475052607
19,0,41,2,5385,88,37,19,3,1,1,30,366.92,0,0.6058917636
0,0,35,0,7203,121,377,41,2,1,1,25,2026.08,0,0.1567184077
0,0,32,0,650,27,6,18,3,1,2,30,51.08,0,0.686874913
1,0,35,1,743,9,5,1,5,1,1,55,18.78,0,0.01693547558
6,0,42,3,723,12,21,8,5,1,1,55,42.525,0,0.05865375849
11,0,33,2,1873,51,45,71,5,1,1,55,96.36,0,0.9653976829
0,0,36,0,1455,23,257,1,3,1,1,30,1087.12,0,0.3863003745
0,0,30,0,1283,17,0,5,3,1,1,30,52,0,0.9150050682
0,0,34,0,3223,75,0,23,2,1,1,25,148.41,0,0.885981048
2,0,35,0,4095,71,0,19,3,1,1,30,166.64,0,0.5124547861
5,0,40,1,2800,23,469,9,3,1,1,30,1988.92,0,0.8943689975
7,1,35,0,2800,40,0,13,3,1,2,30,113.6,1,0.363524325
0,1,34,0,0,0,0,0,3,1,2,30,0,1,0.9728004928
25,0,31,3,16075,238,0,80,2,2,1,25,734.085,0,0.6927450415
5,0,33,0,305,6,7,2,2,1,2,25,45.495,1,0.7560224938
18,0,34,0,1005,37,25,10,3,1,2,30,141.68,0,0.184098433
0,0,30,0,0,0,0,0,2,1,2,25,0,1,0.8194413458
10,0,19,3,3033,53,42,24,3,1,1,30,291.44,0,0.4698292159
16,0,17,1,6393,141,85,42,2,2,1,25,676.53,0,0.8721402807
8,0,16,3,2852,45,31,19,3,1,1,30,239.88,0,0.6376113293
3,0,41,0,5613,95,8,11,3,1,1,30,260.32,0,0.4537574679
6,0,40,0,1028,16,15,4,3,1,2,30,101.76,0,0.8693481455
5,0,32,1,305,6,7,2,5,1,1,55,15.165,1,0.5303909623
2,0,42,0,875,20,8,12,2,1,2,25,76.275,0,0.8306905582
0,0,26,0,0,0,0,0,4,1,2,45,0,0,0.3474391388
8,0,35,1,8810,115,137,41,3,1,1,30,905,0,0.13739167
4,0,37,0,2048,54,33,19,3,1,2,30,216.08,0,0.1457326467
7,1,31,0,2268,38,26,30,3,1,2,30,196.24,1,0.3369863219
0,0,37,0,8,4,4,5,3,1,2,30,16.48,1,0.8121306496
0,0,24,0,710,5,23,4,4,1,2,45,75.375,0,0.5817143849
7,0,42,2,2053,33,17,12,4,1,1,45,94.65,0,0.7882299547
0,0,28,0,0,0,0,0,3,1,2,30,0,1,0.01644950861
6,0,38,0,5918,95,7,12,3,1,1,30,268.52,0,0.06288466161
12,0,37,0,2363,52,7,14,3,1,2,30,124.6,0,0.8646280115
10,0,36,0,15890,187,151,28,2,1,1,25,1402.965,0,0.4283932576
14,0,39,1,8820,117,130,30,3,1,1,30,877.48,0,0.03239503753
5,0,36,0,2263,60,384,26,3,1,1,30,1628.92,0,0.3796472889
0,0,7,0,1182,13,0,5,2,1,1,25,53.775,1,0.5486258068
0,0,38,0,7383,129,388,46,2,1,1,25,2084.04,0,0.7140361872
13,0,41,1,3265,67,193,30,2,1,1,25,1018.44,0,0.363988704
5,0,36,1,3963,85,7,28,3,1,1,30,189.92,0,0.5718831154
2,0,25,0,3225,61,8,23,3,1,1,30,163.44,0,0.5092719434
0,0,37,0,0,0,0,0,2,1,2,25,0,0,0.007685395852
16,1,42,5,7530,132,293,41,3,2,1,30,1478.48,0,0.6908966086
2,0,36,0,1260,39,20,22,3,1,2,30,131.96,0,0.2571124051
0,0,37,0,6908,117,363,28,2,1,1,25,1949.625,0,0.4246144725
10,0,35,2,7280,104,30,27,5,1,1,55,155.76,0,0.3598663596
12,0,44,1,14033,179,15,50,3,1,1,30,628.48,0,0.3871886568
12,0,40,0,2633,68,370,29,3,1,1,30,1588.04,0,0.3010476092
0,0,32,0,1588,23,0,2,3,1,1,30,64.44,0,0.9263578027
8,0,44,0,1095,22,30,14,3,1,2,30,164.68,0,0.07112735235
2,0,13,1,4345,44,223,14,3,1,1,30,1067.56,0,0.5031884898
1,0,38,0,2795,26,8,18,3,1,1,30,144.84,0,0.1351798435
3,0,35,0,1558,33,9,31,3,1,2,30,99.64,1,0.1552566583
13,0,39,1,14483,180,8,44,3,1,1,30,618.52,0,0.5044537864
0,0,11,0,1390,14,13,11,2,1,1,25,121.68,0,0.03681406348
4,0,41,2,6580,88,196,30,3,1,1,30,1050.72,0,0.5670801504
7,0,31,0,50,2,0,1,2,1,2,25,2.34,1,0.4016702983
0,0,28,0,1343,35,33,70,4,1,1,45,116.95,0,0.8497631304
9,0,34,0,2283,50,7,13,3,1,2,30,121.32,0,0.5000548069
10,0,33,3,1700,44,210,17,3,2,1,30,909.76,0,0.1293447445
0,0,40,1,293,8,12,6,5,1,1,55,22.515,0,0.2319422749
20,0,39,3,9610,128,160,48,3,1,1,30,1029.52,0,0.6134602063
8,0,35,1,15780,186,164,43,2,1,1,25,1456.47,0,0.7715825237
11,0,41,2,7873,136,396,47,3,1,1,30,1904.36,0,0.9750270146
6,0,27,0,1535,21,29,3,4,1,2,45,111.4,0,0.002247547497
10,0,45,0,565,16,22,8,3,1,2,30,111.24,1,0.7085719467
6,1,27,1,1505,37,202,14,2,2,1,25,978.39,1,0.493094699
4,0,27,1,1315,36,193,11,2,2,1,25,929.295,0,0.8205634372
0,0,35,0,0,0,0,0,2,1,2,25,0,1,0.9437754533
0,0,32,0,2535,16,0,12,3,1,1,30,102.04,0,0.1547690724
6,0,43,0,1260,22,17,17,2,1,2,25,134.19,0,0.8148413163
13,0,37,2,5933,104,58,28,3,1,1,30,473.48,0,0.4616147213
5,0,34,1,3140,23,475,4,3,1,1,30,2026.52,0,0.06659338013
1,0,33,0,15120,173,138,26,2,1,1,25,1309.185,0,0.5626219941
1,0,19,0,1290,21,10,16,2,1,1,25,103.995,0,0.1248863459
11,0,39,2,6778,78,113,39,2,1,1,25,817.02,0,0.9429069473
7,0,39,0,495,7,16,5,2,1,2,25,94.59,1,0.9742628415
0,0,35,0,3008,71,0,28,2,1,1,25,138.555,0,0.7727266047
20,0,36,0,650,47,17,16,3,1,2,30,95.88,1,0.5070081424
0,0,37,0,5208,84,0,12,2,1,1,25,238.14,0,0.5500726825
16,1,31,0,460,40,0,12,2,1,2,25,22.5,1,0.3072556769
0,0,33,0,1488,17,0,1,3,1,1,30,60.2,0,0.2478752598
18,0,43,3,9375,131,159,49,3,1,1,30,1016.24,0,0.06374353885
0,0,19,0,2840,53,0,17,3,1,1,30,115.72,0,0.4096544498
0,0,36,0,0,0,0,0,2,1,2,25,0,0,0.9404457174
9,0,31,3,7270,116,270,34,2,2,1,25,1547.37,0,0.07523688521
11,0,15,0,6087,135,78,40,1,2,1,15,771.21,0,0.9139323748
7,0,38,1,4023,88,9,30,3,1,1,30,200.44,0,0.6328490132
12,0,36,1,15610,180,146,27,2,1,1,25,1367.55,0,0.2484263315
0,0,28,0,0,0,0,0,3,1,1,30,0,0,0.7255494694
4,1,27,1,1315,36,193,11,2,2,1,25,929.295,1,0.6282208085
9,0,39,0,2550,39,260,16,3,1,1,30,1143.56,0,0.6192329557
0,0,34,0,3658,79,0,26,2,1,1,25,168.165,0,0.7221322464
0,1,34,0,1363,28,6,14,3,1,2,30,79.64,1,0.03761716321
23,0,28,3,15895,230,0,75,2,1,1,25,725.625,0,0.1013330308
5,0,35,0,1910,47,40,20,3,1,2,30,238.28,0,0.3486257273
0,0,29,0,0,0,0,0,3,1,2,30,0,1,0.9712196979
6,0,43,2,3095,33,491,9,4,1,1,45,1305.7,0,0.248943345
4,0,38,1,3095,27,483,8,3,1,1,30,2056.88,0,0.3765231254
1,0,33,1,6595,96,5,19,5,1,1,55,107.865,0,0.2324094507
5,0,41,0,623,11,14,6,3,1,2,30,81.36,0,0.6788859663
5,0,41,0,4065,71,6,16,3,1,1,30,189.44,0,0.2771197505
2,0,36,0,3718,82,2,28,2,1,1,25,180,0,0.7354695076
14,0,43,2,5000,97,20,32,3,1,1,30,283.88,0,0.3700392777
3,0,37,0,4180,71,30,19,3,1,1,30,290.04,0,0.3892854645
12,0,40,1,14078,175,7,46,3,1,1,30,598.12,0,0.8716315537
5,0,35,1,3843,80,7,25,3,1,1,30,184.92,0,0.4459769095
0,0,23,0,950,27,181,7,2,2,1,25,858.465,0,0.8621417375
6,0,29,0,1748,47,41,73,4,1,1,45,147.375,0,0.1024269993
9,0,43,3,6885,94,203,32,3,1,1,30,1091.16,0,0.7020264569
18,0,26,2,15590,224,0,73,2,1,1,25,711.63,0,0.9202016181
0,0,35,0,6195,80,179,24,3,1,1,30,967,0,0.1685131938
2,0,32,0,15000,168,132,23,2,1,1,25,1276.56,0,0.5274121079
8,0,36,0,2533,58,22,30,3,1,2,30,191.64,0,0.9259355139
0,0,29,1,1090,32,196,13,2,2,1,25,932.49,0,0.6777179848
10,0,33,6,9420,76,0,40,4,1,1,45,237.4,0,0.3674940585
9,0,38,1,4705,84,11,28,3,1,1,30,235.56,0,0.5021020963
19,0,19,2,6507,146,83,41,2,2,1,25,672.885,0,0.2892223398
5,0,37,1,7753,130,386,43,3,1,1,30,1859.32,0,0.4305949294
7,0,38,1,4515,83,2,25,3,1,1,30,191.92,0,0.5726085594
1,0,36,0,10755,143,0,47,3,1,1,30,435.92,0,0.5257774713
10,1,44,0,1193,23,31,12,4,1,2,45,107.9,1,0.3505762915
4,0,36,0,1743,49,334,24,2,1,1,25,1583.64,0,0.8117534894
4,0,31,1,1270,40,201,15,2,2,1,25,963.45,0,0.6930241752
11,0,40,0,15665,190,161,35,2,1,1,25,1437.975,0,0.5710796776
10,0,44,2,2745,47,302,24,4,1,1,45,824.8,0,0.9941544297
5,0,38,0,1845,52,49,25,3,1,2,30,271.88,0,0.7532278292
30,1,35,0,1450,54,32,22,3,1,2,30,188.16,1,0.1862988682
16,0,45,0,2543,66,23,20,4,1,2,45,122.725,0,0.3425025239
7,0,35,1,3400,27,482,9,3,1,1,30,2065.08,0,0.9964159568
10,0,25,0,1225,32,19,13,2,1,1,25,142.065,0,0.2875531344
18,0,45,3,7283,91,130,45,2,1,1,25,916.83,0,0.4450477047
21,0,32,8,10480,89,7,38,5,1,1,55,169.035,0,0.9309262664
13,0,18,4,3158,51,38,21,3,2,1,30,280.36,0,0.04708212141
1,0,38,0,2148,55,0,33,1,1,1,15,121.165,0,0.5933564639
14,0,36,1,4423,70,7,33,2,1,1,25,233.685,0,0.9835756022
0,0,38,0,470,9,0,13,2,1,2,25,21.555,0,0.3771645703
0,0,39,0,0,0,0,0,2,1,2,25,0,1,0.2891934472
5,0,38,0,438,8,7,4,3,1,2,30,45.84,1,0.435326871
2,0,38,0,5318,85,0,15,2,1,1,25,243.135,0,0.6461860852
18,0,36,2,14645,218,38,27,3,1,1,30,746.52,0,0.002220665572
2,0,31,0,825,16,29,4,4,1,2,45,93.525,0,0.139525259
2,0,31,0,1783,30,16,24,3,1,2,30,136.52,1,0.7590939383
0,0,35,0,530,6,2,3,3,1,2,30,29.44,0,0.6457903339
6,0,32,1,8630,107,126,36,3,1,1,30,853.48,0,0.4879261674
10,0,37,0,2643,59,9,15,3,1,2,30,144.08,0,0.878161507
0,0,33,0,0,0,0,0,4,1,1,45,0,0,0.0931445468
21,0,18,1,6583,141,60,40,1,2,1,15,699.82,0,0.3596048128
4,0,35,0,15180,176,143,28,2,1,1,25,1334.52,0,0.5988616987
2,0,28,0,2685,29,0,13,2,1,2,25,122.13,1,0.2548162394
3,0,10,2,1603,25,32,11,3,1,1,30,193.12,1,0.5827596721
0,1,34,0,0,0,0,0,3,1,2,30,0,1,0.4581401521
0,0,34,0,6660,99,18,25,4,1,1,45,213.975,0,0.1249360858
21,0,35,7,10320,87,0,38,4,2,1,45,260.175,0,0.1495305346
14,0,24,0,1005,25,9,8,2,1,2,25,86.85,0,0.9350543356
13,0,43,2,3775,88,40,29,3,1,1,30,314.52,0,0.1243474037
5,0,45,0,578,15,22,10,3,1,2,30,111.72,0,0.09372635279
6,0,21,0,440,15,0,1,2,1,2,25,20.475,0,0.1466624073
16,0,36,3,9240,119,140,40,3,1,1,30,934.36,0,0.289555759
0,0,26,0,580,7,19,3,4,1,1,45,62.175,0,0.8317022929
4,0,36,0,7913,132,385,41,2,1,1,25,2094.525,0,0.5526584298
12,0,46,0,1275,30,35,16,3,1,2,30,192.2,0,0.7336259296
1,0,41,0,80,2,10,4,2,1,2,25,48.69,1,0.04535582556
0,0,25,0,0,0,0,0,4,1,2,45,0,0,0.3931722244
4,0,26,0,1568,39,30,68,4,1,1,45,115.175,0,0.2533340151
0,0,40,0,7203,127,385,42,3,1,1,30,1833.2,0,0.719624807
20,0,34,9,10730,97,15,55,4,1,1,45,308.175,0,0.9737259789
0,0,34,0,0,0,0,0,2,1,2,25,0,1,0.7674243519
2,0,38,0,7103,122,366,45,3,1,1,30,1753,0,0.3837862468
9,1,15,3,1873,27,17,13,3,1,1,30,144,1,0.3846650462
22,0,23,3,6778,149,102,48,2,2,1,25,770.715,0,0.5241840824
0,0,24,0,1120,14,35,16,4,1,2,45,115.85,0,0.4142977564
7,0,28,0,1320,17,37,8,4,1,2,45,125.925,0,0.08917344059
1,0,29,0,1263,39,31,67,4,1,1,45,110.05,0,0.8154199277
11,0,36,4,7270,122,278,35,3,2,1,30,1407.68,0,0.09235402964
12,1,32,0,3295,41,8,17,3,1,2,30,165.44,1,0.8284762354
5,0,28,0,1130,16,28,5,4,1,2,45,98.65,0,0.8973958827
7,0,38,1,4515,83,2,25,3,1,1,30,191.92,0,0.8620600855
9,0,38,1,2840,56,180,25,2,1,1,25,940.32,0,0.1595611745
5,0,15,0,2000,26,27,15,2,1,1,25,212.67,0,0.2484628179
13,0,38,1,3275,60,191,28,2,1,1,25,1009.575,0,0.3233485975
14,0,40,2,3145,62,187,27,2,1,1,25,985.815,0,0.1589502186
15,0,27,1,1530,38,26,15,2,1,1,25,187.56,0,0.6369572815
0,0,6,0,3375,23,183,8,3,1,1,30,867.92,0,0.4373704119
1,0,36,0,2980,22,485,9,3,1,1,30,2060.08,0,0.8639982251
4,1,34,0,2800,41,34,18,3,1,2,30,249.64,1,0.6921529642
8,0,36,0,3715,79,27,26,3,1,1,30,259.76,0,0.4510711276
2,0,33,0,3095,21,475,7,3,1,1,30,2024.64,0,0.8627081814
0,0,21,0,1390,26,29,13,2,1,1,25,194.22,0,0.3161995132
24,1,37,0,1035,49,26,21,3,1,2,30,147.36,1,0.4679699863
5,0,25,0,1973,44,31,66,4,1,1,45,127.925,0,0.3930319552
14,0,17,1,6202,140,76,39,2,2,1,25,627.39,0,0.564256167
0,0,7,0,4085,34,208,8,3,1,1,30,996.76,0,0.8501433395
1,1,31,0,2625,32,0,12,2,1,2,25,119.565,1,0.9392887099
5,0,30,2,6885,114,261,29,2,2,1,25,1489.455,0,0.5203145788
0,0,36,0,2790,21,476,6,3,1,1,30,2016.44,0,0.4922853733
0,0,32,2,6470,109,255,28,2,2,1,25,1443.555,0,0.5535544836
19,0,37,2,14430,214,29,32,3,1,1,30,701.76,0,0.9802928322
13,0,33,2,9160,117,136,39,3,1,1,30,915.08,0,0.9477065698
13,0,18,4,3157,51,38,21,3,1,1,30,280.32,0,0.1227946705
6,0,27,1,1560,39,195,11,2,2,1,25,949.455,0,0.225234348
12,0,16,1,9048,177,105,44,5,1,1,55,295.875,0,0.3651334423
13,0,40,1,4313,71,0,34,1,1,1,15,241.12,0,0.6932997169
22,0,29,2,16015,235,0,78,2,1,1,25,731.25,0,0.7120992939
2,0,37,1,4325,83,27,27,3,1,1,30,284.32,0,0.04126995539
25,0,38,3,15140,225,54,32,3,1,1,30,830.6,0,0.9024466833
26,0,42,4,15220,227,64,36,3,2,1,30,873.88,0,0.3556591541
2,0,37,0,595,8,0,4,2,1,2,25,27.135,0,0.6400207134
5,0,27,0,2930,57,7,10,3,1,1,30,147.48,0,0.3432073022
8,0,39,0,11170,150,7,34,4,1,1,45,300.5,0,0.6051431701
22,0,36,2,15025,220,56,33,3,1,1,30,833.8,0,0.7899252197
11,0,40,1,6223,101,14,14,3,1,1,30,308.96,0,0.9090907646
3,0,38,0,2393,58,2,33,1,1,1,15,145.805,0,0.2047141373
22,0,32,2,15950,240,4,83,2,1,1,25,746.55,0,0.5336829834
1,0,34,0,7328,119,373,38,2,1,1,25,2013.615,0,0.6234551029
10,0,38,1,4615,74,7,17,3,1,1,30,215.56,0,0.01659764899
7,0,33,0,1130,22,36,6,4,1,2,45,118.8,0,0.6217327293
29,0,31,5,16675,248,21,95,2,1,1,25,856.035,0,0.2410898135
10,0,39,1,4313,72,33,39,1,1,1,15,422.675,0,0.4057119312
9,0,12,0,5908,127,67,35,1,2,1,15,700.425,0,0.09696532128
14,0,43,1,15745,192,165,36,2,1,1,25,1459.665,0,0.140850912
3,0,20,0,740,18,1,6,2,1,1,25,38.61,0,0.06924607606
6,0,9,0,8548,163,56,34,4,1,1,45,357.775,0,0.4224617167
11,0,28,6,9870,77,0,34,4,2,1,45,248.675,0,0.443871507
5,0,43,0,1135,24,15,17,2,1,2,25,119.655,0,0.4915956529
2,0,40,0,3673,86,10,32,2,1,1,25,214.155,0,0.8985505841
5,0,35,0,2390,31,0,1,3,1,2,30,96.84,1,0.7209391761
0,0,24,0,300,19,161,9,2,2,1,25,738.855,0,0.2646742929
0,0,36,0,0,0,0,0,4,1,2,45,0,1,0.3205798142
10,0,32,2,1953,47,47,74,5,1,1,55,100.5,0,0.3368090561
0,0,34,0,1608,22,0,4,3,1,1,30,65.2,0,0.690495479
10,0,42,2,6718,81,116,38,2,1,1,25,827.955,0,0.7941306887
13,0,45,3,7065,102,208,34,4,1,1,45,699.175,0,0.4389099559
13,0,17,0,8638,167,59,27,5,1,1,55,220.575,0,0.7482668729
9,0,41,2,2780,51,324,24,4,1,1,45,880.775,0,0.6223423433
4,0,26,0,1200,30,161,7,2,2,1,25,779.85,0,0.7000548043
0,0,23,0,3110,56,10,24,3,1,1,30,166.64,0,0.08898883151
1,0,14,0,1615,24,18,10,2,1,1,25,154.755,0,0.9699824856
2,0,38,0,2170,38,276,15,3,1,1,30,1192.32,0,0.03235869809
10,0,12,0,8753,163,62,35,4,1,1,45,377.9,0,0.05047768179
2,0,42,0,498,13,18,9,2,1,2,25,103.995,0,0.6128234919
0,0,36,0,3465,55,0,10,2,1,1,25,158.4,0,0.04027921683
3,0,33,1,643,4,3,3,5,1,1,55,14.205,0,0.1725274038
32,0,39,10,11450,110,16,44,5,1,1,55,197.4,0,0.9800344077
0,0,32,0,6015,72,168,19,3,1,1,30,915.48,0,0.561175966
0,0,35,0,438,7,34,6,4,1,2,45,96.125,1,0.7728019603
12,0,40,2,4820,89,9,27,3,1,1,30,232.36,0,0.07942130673
6,0,27,0,1000,28,22,15,2,1,1,25,145.26,0,0.5927184932
12,0,35,0,2543,54,7,18,3,1,2,30,131.88,0,0.7213702068
14,0,36,0,3180,41,7,14,3,1,2,30,156.84,1,0.5497442634
2,0,35,0,2180,31,274,13,3,1,1,30,1184.44,0,0.7122592854
11,1,43,0,2238,60,16,18,3,1,2,30,155.92,0,0.5688072872
11,0,13,1,9228,175,87,53,4,1,1,45,452.575,0,0.7612958731
2,0,24,1,1135,28,182,6,2,2,1,25,871.335,0,0.2791010652
20,0,29,0,1605,41,38,24,3,1,2,30,217.84,0,0.2184046485
13,0,39,1,2568,65,357,23,3,1,1,30,1533.32,0,0.4056767552
5,0,35,1,305,6,7,2,5,1,1,55,15.165,0,0.1881254002
2,0,35,0,14990,175,134,25,2,1,1,25,1285.425,0,0.06334013304
5,0,33,0,4515,77,0,24,3,1,1,30,183.68,0,0.1307798378
0,0,39,0,128,4,0,1,2,1,2,25,5.94,0,0.2153875092
0,0,35,0,0,0,0,0,2,1,2,25,0,0,0.1024879565
4,0,36,0,1933,48,1,15,3,1,2,30,83.24,0,0.7606757854
0,0,36,0,595,9,15,9,2,1,2,25,94.68,0,0.3495228129
8,0,36,1,3335,29,16,19,3,1,1,30,198.56,0,0.526338149
21,0,33,3,15850,234,3,82,2,1,1,25,737.28,0,0.7923205027
0,0,38,0,128,5,32,6,3,1,2,30,133.32,0,0.2851663744
0,0,36,0,3528,81,0,25,2,1,1,25,162.405,0,0.089311959
7,0,35,0,2665,39,284,19,3,1,1,30,1244.16,0,0.5919463461
14,0,35,1,6223,103,27,22,2,1,1,25,406.17,0,0.5553418831
3,0,34,0,2720,50,170,21,2,1,1,25,889.65,0,0.1881466074
0,0,32,0,0,0,0,0,2,1,2,25,0,0,0.5841384881
9,1,41,0,2050,52,55,26,4,1,2,45,190.05,0,0.2962317373
0,0,37,0,2170,39,310,20,3,1,1,30,1328.36,0,0.2650736836
0,0,29,0,6153,59,86,29,2,1,1,25,666.54,0,0.791044934
13,0,34,0,2758,60,358,25,2,1,1,25,1737.81,0,0.2329059223
11,0,15,0,6088,135,78,40,1,2,1,15,771.265,0,0.8643391824
8,0,36,0,3660,77,34,29,2,1,1,25,321.165,0,0.1025570848
3,0,34,0,2665,48,177,24,2,1,1,25,918.585,0,0.8984247556
0,0,40,0,485,10,16,10,2,1,2,25,94.275,0,0.04208891855
4,0,39,1,2475,45,317,22,4,1,1,45,855.5,0,0.2354543933
4,0,37,0,2798,63,3,31,1,1,1,15,173.855,0,0.5643921947
0,0,36,0,628,7,9,4,4,1,2,45,38.375,1,0.9101281052
3,0,36,2,3390,31,497,21,3,1,1,30,2124.84,0,0.6757842149
0,0,24,0,1263,33,23,66,4,1,1,45,89.9,0,0.1362288747
7,0,43,0,438,14,15,5,3,1,2,30,78.08,1,0.3274523831
0,0,32,0,0,0,0,0,2,1,2,25,0,1,0.9726885535
6,0,33,0,2930,38,4,14,2,1,2,25,151.56,1,0.1588387179
9,0,37,1,11710,157,13,47,4,1,1,45,329.175,0,0.6047444179
2,0,38,1,6095,81,168,28,3,1,1,30,919.04,0,0.8016032059
11,0,40,0,1890,31,15,13,2,1,2,25,153.945,0,0.6627199591
11,0,39,2,6833,80,106,36,2,1,1,25,788.085,0,0.2953412472
0,0,4,0,4390,34,207,9,3,1,1,30,1004.96,0,0.958211484
10,0,37,1,6963,78,110,37,2,1,1,25,811.845,0,0.2339817866
8,0,39,2,7045,107,29,28,5,1,1,55,150.78,0,0.5787763473
5,0,39,0,305,6,7,2,2,1,2,25,45.495,1,0.1626155054
4,0,28,2,1430,42,225,15,3,2,1,30,958.88,0,0.972010914
9,0,40,1,2665,45,292,20,3,1,1,30,1276.4,0,0.04186885099
8,0,41,2,1240,23,12,15,2,1,1,25,110.835,0,0.1332173052
0,1,30,0,0,0,0,0,5,1,1,55,0,1,0.6199541164
12,1,37,0,2570,60,66,37,4,1,2,45,230.75,1,0.3433506043
15,1,42,0,2653,52,51,37,4,1,2,45,195.125,1,0.6459130244
3,0,32,0,1853,46,0,11,3,1,2,30,75.96,0,0.7819022717
9,0,14,2,4875,54,233,17,3,1,1,30,1129.16,0,0.6316846917
3,0,35,0,1665,44,38,20,3,1,2,30,220.36,0,0.3497248669
0,0,18,0,0,0,0,0,4,1,2,45,0,0,0.4514422184
21,0,31,1,15475,228,0,65,2,1,1,25,706.635,0,0.9070766463
11,0,38,1,3085,59,182,25,2,1,1,25,960.48,0,0.3457605091
4,0,35,0,2078,44,59,33,3,1,2,30,320.88,1,0.9805267346
0,0,34,0,3413,76,0,26,2,1,1,25,157.005,0,0.7828250071
5,0,39,0,15260,178,153,32,2,1,1,25,1383.21,0,0.5776007968
1,0,34,0,1873,45,0,13,3,1,2,30,76.72,0,0.2919198363
9,0,37,0,4775,76,23,15,2,1,1,25,321.795,0,0.7195782391
2,0,41,2,338,10,12,3,5,1,1,55,23.22,0,0.5143201894
9,0,43,2,7893,135,401,49,3,1,1,30,1925.12,0,0.4507131683
0,0,17,0,2660,45,0,15,3,1,1,30,108.2,0,0.7675602467
7,0,26,0,3415,61,7,21,3,1,1,30,167.04,0,0.5870078058
0,0,35,0,6385,81,188,27,3,1,1,30,1010.64,0,0.8605801127
4,1,32,0,2570,29,0,10,2,1,2,25,116.955,1,0.1508067303
4,0,37,2,6865,99,24,26,5,1,1,55,140.46,0,0.4648243585
0,0,17,0,985,15,3,14,2,1,1,25,58.5,0,0.01081746899
0,0,36,0,5423,88,0,7,2,1,1,25,247.995,0,0.2909494801
16,1,43,0,2573,56,49,34,4,1,2,45,188.225,1,0.5632381186
4,0,34,0,2070,49,39,18,3,1,2,30,240.76,0,0.6589966684
0,0,33,0,710,8,5,7,2,1,2,25,54.81,0,0.5916472294
8,1,31,0,2910,39,0,12,3,1,2,30,117.96,1,0.813928111
3,0,28,1,885,13,26,5,4,1,1,45,87.45,0,0.6149766809
11,0,42,1,15485,188,158,31,2,1,1,25,1416.285,0,0.826161435
7,0,23,0,1165,29,14,11,2,1,1,25,116.73,0,0.8486575537
1,0,9,1,2547,33,16,16,3,1,1,30,167.2,0,0.9416423632
3,1,39,1,60,3,5,2,2,1,1,25,25.335,1,0.2789409317
0,0,35,0,0,0,0,0,4,1,2,45,0,1,0.3871738891
7,0,36,2,6670,112,257,20,3,2,1,30,1299.28,0,0.5901154056
0,0,23,0,2730,54,0,18,3,1,1,30,111.36,0,0.4888974501
0,0,41,0,830,18,8,15,2,1,2,25,74.16,0,0.7351581581
0,0,34,0,4005,62,0,13,2,1,1,25,183.015,0,0.385348006
6,0,38,0,4125,68,3,17,2,1,1,25,202.185,0,0.6391828303
21,1,28,0,955,41,8,16,2,1,2,25,80.82,1,0.9873577624
6,0,42,0,518,10,17,8,3,1,2,30,89.12,1,0.849422064
1,0,33,0,2360,41,136,17,2,1,1,25,720.045,0,0.2968664596
0,0,30,0,6365,85,0,16,4,1,1,45,161.25,0,0.2635715297
0,0,25,0,1010,30,186,9,2,2,1,25,883.8,0,0.9026306662
8,0,40,1,2698,64,9,35,2,1,1,25,164.79,0,0.3889128736
10,0,16,3,3042,46,40,22,3,1,1,30,283.52,0,0.8457689861
5,0,34,1,1893,29,7,4,4,1,1,45,65.55,0,0.8071409579
8,0,37,1,6718,75,108,37,2,1,1,25,791.685,0,0.03050462058
0,0,33,0,3538,74,0,23,2,1,1,25,162.54,0,0.6842829905
10,0,40,2,4083,91,14,32,3,1,1,30,222.96,0,0.6494775792
8,0,40,3,6920,98,225,32,4,1,1,45,737.95,0,0.7021811787
16,0,39,4,12370,170,39,64,4,1,1,45,411,0,0.4183195014
7,0,42,1,5998,97,17,16,3,1,1,30,311.8,0,0.7690001283
7,0,41,0,3893,66,2,34,1,1,1,15,228.745,0,0.7561684597
0,0,39,0,323,7,10,3,4,1,2,45,33.25,1,0.2530361143
7,0,37,2,8108,137,405,58,3,1,1,30,1949.8,0,0.9084233902
21,0,20,3,6813,153,124,48,2,2,1,25,871.47,0,0.3792797815
6,0,37,1,6473,72,106,37,2,1,1,25,771.525,0,0.6519019942
1,0,39,0,2970,29,487,11,3,1,1,30,2067.96,0,0.3248867616
19,0,16,2,6518,139,81,39,2,2,1,25,664.065,0,0.932896793
0,0,32,0,1975,24,0,14,2,1,2,25,89.955,1,0.5817267831
0,0,7,0,1182,13,0,5,2,1,1,25,53.775,1,0.1132735746
6,0,35,0,3030,22,7,12,3,1,1,30,150.08,0,0.3459278907
25,0,34,3,15185,221,46,28,3,1,1,30,800.24,0,0.5022019149
29,1,39,0,1340,55,33,23,3,1,2,30,187.8,1,0.2108459889
18,0,37,7,10310,95,5,45,4,2,1,45,272.625,0,0.3604500059
7,0,33,1,11510,150,7,43,4,1,1,45,309,0,0.8368362812
5,0,38,0,438,8,7,4,3,1,2,30,45.84,1,0.4251406539
14,0,39,1,15790,188,157,32,2,1,1,25,1425.51,0,0.744869943
8,0,36,1,3025,56,177,23,2,1,1,25,935.145,0,0.3258075367
7,0,11,2,4695,46,222,12,3,1,1,30,1077.64,0,0.01834177064
28,0,33,4,16135,241,5,82,2,1,1,25,759.42,0,0.673482228
0,0,34,0,13408,160,0,40,3,1,1,30,542.72,0,0.7258916545
5,0,38,0,2043,40,37,33,3,1,2,30,231.32,1,0.4949887614
0,1,6,0,1068,7,0,1,2,1,1,25,48.375,1,0.9158773314
20,0,15,1,6618,145,82,40,2,2,1,25,673.335,0,0.4618475968
1,0,33,0,2725,16,0,10,3,1,1,30,109.64,0,0.3390786827
0,0,33,0,0,0,0,0,5,1,1,55,0,0,0.7000482585
6,0,16,1,1920,30,25,12,2,1,1,25,200.25,0,0.7796979353
8,0,39,2,6805,92,193,28,3,1,1,30,1047.88,0,0.05191408257
4,0,41,0,13468,169,1,43,3,1,1,30,549.48,0,0.3057843872
4,0,39,2,3210,33,515,12,4,1,1,45,1368.575,0,0.4484570319
1,0,35,0,1548,44,331,7,2,1,1,25,1561.14,0,0.5695220695
12,0,40,1,14078,175,7,46,3,1,1,30,598.12,0,0.5097308458
12,1,11,4,2393,35,28,24,3,1,1,30,209.12,1,0.8166610391
5,0,37,1,11220,151,9,47,3,1,1,30,490.84,0,0.857088493
8,0,34,1,6975,97,7,20,4,1,1,45,194.3,0,0.7146641879
5,0,41,0,305,6,7,2,3,1,2,30,40.44,0,0.6459118806
2,0,40,0,5693,91,10,14,2,1,1,25,305.28,0,0.8334186866
20,0,19,2,9298,180,85,44,5,1,1,55,269.67,0,0.02690981089
2,0,33,0,2088,51,347,20,2,1,1,25,1657.755,0,0.3537897679
0,0,34,0,923,11,23,17,4,1,2,45,80.85,1,0.1506998533
0,0,36,0,133,2,0,2,3,1,2,30,5.4,1,0.7216624413
4,0,29,2,6965,110,263,32,2,2,1,25,1501.875,0,0.7419538475
13,0,24,1,1350,30,15,10,2,1,1,25,129.6,0,0.7828396105
0,0,38,1,0,0,7,0,5,1,1,55,10.5,0,0.4993710163
1,0,31,0,11080,146,0,41,3,1,1,30,449.04,0,0.842280184
8,0,36,2,8925,121,169,45,3,1,1,30,1037.84,0,0.7052489583
0,0,25,0,1378,39,55,70,4,1,1,45,172.925,0,0.8953330488
7,0,12,3,4810,52,254,16,3,1,1,30,1210.48,0,0.5481774525
14,0,34,2,2133,55,52,76,5,1,1,55,110.82,0,0.4251419178
5,0,32,0,3390,74,15,22,2,1,1,25,223.38,0,0.1347350683
8,1,15,2,1748,29,15,13,3,1,1,30,131.08,1,0.9861748577
3,0,14,2,2547,39,24,17,3,1,1,30,199.44,0,0.8669999519
19,0,31,2,1065,34,22,11,3,1,1,30,131.96,0,0.7764103745
26,0,38,9,10740,99,8,44,5,2,1,55,174.585,0,0.4337961098
16,0,38,2,5878,101,31,26,2,1,1,25,408.555,0,0.408253892
2,0,25,0,3225,61,8,23,3,1,1,30,163.44,0,0.7621109849
0,0,31,0,490,6,0,5,2,1,2,25,22.32,0,0.6295524064
5,0,39,0,553,14,39,8,3,1,2,30,178.68,1,0.8238907309
0,0,25,0,635,10,46,5,4,1,2,45,131.125,0,0.2205357237
7,0,31,0,8730,113,127,37,3,1,1,30,861.72,0,0.6309242418
3,0,34,0,1180,14,0,12,2,1,2,25,53.73,0,0.2401789054
10,0,28,2,2025,47,201,11,3,2,1,30,886.88,0,0.280864177
10,0,41,0,4550,79,16,22,3,1,1,30,249.16,0,0.1470161389
17,0,30,1,1710,46,37,20,2,1,1,25,245.52,0,0.7603333026
0,0,7,0,0,0,0,0,2,1,1,25,0,1,0.6461311111
10,0,34,1,4243,62,7,31,2,1,1,25,225.225,0,0.851876509
10,0,40,2,8810,121,145,42,3,1,1,30,937.24,0,0.8778157455
5,0,37,0,2765,44,286,16,3,1,1,30,1256.36,0,0.9312188604
3,0,37,0,3020,30,11,19,3,1,1,30,166,0,0.3667688232
9,0,39,0,3793,61,0,37,1,1,1,15,211.97,0,0.4464834093
10,0,34,0,3695,80,22,24,3,1,1,30,239,0,0.9868601573
17,0,28,0,1410,36,18,7,3,1,2,30,129.84,0,0.2239303506
8,0,41,1,2780,59,183,24,2,1,1,25,951.255,0,0.699206613
14,0,35,1,2678,64,356,22,3,1,1,30,1533.68,0,0.4932573592
8,0,34,1,4415,67,7,13,3,1,1,30,207.28,0,0.5150047394
3,0,14,2,2547,39,24,17,3,1,1,30,199.44,0,0.2330247885
0,0,28,0,1360,32,23,17,3,1,2,30,147.68,0,0.6842818389
9,0,37,0,15485,182,150,30,2,1,1,25,1380.015,0,0.4324389183
4,0,35,0,15180,176,143,28,2,1,1,25,1334.52,0,0.5731263082
0,0,19,0,2965,51,0,17,3,1,1,30,120.64,0,0.4942711164
2,0,32,0,13513,159,0,38,3,1,1,30,546.88,0,0.761328507
0,0,27,0,1100,28,16,12,3,1,2,30,109.12,0,0.8754589956
22,0,41,3,4790,99,47,30,3,1,1,30,383.56,0,0.1566187866
6,0,25,2,3825,71,29,38,3,1,1,30,271.84,0,0.302906639
0,0,29,0,0,0,0,0,2,1,2,25,0,0,0.108369123
15,0,44,3,7023,87,123,40,3,1,1,30,776.4,0,0.4037749873
21,0,40,3,6183,107,38,28,3,1,1,30,403.6,0,0.7308933787
8,0,38,0,4008,65,0,32,1,1,1,15,224.015,0,0.2593566619
11,0,36,4,7270,122,278,35,3,2,1,30,1407.68,0,0.6731262345
0,0,19,0,0,0,0,0,2,1,2,25,0,0,0.4023145811
0,0,36,1,6480,97,15,21,5,1,1,55,121.155,0,0.04689852993
0,0,34,0,2285,46,159,18,2,1,1,25,820.395,0,0.8171070161
0,0,36,0,1540,46,42,23,3,1,2,30,231.44,0,0.9402945049
0,0,39,0,1363,25,1,5,4,1,1,45,37.2,0,0.02692335608
7,0,20,1,2000,32,35,16,3,1,1,30,221.28,0,0.0763381817
18,0,40,0,3143,70,36,34,3,1,2,30,272.52,0,0.8271440141
19,0,45,2,16050,198,172,38,2,1,1,25,1505.16,0,0.5518029361
2,0,41,0,133,8,8,3,3,1,2,30,37.64,1,0.3905632564
7,0,35,1,3550,33,8,14,3,1,1,30,175.32,0,0.9181817362
14,0,39,1,15790,188,157,32,2,1,1,25,1425.51,0,0.5743541715
8,1,11,2,1792,25,7,9,3,1,1,30,100.68,1,0.9993359239
14,0,43,1,14258,183,18,51,3,1,1,30,649.64,0,0.3196109614
9,0,38,0,2238,54,8,17,3,1,2,30,123.68,0,0.02122255605
14,0,20,1,8932,177,81,41,5,1,1,55,258.135,0,0.08350166847
10,0,40,1,2888,65,18,38,2,1,1,25,213.885,0,0.7421711654
1,0,34,1,6320,78,175,21,3,1,1,30,955.92,0,0.5794564548
0,0,36,0,0,0,0,0,5,1,1,55,0,0,0.09185630638
8,0,39,1,7813,133,391,45,3,1,1,30,1881.84,0,0.5358791075
0,0,24,0,1263,33,23,66,4,1,1,45,89.9,0,0.2684314317
0,0,3,0,4005,32,198,4,3,1,1,30,953.48,0,0.2977039132
28,0,30,4,16200,236,7,77,2,2,1,25,771.12,0,0.6119141507
3,0,23,0,730,25,3,8,2,1,1,25,47.475,0,0.4824524309
4,0,40,0,4145,67,8,19,2,1,1,25,225.54,0,0.8141359082
0,0,31,0,6725,94,9,20,4,1,1,45,192.975,0,0.4236284372
7,0,39,2,4630,89,34,29,3,1,1,30,324.76,0,0.9783002948
18,0,38,2,6123,104,33,26,2,1,1,25,428.715,0,0.1652985332
28,0,35,0,1260,53,23,19,3,1,2,30,144.52,1,0.6819763174
12,0,39,2,11770,160,18,49,4,1,1,45,343.25,0,0.4541436857
5,0,39,0,1180,20,7,13,2,1,2,25,85.5,0,0.8943470422
0,0,32,0,1245,32,0,14,3,1,2,30,51.08,0,0.6663602373
4,0,38,0,2360,39,285,18,3,1,1,30,1235.96,0,0.3605320099
8,0,36,0,6603,69,76,33,2,1,1,25,642.24,0,0.3293872433
0,0,26,1,6400,100,249,25,2,2,1,25,1413,0,0.7922148118
18,0,20,1,6573,149,96,47,2,2,1,25,734.49,0,0.7910195188
5,0,37,1,11275,153,2,44,4,1,1,45,290.7,0,0.9346770645
0,0,35,0,1065,34,17,5,3,1,2,30,111.96,0,0.3551318195
7,1,30,0,2990,35,1,15,2,1,2,25,140.625,1,0.7463286365
10,0,45,2,2698,70,17,36,2,1,1,25,201.06,0,0.5637171183
8,0,12,3,2898,41,23,15,3,1,1,30,209.56,0,0.5992216546
0,0,36,0,2790,21,476,6,3,1,1,30,2016.44,0,0.2445822309
2,0,35,0,2073,30,1,4,3,1,1,30,88.12,0,0.5497563942
15,0,39,0,2948,65,16,17,3,1,2,30,184.52,0,0.9638226938
7,0,37,0,3908,82,7,26,2,1,1,25,211.05,0,0.4403689746
20,0,37,3,14950,225,79,34,3,1,1,30,923,0,0.8887194492
20,0,30,3,15885,238,25,82,2,1,1,25,838.035,0,0.3685989254
2,0,39,0,825,20,45,12,3,1,2,30,213.8,0,0.06218643355
8,0,38,0,3953,63,0,35,1,1,1,15,220.88,0,0.0333582772
3,0,39,0,1955,34,267,20,3,1,1,30,1147.56,0,0.2622046601
5,0,39,0,1180,20,7,13,2,1,2,25,85.5,0,0.6638748294
0,0,23,0,0,0,10,0,4,1,2,45,25,0,0.03227969181
12,0,19,0,8888,175,81,44,4,1,1,45,429.075,0,0.8197031269
11,0,38,2,14373,179,21,59,3,1,1,30,666.08,0,0.9509578851
12,0,28,0,1405,40,30,18,2,1,1,25,200.025,0,0.8760485574
2,0,9,1,4390,40,215,10,3,1,1,30,1037.2,0,0.6045586552
8,0,32,0,2453,54,351,23,2,1,1,25,1692.315,0,0.673723499
9,0,40,2,2033,34,12,10,4,1,1,45,81.675,0,0.1478772638
9,0,23,1,1520,36,33,26,2,1,1,25,218.52,0,0.7042628319