gender,location_type,program_enrolled,financial_aid_status,part_time_work,career_alignment,family_support,stress_levels,internet_connectivity_issues,parents_education,ragging_experience,age,family_income,distance_to_institute,tenth_marks,attendance_rate,test_scores_avg,practical_skills_rating,backlogs,teaching_quality_rating,motivation_score,num_siblings,dropout
0,2,2,2,1,1,0,1,1,0,0,21,30681,4.6,73.4,77.2,67.1,84.3,1,4,5,2,0
1,0,3,2,1,1,2,2,2,1,0,21,17579,50.0,90.7,60.8,47.5,73.5,0,7,5,2,1
1,2,1,2,1,1,1,2,0,2,1,20,4952,5.3,69.7,57.2,66.2,78.2,0,8,3,3,1
1,0,5,2,1,2,1,0,1,1,0,20,14778,27.89,84.3,62.6,44.9,43.6,1,6,4,4,1
0,1,2,2,1,1,2,2,1,0,0,22,8725,6.1,77.3,83.9,100.0,100.0,2,8,5,3,0
0,0,2,1,1,2,0,0,1,3,0,20,3480,12.61,74.4,55.0,78.8,100.0,1,7,8,2,0
0,0,1,2,1,0,2,1,2,0,0,19,12614,8.6,93.8,69.3,87.2,93.8,0,10,7,2,0
0,0,0,2,0,2,2,2,1,1,0,18,31353,17.93,87.0,82.4,71.8,73.4,0,7,5,1,0
1,1,1,0,0,0,0,1,2,3,0,22,4437,7.2,71.0,27.9,67.4,73.5,0,8,6,4,0
1,1,3,1,1,2,0,2,2,2,0,18,4922,8.2,86.9,77.9,81.3,90.3,1,10,5,2,0
1,0,0,0,0,2,2,0,0,2,1,16,5139,11.49,79.8,48.7,50.1,59.7,0,6,4,5,1
1,1,4,1,1,2,2,1,1,2,0,22,45190,2.9,77.6,73.0,73.1,68.3,0,6,6,2,0
1,0,0,0,0,2,2,0,0,0,0,19,31307,17.65,76.1,61.9,61.0,73.0,1,6,5,3,0
1,2,3,2,1,1,1,2,1,3,0,22,4656,5.6,80.8,67.7,43.7,54.3,1,6,4,7,1
0,1,6,2,0,1,0,2,1,0,0,18,7732,41.9,80.0,77.1,93.5,90.2,0,7,7,3,0
0,0,0,0,0,2,1,2,2,3,0,28,6491,7.49,86.0,76.4,77.9,80.2,2,4,4,1,0
1,0,3,2,0,2,2,1,1,3,0,20,7497,22.9,70.8,85.0,61.4,59.3,0,4,9,3,0
0,1,3,2,0,2,2,2,1,0,0,17,14180,24.2,63.6,27.6,44.1,61.5,2,9,4,3,1
0,2,5,1,1,2,1,0,1,1,0,22,13764,11.2,76.4,48.8,64.2,75.0,1,2,7,1,1
0,0,3,2,0,2,1,0,0,1,1,17,7117,17.02,94.4,59.9,71.6,81.2,1,9,3,3,1
1,1,1,0,0,0,1,0,0,1,0,24,26016,2.3,84.0,20.3,38.7,55.6,0,8,4,3,0
0,2,6,0,0,2,2,2,1,1,0,16,5961,28.4,65.6,52.6,52.3,57.6,1,3,6,1,0
1,0,4,2,0,2,0,2,2,1,0,22,27457,2.13,67.8,96.4,91.3,99.2,5,7,6,2,0
0,2,6,2,0,1,1,0,0,0,1,20,15637,10.9,74.1,51.7,60.6,62.3,1,6,1,3,1
1,0,4,2,0,0,0,1,2,2,0,19,5928,40.31,76.9,61.9,78.9,80.4,0,8,8,1,0
1,1,2,1,0,0,1,0,2,2,0,20,5527,15.4,55.6,42.8,39.5,62.4,2,7,6,2,1
0,0,3,2,0,1,2,0,1,2,1,21,3759,1.76,79.9,55.2,86.9,77.6,0,9,3,6,1
1,1,2,0,0,2,1,2,2,1,1,21,5005,13.1,74.7,61.9,68.5,52.4,0,10,4,1,0
1,2,4,0,0,2,2,1,0,3,0,23,4945,34.4,72.7,64.5,63.9,85.2,7,9,8,4,1
1,2,3,2,0,0,1,2,2,3,0,16,28939,7.6,56.3,16.7,42.5,76.4,1,8,4,2,0
1,2,1,2,1,2,1,0,1,1,0,20,6247,14.4,80.0,37.5,56.1,48.0,0,10,5,5,1
1,2,3,2,0,1,2,2,0,2,1,21,7545,2.0,67.0,38.2,35.0,40.0,9,3,1,4,1
1,2,6,0,0,1,2,2,2,2,0,18,10620,16.7,88.7,90.0,83.9,95.0,1,3,4,1,0
1,1,3,1,1,2,2,2,1,0,0,18,12792,11.0,73.9,62.3,93.9,91.7,0,7,4,1,0
0,0,1,1,1,2,0,2,1,2,0,20,5045,15.24,65.1,59.6,85.6,84.4,2,10,5,1,0
1,0,3,0,0,1,1,0,2,2,0,16,7095,19.18,93.5,61.6,55.4,74.8,5,7,3,3,1
1,0,6,2,0,0,2,1,1,3,0,26,3388,3.15,73.4,28.0,55.8,68.3,1,4,10,3,0
1,2,5,2,1,2,1,0,1,0,0,19,9521,1.7,72.4,12.8,44.5,56.6,1,6,6,1,1
1,1,3,2,0,2,2,1,0,1,0,24,11655,7.2,88.3,89.3,50.3,58.6,0,7,4,3,0
0,1,5,2,0,0,1,0,0,0,0,19,23731,3.6,72.2,81.7,69.6,67.3,0,5,6,1,0
1,2,4,1,1,0,0,2,2,0,0,22,14051,14.9,86.1,55.5,84.1,100.0,3,8,6,2,0
0,1,4,0,1,1,1,0,1,1,0,25,13378,0.7,82.1,20.0,48.2,55.7,2,7,3,2,1
1,2,4,2,0,0,2,0,0,3,1,19,2000,1.6,72.4,36.7,71.3,90.9,3,7,5,3,1
1,2,5,1,1,1,1,2,0,2,0,22,4738,3.6,92.1,70.4,50.7,67.4,0,5,3,2,1
0,0,3,0,0,0,2,1,2,2,0,20,4834,26.4,90.5,25.3,52.9,53.8,0,8,8,2,0
1,0,6,1,1,1,0,2,2,2,0,16,8434,10.3,87.3,65.3,80.5,87.6,0,6,5,3,0
1,1,2,2,0,0,2,2,2,2,0,20,13895,2.0,85.9,45.4,81.9,100.0,5,6,7,3,1
1,0,6,2,1,0,2,0,1,3,1,19,2000,7.98,84.5,51.3,70.0,69.3,0,5,4,2,1
1,1,2,2,0,2,1,0,2,2,0,17,13398,8.7,87.5,81.4,84.9,100.0,0,7,5,3,0
0,0,1,2,0,2,1,2,2,0,1,19,4826,9.77,94.4,55.9,75.4,95.1,3,7,4,1,1
1,0,5,2,0,0,2,1,0,1,0,18,18385,7.31,78.3,80.6,60.4,67.4,0,6,6,1,0
1,1,4,0,1,2,2,2,2,1,0,23,19339,41.5,87.7,38.7,49.4,81.3,5,7,7,2,1
1,0,4,2,1,2,2,0,0,1,0,19,4787,0.65,80.7,78.1,71.6,68.6,2,9,5,1,0
1,1,4,1,0,1,2,0,2,1,0,20,19359,4.2,69.9,52.0,74.2,89.7,1,8,6,4,0
0,2,5,1,0,0,2,1,1,2,0,18,20591,0.5,76.0,27.0,42.0,50.9,1,6,7,3,0
0,0,4,1,0,0,2,2,1,2,0,16,25326,31.1,81.8,61.7,77.2,72.9,2,9,9,5,0
0,0,4,2,1,0,2,2,1,1,0,17,5529,20.99,76.5,60.7,89.9,100.0,0,7,8,1,0
1,0,0,2,0,2,2,0,2,2,1,21,3349,0.77,86.0,33.8,47.2,60.5,0,8,3,1,1
1,1,4,1,1,1,2,0,2,0,0,24,8712,24.7,83.2,49.5,55.5,63.8,1,7,5,2,1
0,0,5,2,1,2,2,0,2,1,0,24,9216,44.44,71.6,53.0,43.6,50.1,1,8,5,3,1
1,2,6,2,0,2,0,0,0,1,1,27,6178,4.6,87.7,56.9,35.0,51.5,0,4,2,1,1
1,1,3,2,1,2,1,0,1,2,0,24,5229,1.9,78.5,63.2,61.0,86.3,1,9,5,1,0
1,2,1,1,1,0,0,1,2,3,0,17,2757,14.7,60.7,84.0,46.6,54.8,6,6,10,1,1
1,2,3,0,1,0,1,0,2,2,0,21,14871,12.6,71.5,79.4,70.3,82.3,4,8,7,1,0
0,2,6,1,0,0,1,0,0,2,0,18,38669,3.3,91.9,91.0,73.6,79.1,4,6,9,3,1
1,0,5,0,0,1,0,1,2,0,0,19,2931,13.63,66.1,97.1,35.0,40.0,0,7,5,2,0
1,0,4,1,1,2,2,2,0,1,0,22,3247,29.1,78.5,50.5,60.4,59.2,2,8,6,3,1
0,0,1,2,0,1,2,1,1,2,0,19,13982,25.04,87.8,56.7,61.2,66.4,1,8,4,1,0
1,0,6,2,0,2,1,0,2,2,0,22,9550,10.47,73.3,92.6,69.9,62.6,0,6,6,2,0
0,1,2,2,0,1,2,2,2,3,0,19,4646,2.6,82.7,95.1,59.8,73.3,0,7,5,2,0
0,0,4,1,1,2,0,2,1,1,0,22,4731,16.75,71.9,28.2,90.0,100.0,1,10,8,3,0
1,1,3,0,0,0,2,2,1,2,0,25,2917,3.0,84.7,54.2,59.8,54.1,8,6,5,2,1
1,1,0,2,0,2,2,1,2,1,0,19,11222,26.9,84.0,11.3,36.6,81.7,1,6,6,2,0
1,0,1,0,0,0,2,1,1,1,0,17,3489,6.64,88.4,93.4,79.0,71.9,0,8,8,1,0
1,0,3,0,0,2,0,1,0,3,0,18,11792,8.57,83.4,86.9,92.7,100.0,1,9,8,2,0
0,2,4,2,1,2,2,2,2,1,0,18,8536,8.3,86.3,29.5,46.9,50.7,3,8,8,2,1
0,0,6,2,0,0,1,2,1,1,1,19,16526,4.28,88.7,21.0,65.3,77.5,0,6,3,1,1
1,2,1,1,1,2,1,0,0,0,0,21,18546,14.9,87.5,76.8,52.9,78.8,0,8,5,5,0
1,2,4,0,1,1,1,2,0,1,0,19,2991,3.4,93.5,44.1,86.1,87.7,2,9,3,1,1
0,2,0,1,0,0,1,0,1,1,1,21,4927,3.5,66.8,74.7,68.8,76.1,1,5,3,1,1
1,0,6,1,1,2,2,0,2,1,0,22,7436,31.17,80.5,13.5,69.0,91.2,0,6,6,2,1
1,1,5,1,1,2,0,1,2,1,0,18,5534,5.6,84.2,28.8,59.0,94.9,1,6,7,3,0
1,1,3,2,1,2,2,2,2,1,0,20,5416,1.8,86.6,69.1,58.6,67.4,0,10,6,3,0
1,1,4,2,1,0,0,2,1,2,0,16,23829,5.8,88.1,77.5,65.5,69.1,0,7,8,2,0
1,0,1,2,0,0,2,1,1,3,0,22,2756,18.07,93.8,43.7,45.1,44.1,2,8,6,4,1
0,0,2,1,1,0,0,2,1,1,0,20,7843,3.28,78.9,56.6,50.7,60.4,1,6,5,3,0
0,2,4,0,0,1,2,2,1,0,0,20,7876,2.8,66.0,53.9,39.9,68.3,0,6,4,2,0
1,0,1,1,1,1,1,2,2,3,1,26,2937,9.56,72.8,21.5,71.4,79.3,0,7,1,1,1
0,2,0,2,0,2,2,1,2,1,0,22,38402,13.2,77.7,76.3,64.6,68.7,0,6,7,1,0
0,0,5,2,0,1,2,1,2,1,0,17,3110,3.52,61.5,66.2,46.9,58.4,0,7,7,1,0
1,1,2,1,1,0,2,1,1,2,0,21,2000,25.9,75.5,57.0,35.0,45.3,1,6,10,1,0
1,2,4,2,0,2,1,0,0,1,1,18,6330,0.5,75.6,58.2,35.0,40.0,0,6,1,1,1
1,2,1,2,1,0,0,0,2,1,1,20,40668,31.4,85.7,38.7,79.1,100.0,9,10,6,1,1
1,0,6,2,1,2,0,1,2,3,0,16,4231,0.8,75.0,23.2,40.0,53.6,1,3,8,2,1
0,1,1,2,0,0,2,2,2,1,0,21,5218,8.2,97.0,85.3,78.6,81.6,0,7,8,3,0
1,0,3,1,1,0,2,0,2,0,0,22,5876,50.0,84.5,11.3,75.2,80.6,1,8,10,1,1
1,0,2,1,1,0,1,0,1,3,0,18,9495,0.88,76.9,61.6,84.3,92.0,0,7,7,2,0
0,0,3,2,0,1,2,1,1,1,0,21,10004,21.72,65.4,77.4,80.1,77.2,3,9,6,1,0
0,0,6,2,0,2,2,0,1,2,0,15,25226,29.12,71.7,75.8,73.4,77.1,1,6,4,2,0
1,0,6,2,0,2,0,1,2,1,0,21,21246,8.01,86.2,10.0,54.9,61.3,1,5,5,3,0
0,0,4,2,0,2,2,1,1,0,0,20,7290,10.64,67.1,53.9,38.9,67.1,1,8,6,1,0
1,1,4,1,1,2,2,2,1,1,0,21,14281,12.7,73.7,60.0,93.7,100.0,1,8,6,2,0
0,2,4,1,0,0,0,2,2,2,0,23,21489,22.2,65.5,95.7,41.0,49.0,0,7,9,3,0
1,0,4,2,0,2,2,0,1,3,1,17,3162,1.77,89.2,66.0,54.3,66.4,0,7,3,3,1
0,2,4,1,1,2,2,2,1,3,0,18,5759,14.9,93.5,68.0,57.4,65.1,2,10,7,2,0
1,1,4,0,1,2,0,1,1,3,0,16,37233,0.5,89.2,61.7,53.3,59.1,1,6,10,1,0
1,0,4,0,1,0,1,0,2,3,0,21,2455,7.53,89.5,72.9,65.7,76.2,3,9,6,3,1
1,2,1,2,1,1,0,2,2,2,0,24,5202,1.4,72.7,25.0,54.4,72.2,0,7,5,1,0
1,2,2,2,1,2,0,0,2,0,1,26,26156,6.4,63.3,57.1,77.7,94.0,0,7,3,1,0
1,1,6,2,0,2,2,2,2,1,0,18,40246,6.2,82.5,92.2,94.0,100.0,1,6,6,5,0
1,2,1,2,1,2,1,2,1,1,1,20,5777,24.3,77.3,31.3,81.6,95.3,5,7,3,2,1
1,2,4,2,1,2,0,1,2,1,0,19,27694,8.1,64.0,69.4,35.0,48.0,1,5,7,2,0
1,1,3,1,1,2,0,2,1,0,0,22,5295,0.5,57.0,63.1,54.2,73.4,4,8,10,1,1
1,2,4,1,0,2,2,2,1,2,0,17,26883,5.5,57.7,52.8,65.4,80.2,1,6,7,1,0
1,2,5,1,1,1,2,1,1,0,0,20,49589,12.0,81.3,10.0,50.5,62.6,1,5,4,3,1
1,1,4,2,0,0,1,2,2,2,0,24,11013,1.9,70.6,52.5,77.5,88.6,1,9,6,4,0
1,1,3,2,1,2,2,0,1,0,0,18,38343,8.2,79.5,13.2,53.5,70.0,1,4,5,1,0
0,1,5,1,1,0,2,2,2,2,1,17,6085,9.3,83.0,46.4,85.2,84.1,1,6,6,4,1
0,0,2,2,0,1,1,2,1,2,0,21,15281,3.43,58.8,51.6,35.0,43.1,6,6,5,1,1
0,1,0,0,1,0,1,0,2,1,0,16,27760,0.5,78.6,58.2,61.0,80.4,4,7,6,1,1
1,2,1,0,0,1,0,2,2,0,0,19,4873,9.8,70.9,26.1,40.2,43.1,6,8,5,1,1
0,2,2,1,0,2,0,2,2,1,0,22,16540,6.9,83.2,66.3,66.8,62.3,0,9,6,1,0
1,0,0,1,0,2,2,1,2,1,0,20,17611,2.16,84.1,53.3,50.5,51.7,0,10,9,3,0
1,1,4,1,1,2,2,1,1,1,0,20,22189,10.5,80.8,89.3,70.5,55.6,1,10,6,2,0
0,0,1,2,0,2,2,1,0,3,0,20,2005,10.16,77.2,74.8,45.9,71.2,0,8,6,6,0
1,1,3,2,1,2,0,2,1,1,0,21,9753,0.5,69.7,73.3,72.4,98.6,2,9,8,2,0
0,0,0,1,1,1,2,2,1,0,0,26,9719,0.68,65.7,75.2,78.1,85.7,0,7,2,1,0
1,1,0,1,1,2,2,2,0,1,0,17,5766,4.8,83.1,54.2,48.3,64.3,2,3,7,1,1
1,2,1,2,1,1,1,0,0,0,0,16,20697,4.8,82.9,11.4,48.1,93.8,1,10,2,1,1
0,0,2,0,1,0,2,2,1,3,0,22,4212,12.61,76.8,62.1,47.1,43.6,0,8,6,6,0
0,2,4,2,0,2,2,0,1,0,1,24,11620,5.8,79.3,49.2,59.5,41.0,7,7,2,1,1
1,0,2,2,0,0,2,2,1,2,0,21,25650,2.36,92.7,40.4,60.1,75.6,2,4,8,1,0
1,1,5,1,1,0,2,1,0,1,0,20,19397,15.8,76.6,84.2,77.0,100.0,1,5,10,1,0
1,1,2,2,1,1,1,0,1,2,0,23,15343,1.1,66.0,42.7,41.5,63.4,0,7,3,2,1
1,0,3,2,0,2,2,0,0,3,0,26,20799,6.38,91.4,76.3,62.5,57.0,1,8,4,2,0
0,0,4,1,1,0,2,2,1,3,0,17,12212,13.19,66.5,37.2,50.9,74.9,1,8,8,1,1
1,2,4,2,0,0,0,0,2,2,1,22,28779,13.6,55.9,51.1,42.7,45.5,0,6,3,4,1
1,1,6,1,1,2,0,1,2,1,0,19,12509,2.7,65.6,59.1,55.4,69.5,3,7,7,4,1
0,0,4,1,0,0,2,2,1,2,0,21,3232,15.59,76.3,86.3,97.0,87.6,0,7,10,2,0
1,1,6,2,0,2,2,0,2,1,1,21,22164,17.2,84.1,39.1,61.0,84.8,1,6,5,1,1
1,0,6,1,1,0,2,2,1,3,0,19,5683,6.97,87.4,10.0,80.7,93.3,5,6,10,1,1
0,1,1,1,1,1,2,2,2,2,1,21,9955,2.5,81.8,62.5,60.9,69.2,0,10,2,4,1
1,2,2,0,0,2,0,2,1,3,0,21,2000,0.5,75.4,53.9,59.5,68.1,1,5,9,1,0
1,1,2,1,0,0,2,1,2,2,0,16,10643,10.9,74.0,46.0,58.4,88.6,1,7,9,1,0
1,2,6,0,0,0,0,2,2,3,0,24,28439,8.5,71.4,66.0,35.0,40.0,3,4,10,3,0
0,1,6,2,1,1,2,0,1,2,1,21,32460,9.6,84.0,66.4,77.0,77.6,0,4,2,3,1
1,1,4,2,1,2,2,0,2,1,0,20,6564,4.8,89.4,76.0,71.1,93.9,0,3,5,1,0
0,0,6,2,0,0,0,1,1,0,0,17,4087,0.71,67.7,79.3,65.0,91.7,0,3,10,8,0
0,0,3,0,0,1,0,2,1,3,0,20,2589,26.0,87.2,35.6,61.2,79.7,0,8,6,2,0
1,1,0,1,1,0,0,2,2,3,0,22,5517,4.4,85.4,50.0,82.4,88.3,0,9,10,3,0
1,0,1,2,1,2,0,1,1,0,0,19,10310,29.85,78.2,51.6,60.8,79.1,0,7,8,4,0
0,1,6,0,0,1,1,0,0,0,0,20,4227,0.6,85.9,84.2,62.2,83.0,0,4,3,4,0
0,1,4,1,1,2,2,0,0,3,1,22,4605,4.3,93.9,54.2,76.6,85.5,0,5,7,1,1
1,0,3,2,1,2,0,1,0,3,0,18,8068,14.56,85.9,22.0,41.8,62.7,2,9,7,1,1
0,0,3,0,0,2,1,2,2,2,0,21,5878,3.86,80.7,11.3,39.7,59.6,4,9,4,1,1
1,0,6,1,1,2,2,2,1,2,1,19,39175,13.02,93.7,50.8,76.4,82.2,0,3,3,1,1
1,0,6,0,0,0,2,1,1,1,0,22,5920,1.27,94.9,91.2,79.2,75.4,0,3,9,1,0
1,0,2,0,0,1,1,2,1,0,0,20,5969,14.48,86.1,82.0,58.6,73.1,5,4,3,5,1
1,2,2,2,0,2,2,2,2,0,0,19,7729,26.2,76.6,73.3,75.6,83.4,8,7,7,1,1
0,0,0,2,0,2,2,2,1,3,0,21,20402,5.22,87.6,80.5,35.0,40.0,0,3,6,2,0
1,0,3,2,1,2,0,0,0,2,1,24,8667,24.72,92.8,40.7,40.6,45.2,2,8,5,4,1
0,2,2,2,0,2,2,2,0,2,0,22,36108,14.9,88.4,14.5,60.0,96.4,7,7,8,1,1
1,1,5,2,0,2,1,2,1,1,0,23,25374,0.5,63.1,70.3,72.9,90.5,0,6,6,2,0
0,2,5,1,0,2,2,1,0,2,0,21,46579,5.2,64.7,90.0,82.7,85.9,1,4,6,4,0
0,0,1,1,1,0,2,2,0,0,0,26,11689,8.42,55.3,84.4,65.8,88.9,4,6,6,1,1
0,0,1,2,0,1,0,1,1,0,0,22,10679,50.0,80.4,65.6,71.8,81.5,0,8,4,1,0
1,1,4,0,1,2,2,1,0,2,0,19,9004,15.3,43.6,11.9,71.7,91.3,0,10,8,1,0
1,1,4,2,0,2,2,2,2,0,0,26,11493,8.9,86.5,90.5,41.0,52.8,6,7,8,1,1
1,1,4,2,1,0,2,1,2,1,0,17,41039,5.0,86.7,10.0,35.0,40.0,0,7,8,2,0
1,0,3,0,1,1,1,0,2,1,0,23,7436,6.67,77.2,52.9,77.8,100.0,1,8,5,3,1
1,2,3,2,0,2,2,1,2,3,0,18,7102,7.6,65.1,63.4,57.5,59.2,9,4,6,1,1
1,0,3,2,1,2,1,0,1,3,1,25,12380,3.54,74.6,33.9,59.2,60.0,1,9,3,1,1
1,2,3,2,0,1,2,0,1,2,0,16,36114,1.6,79.1,31.7,53.0,71.7,4,7,3,2,1
1,1,4,2,0,1,2,0,2,0,0,20,4420,9.1,75.3,21.6,65.7,97.8,0,6,3,4,0
0,2,2,1,1,2,0,1,1,0,0,21,46565,2.0,70.5,70.0,52.6,70.1,2,4,8,2,0
0,1,6,2,1,2,1,0,0,1,0,24,11075,1.3,80.1,72.6,63.3,76.5,0,3,7,2,0
1,0,4,0,0,1,2,1,2,1,0,20,3420,20.88,93.5,75.3,35.0,55.2,0,6,3,1,0
1,0,1,0,0,2,1,1,1,3,0,21,18230,19.23,76.6,77.5,90.6,93.1,1,7,4,2,0
1,0,2,2,1,0,2,2,1,1,0,26,14788,22.82,70.7,49.7,61.5,79.0,1,9,9,2,0
1,1,2,0,1,2,2,2,1,3,0,18,12306,25.2,78.7,53.0,54.1,67.2,0,7,7,1,0
1,2,6,2,0,2,1,0,2,0,0,21,25161,4.7,59.9,61.8,55.0,58.9,0,5,5,4,0
1,1,2,2,0,0,0,2,2,2,0,17,13753,5.4,73.8,68.0,66.3,75.4,2,6,6,1,0
0,0,1,2,0,2,1,0,2,2,0,17,6338,13.34,65.7,48.9,64.3,86.1,2,10,4,1,1
1,2,3,2,1,0,2,1,2,3,0,20,33496,6.8,77.4,67.1,92.0,100.0,0,7,3,4,0
1,2,1,1,1,2,2,0,0,2,0,20,28015,4.6,86.8,34.1,72.2,99.0,2,8,5,3,1
0,1,2,2,0,2,1,0,1,1,0,16,7089,1.3,81.5,44.5,62.2,83.4,4,10,3,1,1
0,2,2,1,0,2,2,2,1,0,0,21,5795,15.4,83.2,57.6,82.3,100.0,2,7,6,4,0
1,1,1,2,1,2,0,0,1,3,1,22,3735,5.9,81.8,23.1,48.3,77.7,1,10,6,4,1
1,0,4,1,0,2,2,0,1,2,0,20,23014,14.64,83.1,82.7,95.4,100.0,1,10,8,2,0
1,2,0,1,0,1,0,1,1,0,0,15,50000,3.2,71.8,76.6,36.4,44.3,0,6,5,1,0
1,0,6,0,0,1,0,2,1,3,0,24,3950,11.78,72.0,79.0,67.2,80.7,0,5,6,3,0
1,2,2,2,0,2,2,1,1,0,0,20,50000,5.8,61.7,74.2,62.1,91.4,0,5,3,3,0
1,1,1,0,0,0,1,0,1,1,0,20,16622,8.8,67.9,73.2,78.6,89.0,1,10,7,1,0
1,1,2,0,0,1,0,0,1,1,0,20,3108,2.5,91.2,71.5,87.4,90.3,0,7,6,3,0
1,2,1,2,1,2,1,0,0,2,0,17,5756,4.8,87.7,62.9,62.9,65.0,0,6,3,1,1
1,1,2,2,0,2,2,0,1,0,1,15,8393,14.7,87.8,41.4,73.6,74.3,3,6,4,2,1
0,0,4,2,0,0,2,0,2,3,0,18,10459,0.78,72.3,97.2,54.3,66.0,1,6,9,2,0
1,1,0,2,0,2,1,2,2,0,0,21,8084,21.4,84.0,76.4,81.0,100.0,0,8,7,2,0
1,1,1,1,0,1,1,0,2,0,0,22,15142,10.0,74.4,70.1,49.1,59.6,9,7,4,1,1
1,1,5,0,1,1,0,1,1,0,0,17,4486,2.0,69.6,56.3,82.5,94.2,0,6,5,2,0
1,2,1,0,0,2,0,0,0,0,1,22,8462,19.1,72.6,10.0,39.9,67.6,1,10,7,1,0
1,0,1,1,0,2,0,1,2,0,0,21,49198,4.28,86.5,43.0,71.1,81.1,1,5,7,3,0
1,2,2,0,0,0,0,0,1,0,0,21,8503,3.1,81.4,35.2,70.1,71.3,7,6,10,1,1
1,2,0,2,0,2,1,2,1,2,1,22,25406,5.2,89.4,71.8,90.7,67.2,0,8,2,2,0
1,0,2,2,0,2,2,1,1,3,0,18,4508,22.52,68.0,10.3,44.7,40.0,0,5,8,3,0
0,1,2,1,1,2,0,1,1,1,0,18,9877,17.5,67.9,16.2,49.1,58.0,1,4,10,5,0
0,0,6,2,0,0,2,0,2,1,0,23,4488,4.9,74.0,10.0,56.0,85.3,0,6,8,1,0
1,1,2,2,0,1,2,1,2,2,0,20,25316,0.5,84.6,61.8,40.6,54.5,0,7,4,3,0
0,2,4,1,0,2,2,1,1,1,0,24,5143,11.2,81.8,49.7,52.1,59.5,0,10,6,4,0
0,0,2,2,1,2,2,2,2,3,0,20,33011,50.0,89.0,12.8,49.7,51.3,0,6,8,1,0
1,2,0,0,0,2,1,0,1,3,0,22,18285,2.6,97.4,62.2,63.0,74.3,7,9,6,3,1
1,2,1,2,0,0,2,1,0,2,0,16,44651,4.5,63.0,43.3,51.6,72.7,1,6,10,2,0
1,1,2,2,0,0,1,0,0,0,0,21,11116,22.3,82.5,54.4,36.8,61.1,1,4,6,1,1
0,1,3,1,0,0,2,2,0,0,0,18,5376,15.3,83.5,92.5,85.2,83.7,0,6,6,3,0
1,1,0,1,1,1,2,1,2,2,0,20,10673,4.6,81.5,81.6,39.3,45.8,1,5,3,1,1
1,0,4,0,1,2,0,1,0,0,0,20,6449,13.88,67.9,57.1,66.1,78.3,7,6,10,3,1
0,0,2,2,0,0,2,1,2,3,0,20,14559,5.94,82.2,70.2,58.3,50.6,7,4,8,2,1
0,2,2,1,0,2,2,2,1,1,0,15,12970,2.1,89.7,91.6,57.0,44.1,0,10,7,4,0
1,1,6,2,0,1,2,0,0,3,0,20,17238,6.5,94.7,78.4,62.1,80.2,0,6,5,1,0
1,1,3,2,0,0,2,2,0,0,0,17,16490,9.3,89.1,73.3,66.7,93.2,0,7,8,3,0
0,2,6,2,0,2,0,1,0,1,0,19,20542,0.5,82.5,95.0,35.0,40.0,0,4,7,2,0
0,2,2,2,0,2,1,2,1,0,0,21,16210,7.8,85.5,95.7,78.0,93.3,0,10,3,2,0
1,2,4,1,1,2,2,2,1,2,1,20,11383,4.5,78.8,52.9,100.0,91.8,1,9,5,2,0
1,1,3,0,0,1,2,0,2,1,0,18,6699,4.8,71.0,19.9,62.6,60.2,1,9,4,3,0
1,2,4,0,0,1,1,0,2,1,0,17,4860,2.7,91.4,66.9,39.1,40.0,0,7,3,6,1
0,0,3,2,0,2,2,0,2,2,1,20,11567,0.83,81.7,21.6,82.9,100.0,4,8,2,4,1
0,1,3,1,1,1,1,0,2,2,0,15,5836,5.9,64.9,18.2,40.0,43.1,7,9,3,3,1
0,2,0,2,1,0,0,1,1,2,0,21,11924,4.0,84.6,38.4,44.0,55.6,1,8,9,3,0
0,0,0,2,0,2,1,0,2,0,0,19,4280,32.33,81.2,73.5,41.3,61.2,4,6,4,1,1
0,2,1,1,1,2,2,0,1,1,0,18,2399,2.8,64.1,75.1,45.0,54.1,0,8,9,5,0
1,2,1,2,0,2,1,0,2,2,0,24,5918,10.6,68.8,76.9,55.7,54.3,0,8,2,1,0
1,1,1,2,0,2,1,0,1,2,0,16,2000,8.3,80.1,48.8,63.9,91.4,1,8,5,3,0
1,2,0,0,1,1,2,2,2,1,0,19,19164,50.0,76.1,57.8,42.0,67.2,1,9,4,3,1
1,2,5,2,1,2,1,0,0,2,0,16,3212,1.7,97.5,42.8,53.8,63.8,6,6,6,1,1
1,0,5,1,0,0,2,0,1,3,0,23,20217,4.36,88.1,70.6,68.2,67.4,7,5,10,1,1
1,2,0,1,1,1,1,2,1,1,0,25,7347,8.6,60.6,24.1,61.7,74.6,1,4,2,2,1
1,0,1,2,0,2,0,1,1,1,0,21,4692,2.75,70.6,42.3,81.9,100.0,0,8,10,1,0
1,0,0,2,0,2,0,1,0,2,0,21,30727,1.76,85.3,69.6,75.1,89.2,6,6,6,2,1
0,2,5,1,0,2,0,2,1,3,0,21,3549,0.6,68.0,18.3,61.7,70.2,1,5,7,2,0
1,1,1,1,1,0,1,2,2,3,0,18,5841,24.2,82.0,71.1,91.2,100.0,0,6,8,2,0
0,1,1,1,1,2,2,1,1,0,0,25,11780,1.0,78.8,66.7,100.0,100.0,0,8,7,2,0
0,0,1,2,0,2,2,2,2,1,0,20,6128,3.33,93.9,13.5,69.2,92.3,2,10,6,1,0
1,0,3,0,0,0,0,2,2,3,0,24,9738,24.97,67.0,78.5,35.0,40.7,6,7,10,2,1
0,1,4,2,0,2,1,0,1,2,0,28,3697,2.4,73.7,83.3,66.4,72.1,0,7,5,2,0
1,1,4,1,1,2,2,2,0,0,0,23,14198,0.8,88.9,13.3,71.7,100.0,3,10,7,4,1
1,2,2,2,0,1,1,0,2,3,0,18,9790,1.6,71.7,92.1,79.5,64.6,0,8,2,2,0
1,1,1,1,1,2,2,2,1,3,0,18,3390,5.6,85.6,94.4,40.2,46.6,3,7,6,1,1
1,2,0,1,1,2,2,0,2,2,0,21,48292,2.7,85.6,62.2,72.5,70.8,0,7,6,3,0
1,1,4,2,0,2,2,1,1,0,0,24,12511,0.6,79.1,43.7,92.3,100.0,3,8,7,2,0
1,2,2,2,1,0,1,0,1,1,0,17,21429,0.7,91.0,71.4,35.0,43.5,0,4,2,1,0
0,2,4,1,1,0,1,2,2,1,0,18,12288,3.7,86.7,91.3,100.0,100.0,0,8,5,3,0
1,1,0,1,0,2,1,0,0,1,1,24,7968,16.4,78.1,26.3,35.0,40.0,7,7,2,1,1
0,2,6,1,1,0,0,1,1,3,0,23,9354,0.5,83.0,80.0,37.0,40.0,0,4,7,2,0
1,1,0,1,0,2,1,0,1,3,0,21,7301,3.2,82.2,70.0,78.8,72.1,0,10,5,2,0
0,2,4,2,1,1,0,2,1,1,0,18,14016,1.1,62.0,53.9,42.1,40.0,1,6,5,1,0
1,2,0,0,0,0,1,2,2,1,1,20,4582,1.7,91.7,56.6,69.6,100.0,1,9,3,5,0
1,1,6,1,1,1,2,1,2,1,0,20,9042,10.2,71.2,27.2,48.8,65.6,1,4,3,1,1
1,1,2,2,0,0,0,2,2,2,0,19,2064,3.5,83.3,90.9,79.0,85.2,0,5,6,1,0
0,2,1,2,1,2,2,0,0,0,0,19,17606,4.3,55.6,75.6,53.3,89.7,0,8,5,3,0
1,1,4,1,1,0,1,2,2,3,0,18,6934,7.5,76.8,81.9,50.9,65.8,0,9,3,1,0
1,1,3,2,1,2,0,2,0,1,0,19,2000,12.1,74.4,67.8,58.8,70.1,0,8,6,4,0
1,1,6,2,1,2,1,0,1,3,0,21,5699,0.9,80.0,83.8,35.0,40.0,1,3,4,2,1
0,1,4,2,0,1,2,2,2,2,0,25,3563,0.6,80.6,10.3,62.0,92.9,0,8,4,1,0
0,1,3,2,0,0,1,0,0,1,0,21,27600,13.5,80.4,89.4,81.6,87.2,6,7,5,2,1
1,1,0,1,0,1,0,2,1,1,0,21,4888,6.1,93.8,91.4,68.9,67.0,0,6,6,1,0
0,1,1,2,0,2,2,1,1,2,0,22,11408,0.8,74.7,60.9,87.4,80.4,0,8,7,3,0
1,0,0,1,0,2,2,0,2,2,0,23,4588,32.18,95.6,73.0,59.2,86.4,8,7,6,1,1
1,2,6,0,1,0,1,0,1,2,0,21,8342,3.0,77.5,67.4,43.2,55.0,2,6,6,2,0
1,2,6,0,0,1,2,2,1,3,0,20,14515,14.4,71.0,65.8,92.3,70.4,1,8,6,1,0
0,1,4,1,0,2,2,0,1,0,0,21,11378,3.3,77.8,43.5,72.3,85.2,1,7,7,1,0
0,0,5,1,1,2,2,0,1,3,0,20,9844,10.57,70.2,23.4,45.2,40.0,1,5,8,3,1
1,2,5,1,1,2,2,0,1,2,0,27,13124,6.1,57.0,38.3,71.5,100.0,1,6,4,2,1
1,1,2,1,0,0,2,0,1,0,1,27,39816,6.5,70.9,71.9,78.7,75.8,6,6,5,1,1
1,1,1,2,0,2,0,0,2,1,0,22,2752,16.1,86.8,71.2,56.5,77.6,4,7,7,4,1
0,1,1,0,0,1,1,2,0,1,0,25,27443,11.0,61.8,53.3,41.6,48.3,0,7,3,3,1
1,0,2,1,1,1,2,0,2,2,0,21,2373,9.71,83.2,51.3,48.2,70.4,2,7,6,1,1
1,0,6,2,1,1,1,2,1,0,0,19,17452,20.58,85.4,67.5,48.9,65.3,1,8,3,1,1
1,0,2,1,0,2,0,2,0,0,0,24,7136,6.29,90.5,69.2,63.6,63.1,7,6,7,6,1
0,2,1,2,1,1,2,2,2,2,0,26,8915,8.2,88.1,37.7,35.0,49.2,1,7,2,3,1
1,2,3,1,1,1,1,2,1,1,0,18,15671,1.0,79.9,16.2,38.9,43.9,3,8,4,5,1
1,0,3,2,1,2,2,2,1,1,0,23,3688,1.5,78.0,70.3,96.7,100.0,0,9,6,3,0
0,2,5,1,1,2,0,2,1,0,0,16,11005,1.0,72.1,85.3,50.0,67.3,0,5,8,2,0
1,2,2,2,1,1,2,0,1,0,0,16,17211,2.2,96.9,58.6,35.0,52.0,0,4,4,2,0
1,2,2,2,0,2,0,1,2,0,0,16,11489,16.8,85.6,45.7,39.3,47.4,1,6,8,6,0
1,0,3,2,1,2,1,2,0,1,0,20,8132,11.54,79.4,10.0,51.0,66.7,2,3,3,2,1
1,2,3,1,1,0,1,2,2,3,0,21,2801,6.6,68.8,66.8,72.2,87.2,0,9,7,1,0
0,2,0,1,0,2,0,1,2,3,0,21,8152,1.3,72.9,84.2,59.4,60.0,2,6,8,2,0
1,2,0,2,1,1,2,0,2,0,0,17,14122,11.4,75.4,71.0,57.6,66.6,0,8,5,7,0
1,0,1,2,1,2,2,0,1,0,1,19,10339,24.77,85.4,41.2,41.4,46.0,1,10,2,2,1
0,1,1,1,1,1,2,1,2,1,0,23,47753,17.7,91.4,84.6,53.4,73.6,3,6,5,3,1
0,1,1,0,0,1,0,1,2,2,0,18,14559,3.1,52.5,73.5,67.1,86.7,0,8,7,2,0
1,2,0,2,0,2,1,0,1,0,1,21,12949,1.4,80.4,62.3,42.4,41.2,0,3,1,3,1
0,2,2,0,1,2,2,0,2,1,1,24,20719,23.7,93.1,68.9,51.4,54.8,7,6,4,4,1
0,2,2,2,0,0,2,1,2,1,0,19,27795,3.4,62.7,79.3,80.7,86.0,0,8,10,2,0
1,2,2,2,0,2,0,1,2,2,0,18,7558,9.9,96.7,49.6,95.3,100.0,3,9,7,1,0
1,1,5,1,1,0,2,1,1,1,0,16,6370,25.3,57.4,34.5,35.0,42.3,1,7,9,3,1
1,0,4,1,1,0,2,0,0,1,1,19,14669,15.43,91.6,71.0,76.1,91.3,0,7,7,3,0
1,2,4,2,0,1,2,1,1,0,0,18,50000,0.9,67.7,20.4,67.2,86.0,0,8,5,1,0
1,1,0,0,0,1,0,2,1,2,0,20,6116,0.5,76.9,48.3,56.8,79.1,1,8,5,5,0
0,0,4,2,0,2,2,2,2,3,0,25,3823,0.84,81.6,74.7,80.9,90.3,0,10,5,4,0
0,2,1,2,1,1,2,0,0,0,0,22,50000,3.5,85.3,34.7,64.3,73.1,2,6,3,4,1
1,1,2,0,1,2,2,2,2,2,0,20,3020,1.9,95.6,59.0,45.1,47.4,6,5,7,1,1
0,0,5,2,0,2,1,0,0,1,0,15,9431,5.7,58.7,10.0,77.9,100.0,5,5,4,1,1
0,0,0,0,0,2,2,1,2,0,0,22,25424,16.27,90.6,91.5,50.3,51.9,0,5,8,1,0
1,2,2,1,0,0,0,0,2,1,1,20,8127,1.4,53.1,36.4,68.5,65.8,4,6,3,5,1
1,1,6,2,0,2,1,1,0,0,0,22,9033,5.4,77.2,76.4,60.7,78.6,9,8,5,1,1
1,1,0,2,1,2,2,0,2,1,0,22,31471,2.0,78.1,35.4,63.4,65.0,0,5,6,3,0
1,1,4,2,0,2,2,2,1,1,0,22,18762,4.8,75.3,12.6,38.5,43.8,1,10,8,4,0
0,1,4,2,0,2,2,1,1,2,0,15,9984,0.5,73.2,59.8,55.2,70.0,1,7,7,3,0
0,0,0,1,1,2,2,2,2,1,0,18,4734,7.99,78.0,71.3,58.0,64.9,0,7,4,2,0
0,1,6,2,0,1,2,2,2,1,0,18,28994,1.5,91.0,30.3,75.0,100.0,9,7,4,2,1
1,0,3,0,0,2,2,1,1,2,0,17,5793,14.67,85.5,95.2,98.9,83.3,0,7,4,4,0
0,2,0,2,1,0,2,0,2,3,1,21,9476,2.9,81.0,17.2,35.0,40.0,1,6,4,4,1
1,0,4,0,0,1,2,2,2,2,0,18,33119,1.77,72.9,59.7,59.9,89.3,1,6,3,2,0
1,2,4,2,0,0,0,0,0,3,1,20,15611,10.6,79.6,76.3,48.7,64.0,3,8,6,2,1
0,0,1,0,1,2,1,0,2,1,0,23,2909,20.45,84.7,40.5,52.9,79.3,4,10,4,3,1
1,0,2,2,1,1,2,1,2,1,0,24,5934,2.2,82.8,57.9,42.0,43.7,1,6,3,3,1
0,0,4,2,1,0,2,1,2,0,0,21,8200,4.74,54.6,47.9,50.4,62.5,2,8,6,2,1
1,0,3,2,0,2,0,2,2,3,0,20,6174,2.43,59.7,81.5,61.5,88.4,1,8,10,1,0
1,1,3,2,0,2,2,2,2,1,0,18,3416,4.5,68.4,55.9,62.6,72.6,0,10,9,2,0
1,0,4,2,1,0,2,1,1,3,0,24,3725,7.75,75.2,50.0,69.0,74.6,9,6,10,2,1
1,0,4,1,1,1,2,0,1,0,1,19,7066,0.86,86.9,50.7,56.2,57.5,2,6,3,2,1
1,0,4,1,0,0,2,2,0,0,0,16,2290,6.62,68.9,90.2,43.3,46.8,0,6,9,2,0
0,0,0,2,0,2,0,1,2,3,0,18,6112,3.05,87.8,74.1,49.5,43.6,0,5,10,1,0
1,0,6,1,1,2,1,0,1,0,0,21,16135,12.86,76.0,74.2,43.2,49.3,0,4,5,1,1
1,2,0,2,1,1,0,0,1,3,1,22,4384,2.1,88.9,66.0,52.6,58.2,7,5,4,1,1
1,0,6,2,0,0,1,2,2,1,0,17,2324,19.16,88.4,56.7,65.5,91.3,0,5,4,3,0
1,1,1,2,1,2,0,2,0,2,0,23,14171,0.5,74.8,27.1,52.7,55.6,2,5,7,1,0
0,0,1,2,0,1,1,0,1,3,0,15,11632,6.44,84.8,58.6,84.1,100.0,3,10,2,3,1
1,0,1,1,0,1,1,2,2,0,0,18,19330,45.03,75.9,76.7,63.4,67.7,2,7,3,1,1
1,0,6,1,1,0,2,0,1,1,0,24,8598,18.22,92.8,71.8,79.4,72.1,0,5,6,1,0
0,0,6,2,1,2,2,1,2,1,0,18,5576,14.17,63.0,78.7,84.7,83.9,1,8,6,3,0
1,0,4,2,0,2,2,2,0,2,0,26,2000,2.68,84.8,72.9,65.6,89.9,0,7,3,2,0
0,1,6,2,1,1,1,2,2,2,0,17,20781,1.1,83.3,44.0,77.0,100.0,2,6,2,1,1
1,1,3,2,1,2,1,0,1,3,1,20,3088,33.1,84.7,41.6,56.3,67.8,0,3,5,2,1
1,2,2,1,0,2,1,0,2,2,0,22,9683,12.8,77.7,43.9,42.3,43.8,0,7,3,1,1
1,2,2,2,0,1,2,2,0,1,0,18,18709,21.9,87.0,96.7,68.1,65.6,0,7,5,2,0
0,1,2,2,0,2,2,1,1,1,0,19,5260,1.2,90.8,86.4,85.6,78.7,0,7,7,2,0
1,2,4,0,0,2,2,0,1,2,0,21,20808,0.9,86.5,10.0,72.7,86.8,1,6,8,2,0
1,2,3,2,0,1,2,1,1,2,0,21,32868,0.8,81.3,33.4,52.6,60.7,7,6,5,3,1
1,0,2,1,1,0,0,0,1,2,1,21,5232,2.86,71.2,54.5,72.6,85.2,1,6,4,1,0
1,1,4,2,0,2,0,1,0,0,0,21,11452,11.3,76.7,72.0,81.6,100.0,2,9,7,2,0
1,2,2,0,1,2,2,2,1,2,1,19,17372,0.5,73.8,41.9,63.6,100.0,0,5,5,2,0
1,0,6,0,0,2,1,0,1,1,0,23,11089,49.42,81.9,15.0,53.3,63.2,0,5,4,4,1
1,0,4,1,1,2,2,2,2,1,1,17,7148,20.42,76.7,27.4,67.9,100.0,2,8,4,5,1
1,1,4,1,1,2,0,1,1,0,0,25,14870,8.5,88.0,68.6,48.5,46.4,2,6,6,2,0
1,2,3,2,0,2,0,2,1,0,0,18,2587,1.4,76.2,27.8,63.8,60.2,1,8,8,2,0
0,2,4,1,1,0,0,0,1,2,1,15,13201,19.1,76.8,36.3,83.6,85.2,0,7,2,1,1
1,0,4,0,0,2,2,1,2,1,0,26,21716,1.43,73.0,58.2,72.4,86.3,0,7,7,4,0
1,0,1,0,0,0,1,0,1,3,0,21,4895,31.53,71.5,69.2,79.7,92.8,2,6,8,1,0
1,2,0,1,0,2,2,2,2,2,0,21,29370,7.2,93.0,85.2,84.2,98.9,0,7,9,2,0
1,2,1,2,1,2,2,2,1,3,0,21,20782,3.1,68.4,59.8,92.0,100.0,3,10,5,1,0
1,0,6,1,1,2,1,0,2,0,0,21,7282,0.85,99.3,48.4,50.9,71.2,1,4,3,1,1
1,2,5,1,1,0,0,1,1,1,0,20,13988,1.3,68.1,60.3,58.4,86.5,1,8,10,1,0
0,2,1,1,1,1,2,1,0,1,0,19,5454,7.7,77.2,13.6,56.0,77.2,0,6,4,2,1
0,0,5,2,0,2,0,2,1,2,0,19,15570,0.67,91.1,75.6,47.1,51.8,0,5,6,1,0
1,0,5,1,1,1,2,0,2,2,1,19,9280,0.69,70.0,35.9,72.4,85.2,1,4,2,6,1
1,1,0,2,0,1,0,2,0,2,0,17,12078,9.6,80.1,81.6,61.6,69.4,3,5,6,1,0
0,2,6,2,1,2,1,0,1,2,0,20,14405,0.5,96.3,72.2,51.5,52.4,0,4,5,3,0
0,1,4,2,0,0,1,2,2,0,0,17,50000,5.5,81.3,45.9,56.1,56.1,1,8,6,1,0
0,1,4,0,1,2,1,0,2,3,0,18,2382,42.1,70.5,57.4,52.8,56.1,1,7,6,2,1
1,0,3,1,1,0,0,2,1,1,1,17,6343,6.42,77.6,35.2,37.1,44.5,3,9,5,2,1
0,1,4,1,0,0,2,1,0,3,0,24,6854,19.2,64.5,68.6,81.0,85.9,9,7,7,2,1
1,2,2,2,0,2,1,0,0,1,1,23,44622,2.6,76.2,54.8,65.6,85.8,6,7,5,7,1
1,1,1,1,1,0,1,1,1,0,0,21,7907,6.5,89.7,50.7,38.7,47.4,0,8,6,2,0
0,1,0,1,1,0,1,0,2,2,0,21,9700,12.2,72.2,75.1,63.2,76.2,1,9,6,2,0
1,1,2,1,1,1,2,2,0,3,0,26,10934,3.7,82.1,31.4,36.0,45.2,6,5,4,2,1
1,1,2,2,0,1,1,0,2,3,0,21,6158,8.3,76.8,68.8,53.4,57.8,0,6,3,2,1
1,2,4,1,1,2,1,0,0,1,0,18,35485,16.1,59.0,65.5,70.5,83.9,4,8,7,4,1
1,1,4,0,1,2,2,2,1,1,0,23,3757,6.7,79.2,15.1,55.4,48.4,1,6,8,4,0
1,0,4,0,0,1,0,0,2,1,0,21,15001,3.23,75.1,86.6,48.0,42.1,0,8,4,2,0
1,1,1,1,1,2,1,2,2,0,0,18,4468,3.4,57.1,63.0,56.5,81.1,0,7,5,2,0
0,1,1,0,0,1,1,2,2,3,1,19,8348,1.2,78.7,58.1,76.8,75.7,2,7,1,3,1
1,0,3,0,1,1,2,2,2,0,0,19,50000,2.97,75.4,53.6,40.0,43.6,1,10,5,2,1
0,2,2,2,0,1,0,2,2,1,0,17,15910,18.8,82.1,61.8,59.7,65.6,2,5,3,2,1
0,2,3,1,1,2,2,0,2,0,0,19,50000,2.2,80.5,72.5,38.6,45.2,0,8,3,5,1
0,0,0,1,0,2,2,0,1,1,0,22,5069,25.85,77.1,68.8,69.9,71.2,3,7,8,2,1
0,0,3,2,0,0,2,0,2,2,0,20,6606,11.12,74.2,74.9,41.7,50.6,0,8,10,3,0
1,1,3,2,0,2,1,0,1,1,0,28,42714,3.9,88.2,95.2,67.8,62.7,0,2,5,3,0
1,2,4,1,0,0,0,0,0,0,0,22,15990,8.1,84.4,95.0,78.7,84.7,1,6,10,2,0
0,1,1,2,1,1,0,0,2,2,0,15,9657,23.0,85.4,69.6,66.6,66.1,0,10,5,3,0
0,1,3,1,0,2,0,1,1,3,0,22,24145,2.2,82.9,26.1,54.5,83.2,1,7,7,3,0
1,0,3,2,0,2,1,0,0,0,0,21,9903,2.48,78.6,69.0,68.3,53.6,0,7,6,1,0
0,1,0,0,1,1,0,1,0,0,0,21,17516,4.5,76.4,10.0,68.7,86.0,2,5,4,1,0
0,0,4,2,0,2,0,2,2,3,0,16,12762,0.89,71.5,77.5,81.4,66.3,0,8,9,2,0
0,1,6,0,0,2,2,0,1,2,0,17,11800,35.0,78.0,54.1,53.4,55.1,6,6,6,2,1
1,1,4,2,1,1,2,0,1,0,1,23,10842,0.6,84.2,61.3,70.3,69.0,3,5,3,1,1
0,0,1,0,0,2,2,0,1,1,0,17,2405,0.72,97.4,85.6,66.6,87.4,0,5,7,4,0
1,0,1,2,0,0,2,2,2,3,0,23,9649,15.88,96.6,44.8,72.6,97.9,1,6,6,2,0
1,2,4,0,0,0,2,0,2,2,0,20,13705,5.4,75.3,58.8,76.1,100.0,0,10,10,1,0
1,2,0,2,1,2,0,1,2,1,0,18,35144,3.4,68.3,58.9,38.6,43.9,0,9,6,2,0
1,1,1,2,1,0,0,1,0,2,0,22,49427,0.7,86.7,17.5,44.1,87.5,8,10,8,1,1
1,2,5,1,0,0,1,0,2,0,0,16,11400,2.7,97.6,91.0,55.2,66.3,6,3,6,1,1
1,2,3,2,1,1,1,0,2,0,0,19,15815,19.0,76.0,26.6,58.5,63.1,5,9,2,3,1
1,0,4,2,1,2,0,1,1,1,0,20,4292,22.12,68.0,10.0,54.6,64.4,1,7,9,2,0
0,2,0,0,1,0,1,0,1,0,0,16,20700,18.0,96.7,43.1,75.4,90.2,0,3,5,3,0
1,2,4,0,0,2,0,2,2,0,0,18,50000,3.1,94.3,88.8,35.0,40.0,0,7,7,1,0
1,1,1,1,1,2,1,2,0,0,0,16,50000,2.6,76.6,59.1,40.7,48.8,1,8,2,2,1
1,0,4,0,1,0,1,0,0,2,0,21,43711,3.09,65.3,62.9,72.7,99.6,1,8,6,2,0
0,0,2,1,1,1,2,2,2,1,0,22,3871,0.67,76.3,40.7,35.0,40.0,1,5,4,1,1
0,1,4,2,1,0,0,1,1,0,0,26,5665,1.4,76.7,60.8,75.3,75.3,0,8,9,2,0
0,0,3,0,0,0,2,0,2,1,1,16,2000,7.1,62.2,66.2,83.7,87.1,0,6,7,3,0
1,0,6,2,0,2,0,2,2,3,0,17,8795,48.96,78.0,10.0,55.6,69.6,1,6,9,2,1
1,1,0,0,0,2,2,2,1,2,0,21,5778,8.0,88.2,28.4,72.0,74.4,6,9,4,1,1
1,1,3,1,0,0,2,2,1,1,1,25,22983,0.5,62.7,33.3,56.9,71.1,1,7,4,2,0
1,1,1,0,0,2,2,2,2,0,0,20,21124,4.8,86.9,87.0,83.9,77.8,0,6,7,3,0
1,2,3,1,1,2,2,2,2,2,0,18,4422,3.9,79.4,81.0,59.4,66.5,1,8,9,1,0
0,0,2,1,1,2,2,2,2,2,0,25,15835,4.53,80.4,58.8,60.2,80.5,1,7,5,1,0
1,2,0,2,1,0,2,0,2,1,0,16,25569,3.0,75.4,15.3,56.0,61.1,5,3,6,1,1
1,1,6,2,0,2,2,1,1,1,0,22,6418,0.5,80.3,90.3,72.8,80.4,5,7,9,3,0
0,0,5,0,1,2,1,2,2,3,0,23,5790,6.83,74.7,31.1,35.0,40.0,1,2,5,1,1
0,1,4,2,0,0,2,2,0,1,0,19,4147,13.5,96.5,86.2,78.1,75.9,0,8,10,3,0
0,1,1,1,1,2,0,2,2,2,0,20,9633,22.7,95.8,40.4,72.5,100.0,1,6,8,1,0
1,0,3,2,0,2,1,0,1,3,0,21,2209,1.02,89.0,46.6,41.5,42.3,1,10,2,2,1
1,2,3,1,0,1,1,0,1,2,1,19,9309,9.4,74.3,56.4,81.4,90.1,7,7,2,2,1
1,1,1,2,1,2,0,1,2,2,0,22,38628,14.0,74.9,23.1,59.5,70.3,2,8,7,3,0
1,0,5,1,0,1,0,1,0,1,0,19,3404,10.97,83.5,80.5,79.3,71.9,0,7,4,6,0
0,2,2,1,1,2,0,1,1,2,0,16,17536,0.5,73.3,19.1,52.1,43.1,4,5,5,1,1
1,0,2,0,0,0,1,2,0,1,1,17,10909,5.35,94.9,64.2,65.0,87.2,0,6,6,3,0
0,1,6,0,0,2,1,0,2,3,1,21,2000,0.5,68.9,58.6,59.3,52.1,6,7,3,2,1
1,2,0,2,0,2,2,2,2,1,0,20,3895,2.5,90.7,85.9,97.1,86.6,0,6,8,2,0
0,1,3,1,0,2,2,2,1,2,0,18,15238,11.3,86.5,83.6,69.0,65.6,0,6,5,4,0
0,2,0,1,1,0,1,1,1,3,0,19,10787,22.1,82.4,74.3,65.9,57.4,9,5,4,2,1
1,0,2,0,0,0,1,2,2,0,0,24,4784,1.24,66.5,42.8,49.2,55.2,0,3,7,2,0
1,1,4,1,1,2,1,0,1,2,0,20,9525,7.9,62.7,61.4,68.2,61.8,4,6,4,1,1
1,1,2,1,1,2,1,0,2,0,1,20,15238,2.9,92.4,54.5,75.4,81.3,4,6,3,1,1
0,0,1,2,0,2,2,1,1,3,0,20,3246,16.51,78.4,71.5,76.2,63.6,0,6,6,1,0
1,1,4,2,0,2,2,1,1,1,0,21,10236,27.3,56.2,53.2,38.5,51.2,1,5,5,2,0
1,0,0,2,1,0,2,0,1,0,0,25,13202,8.9,67.3,51.6,43.2,55.7,1,5,8,1,0
1,0,1,1,1,2,2,2,1,3,0,18,5376,2.37,78.8,87.6,100.0,100.0,0,8,6,3,0
1,0,1,1,0,2,2,0,2,3,0,21,5259,49.14,81.1,11.8,54.4,65.7,1,6,7,5,1
0,0,6,1,0,1,2,0,0,2,1,18,20373,0.86,58.2,61.8,35.0,50.1,2,4,3,5,1
0,1,2,1,1,2,2,2,1,0,1,18,4593,24.7,89.8,65.0,70.1,59.7,1,9,5,5,1
1,1,6,1,1,2,0,0,2,1,0,19,2983,19.5,88.5,48.1,39.4,61.0,2,3,7,2,1
1,0,1,2,1,1,0,1,2,2,0,20,9739,34.66,83.3,53.3,60.3,73.5,4,8,4,2,1
0,2,6,0,1,2,2,1,0,2,0,20,10379,4.9,79.3,10.0,71.3,87.6,0,8,9,2,0
1,2,2,0,0,0,2,2,1,2,0,21,8613,2.3,70.2,40.2,58.8,84.4,2,7,6,2,0
0,2,2,1,1,2,0,1,2,1,0,22,2000,12.8,87.4,85.9,100.0,99.6,0,8,5,5,0
0,1,4,2,0,2,0,2,2,0,0,18,19684,34.8,70.5,54.7,57.9,97.3,3,6,10,3,0
1,1,0,1,0,2,1,2,1,0,0,22,18184,0.5,80.7,73.9,60.3,57.9,0,7,5,2,0
1,0,4,0,0,1,0,2,0,2,0,20,4538,16.18,82.1,87.2,87.8,85.6,0,7,6,2,0
1,1,3,0,0,2,0,1,2,0,0,21,35378,13.1,77.0,93.4,79.5,75.9,0,4,10,1,0
0,1,3,2,1,1,0,2,0,0,0,16,8157,23.1,75.2,35.7,62.4,72.6,0,4,3,2,1
0,2,1,2,0,2,1,0,2,0,0,19,10061,5.6,77.0,87.5,70.1,71.9,5,6,3,1,1
0,0,2,2,0,1,1,0,1,2,1,20,7548,6.46,80.7,51.2,69.6,82.1,0,7,2,1,1
0,2,1,1,1,2,1,2,2,3,0,20,8634,10.3,67.8,88.4,75.8,62.5,0,6,5,2,0
1,2,4,2,0,0,2,2,2,0,1,22,17750,2.6,89.2,59.0,68.6,97.5,2,7,4,4,0
0,2,6,2,0,2,2,2,2,2,0,19,6405,9.6,85.2,58.7,60.7,70.9,0,6,5,2,0
1,2,4,1,0,1,2,2,2,2,1,23,27078,15.6,92.0,38.0,42.4,43.0,2,7,2,1,1
0,1,3,1,1,2,1,0,2,1,0,20,3849,5.9,73.0,45.6,42.2,45.2,0,10,4,1,1
1,1,3,2,0,2,1,2,1,3,0,20,4484,1.0,77.4,51.4,58.4,64.1,1,9,6,2,0
1,1,2,2,0,2,0,2,2,2,0,19,6438,5.3,76.4,38.7,76.4,91.4,0,5,5,3,0
1,2,6,1,1,0,2,1,2,3,0,20,12360,1.4,78.0,68.1,40.2,50.1,2,6,7,4,0
1,0,0,2,0,2,2,2,0,1,0,25,5131,0.82,72.3,52.8,90.4,100.0,1,9,7,2,0
1,1,6,2,0,1,2,2,2,0,0,22,24148,19.5,69.3,73.2,43.6,54.3,0,4,1,1,0
1,2,6,2,1,2,2,2,2,1,0,20,6975,18.7,78.5,48.0,35.0,45.2,0,6,6,5,1
1,2,5,2,0,2,0,1,1,2,0,22,31443,4.3,84.9,76.2,90.9,100.0,0,6,10,4,0
1,0,1,1,1,2,2,1,0,2,0,20,11915,10.16,90.6,67.1,37.1,68.1,0,10,7,3,0
0,1,5,0,0,1,2,0,0,0,0,25,9831,1.9,76.6,82.5,37.9,60.7,0,5,4,4,0
1,1,6,2,1,2,2,2,2,0,0,22,6640,1.4,91.5,19.0,75.7,80.9,1,6,9,2,0
1,1,4,1,1,2,2,2,1,0,0,26,8562,27.6,61.5,42.5,77.9,100.0,2,6,7,1,1
1,0,6,1,1,0,2,2,2,2,0,19,6978,5.67,76.0,32.5,64.0,82.2,1,8,10,4,0
0,2,2,0,0,1,2,2,1,3,0,17,10995,7.5,87.4,80.9,52.1,55.2,4,6,5,2,1
0,1,6,2,1,0,2,1,0,1,0,20,3207,9.1,89.0,66.8,50.3,67.3,0,6,5,3,0
1,1,4,2,0,1,0,1,2,1,0,23,2212,1.2,90.3,37.4,50.8,40.3,1,7,5,1,0
1,2,6,1,1,2,1,2,1,1,1,22,7663,8.5,66.6,26.9,51.5,60.3,1,7,4,1,1
0,2,1,1,1,0,1,0,1,1,0,23,4777,2.2,78.3,66.2,71.5,94.5,0,6,5,2,0
1,0,2,1,0,2,0,1,2,3,0,20,3728,4.56,66.3,85.0,57.8,65.4,1,3,7,1,0
1,1,4,0,1,2,2,2,1,2,0,19,16235,20.8,86.1,64.1,77.8,100.0,2,8,7,2,0
1,0,3,2,0,2,2,2,2,2,0,21,14458,5.04,98.1,73.1,55.3,64.4,0,6,9,2,0
0,2,3,2,1,2,2,0,0,0,1,19,2687,17.5,69.9,63.6,54.1,58.4,5,9,5,3,1
1,0,5,1,0,2,0,0,2,0,1,17,19928,3.97,82.0,12.7,72.0,75.9,1,6,3,1,1
1,0,2,1,1,0,1,0,2,1,0,19,6522,5.35,75.6,59.1,46.2,44.2,2,7,6,2,1
1,2,2,1,1,2,1,0,1,0,0,17,2000,3.3,73.3,24.3,76.5,85.4,1,5,3,3,1
0,0,2,2,1,2,1,2,2,1,1,19,9197,24.4,93.3,12.0,42.8,53.8,2,9,2,6,1
1,1,2,1,1,1,2,0,1,1,0,17,4443,6.9,76.9,69.9,73.4,93.1,2,6,4,2,1
0,2,0,2,0,1,2,2,1,3,0,18,37485,0.7,84.5,41.9,78.0,99.6,9,7,5,1,1
0,0,5,1,0,2,0,1,1,0,0,23,17501,15.44,90.2,78.4,60.0,95.8,8,7,8,1,1
1,0,1,1,1,2,0,2,2,2,0,21,12261,5.68,64.7,52.7,44.7,47.3,1,6,9,2,0
1,1,3,1,1,2,1,0,1,1,0,24,8229,25.4,75.9,48.1,93.6,95.9,0,10,4,2,1
1,0,2,1,0,2,0,1,1,0,0,22,8935,7.79,73.7,91.3,70.4,74.7,0,5,4,4,0
1,0,4,2,0,1,1,2,1,1,0,18,18390,25.29,86.1,72.0,83.2,83.9,0,7,3,1,0
0,0,1,2,0,1,0,2,0,3,0,17,7507,16.25,79.6,70.2,80.4,96.7,2,7,5,1,1
1,2,2,2,1,0,2,1,2,1,0,16,31464,0.7,61.6,77.2,45.7,52.9,0,6,10,5,0
0,0,6,2,1,2,0,2,2,1,0,17,4228,0.75,90.4,82.9,80.9,100.0,4,5,5,2,1
1,1,3,2,1,2,2,0,1,1,0,16,8362,5.8,84.9,30.8,50.3,62.7,4,3,6,3,1
1,1,0,1,1,2,0,2,1,0,0,19,50000,14.2,62.6,66.7,89.6,100.0,0,5,10,2,0
1,0,2,2,1,2,0,1,1,1,0,18,8145,21.74,71.0,49.4,54.2,85.9,1,9,10,1,0
0,0,4,2,1,2,2,0,0,0,1,20,20889,8.62,83.7,43.9,72.6,100.0,1,8,5,2,1
1,0,1,2,0,2,1,0,2,3,0,25,4352,4.91,70.5,19.3,36.2,52.5,1,5,5,5,1
1,0,4,1,1,0,0,2,0,1,0,16,34521,8.04,74.7,18.4,39.0,62.7,1,8,7,1,0
1,0,4,2,1,2,1,0,2,2,0,25,29205,2.09,67.0,60.4,35.0,40.0,0,6,6,3,1
0,2,4,1,0,2,1,2,0,0,1,22,43232,2.9,63.7,24.1,87.8,100.0,1,8,3,1,1
1,1,0,2,0,0,1,2,0,1,0,17,25557,17.1,79.9,80.6,77.9,81.6,1,6,6,2,0
1,1,3,1,0,2,1,0,2,1,0,22,8164,18.1,89.3,88.9,44.8,46.3,3,9,7,4,1
0,0,1,2,1,0,1,0,1,0,0,22,21117,9.49,98.1,81.0,71.4,82.8,0,7,8,4,0
1,1,4,2,1,1,0,1,1,1,0,20,12395,0.5,90.6,51.1,72.7,75.5,0,7,7,4,0
1,1,4,2,0,2,1,1,1,0,0,20,2750,2.6,69.7,68.0,75.9,100.0,2,9,4,6,0
1,0,6,1,0,2,2,2,1,2,0,23,5533,29.1,87.9,61.5,38.1,40.0,2,7,6,2,1
0,1,4,2,1,2,2,0,2,1,1,21,13820,2.0,84.1,15.3,89.2,100.0,3,9,5,4,1
1,1,5,1,1,2,2,2,0,0,1,20,11446,11.2,65.1,10.0,61.8,74.2,1,6,5,1,1
1,1,2,2,1,1,2,2,1,1,0,23,11041,11.8,61.2,36.5,42.9,40.0,1,3,3,4,1
1,0,3,2,1,2,2,1,2,0,0,16,30860,31.54,85.8,14.3,58.3,87.0,2,3,5,1,1
0,0,6,0,0,0,1,0,1,0,0,23,3452,9.45,74.1,81.9,37.3,50.1,0,8,7,4,0
0,2,4,1,0,2,2,2,0,1,0,15,8317,21.4,86.0,81.2,66.1,68.3,1,6,7,4,0
1,1,2,1,0,2,2,0,1,0,0,17,6652,0.5,92.2,36.7,50.2,63.9,1,6,8,6,0
0,0,3,0,0,2,2,1,2,0,0,24,7053,0.94,81.3,29.7,47.1,58.8,1,6,7,5,0
1,0,4,0,0,2,1,2,0,0,0,24,11401,1.82,71.4,59.2,38.4,62.2,1,6,6,4,0
1,0,0,1,1,2,2,0,1,1,1,18,16516,11.67,64.9,38.9,75.1,76.6,5,6,5,2,1
1,2,1,0,0,1,2,0,2,1,0,19,10055,3.9,87.6,72.6,68.6,69.2,7,8,3,3,1
1,2,2,2,1,1,1,0,0,1,0,17,24016,18.9,61.5,65.1,57.1,60.1,2,7,5,3,1
1,2,5,2,1,0,2,1,1,1,0,23,16810,1.5,67.8,68.5,71.6,71.3,2,6,10,2,0
0,0,0,2,0,0,2,2,1,0,0,19,5155,6.0,79.3,58.2,39.1,40.0,2,5,9,2,0
1,0,4,1,1,2,1,2,1,3,0,24,2312,0.75,77.7,83.6,63.4,81.5,0,7,3,1,0
1,1,3,0,1,2,0,2,1,3,0,18,18301,13.1,81.4,54.0,59.6,66.0,5,8,8,3,1
1,1,4,2,0,1,2,2,0,0,0,17,16901,10.9,76.6,60.0,50.5,52.0,0,5,6,1,0
1,1,4,2,0,2,0,2,0,1,0,22,12277,0.9,91.6,64.7,59.0,71.5,0,7,7,1,0
1,1,0,2,0,1,1,0,0,1,0,18,8117,23.4,84.2,21.4,54.2,63.7,1,6,2,2,1
1,1,3,1,1,1,1,0,1,0,0,16,4629,10.0,70.3,38.1,54.3,78.0,1,10,2,3,1
1,1,6,2,0,2,2,2,1,0,0,19,8931,0.8,90.1,65.2,84.0,90.0,0,6,7,3,0
0,2,3,2,0,2,0,1,0,3,0,18,16653,3.8,74.2,97.3,39.7,42.9,0,4,8,1,0
0,1,3,0,1,2,2,1,2,0,0,23,7055,6.3,63.9,81.7,82.9,94.9,0,7,7,4,0
1,1,2,2,0,1,0,1,1,0,0,18,21930,1.9,64.1,87.9,72.0,85.5,0,4,5,2,0
1,0,4,1,0,1,0,2,0,2,0,24,8332,7.81,65.0,74.1,72.6,80.8,0,9,5,5,0
1,0,3,1,1,2,2,1,1,0,0,26,4129,0.83,81.6,66.8,41.7,42.5,0,8,6,3,0
1,1,4,1,1,1,0,1,2,3,0,17,2000,8.1,59.3,39.6,68.0,97.0,1,10,6,1,1
1,1,2,0,0,2,2,0,1,1,0,17,5903,6.4,79.9,38.8,87.4,100.0,0,8,7,2,0
1,0,1,1,0,2,2,1,2,1,0,22,11351,1.93,76.3,65.2,65.1,58.9,1,7,7,2,0
0,2,2,0,1,0,1,0,0,1,0,19,13043,14.1,76.5,17.6,65.0,84.6,6,10,6,1,1
0,1,6,1,1,0,2,1,1,0,0,18,9822,11.9,96.0,10.0,72.9,77.8,1,7,7,1,0
0,0,4,2,1,1,0,1,0,1,0,18,6321,13.56,72.3,22.3,71.7,100.0,3,9,2,3,1
1,1,3,1,0,1,2,1,2,2,0,16,20876,12.6,66.8,81.9,79.0,71.9,0,7,5,6,0
1,2,6,2,0,0,2,0,2,3,0,18,29095,3.2,68.0,53.9,69.0,79.1,0,8,6,5,0
1,2,6,1,1,0,1,1,2,2,0,18,10228,6.3,80.0,78.7,60.9,86.9,0,8,5,2,0
1,1,2,1,0,2,0,1,0,2,0,17,17965,12.1,78.2,84.6,55.4,71.6,2,6,10,3,0
1,2,6,0,0,2,2,0,1,0,1,18,21820,4.8,84.9,32.8,67.2,82.9,1,3,4,3,0
0,0,3,1,1,0,2,2,0,2,0,20,3290,33.78,76.1,60.5,58.8,72.3,2,6,8,3,1
1,0,2,0,0,2,2,1,1,2,0,21,5527,5.57,82.1,75.7,65.6,74.0,2,6,7,3,0
1,2,4,0,1,2,2,0,0,1,1,17,36460,10.2,76.7,39.8,68.9,73.1,0,5,4,1,1
0,2,6,0,1,0,2,1,2,3,0,20,12646,2.5,89.8,48.9,57.5,62.3,1,5,8,3,0
0,1,2,1,1,0,1,2,1,2,0,16,2000,1.3,73.2,72.1,38.6,63.4,0,7,4,1,0
0,2,6,2,0,2,1,2,0,2,0,16,29562,0.5,95.9,80.4,76.3,86.5,1,5,6,1,0
1,2,1,0,0,1,0,2,1,3,0,18,3981,0.6,89.2,92.8,97.1,100.0,3,10,4,1,0
1,0,2,2,0,0,2,0,0,2,1,27,11192,4.26,75.5,50.5,54.3,76.2,0,7,5,3,0
1,1,2,0,1,2,0,2,0,1,0,21,4967,3.2,79.2,74.6,88.3,100.0,3,8,7,1,0
1,1,0,2,1,2,0,1,2,0,0,21,13479,1.8,82.2,34.1,57.0,77.5,0,6,7,3,0
0,0,6,2,0,1,2,2,1,1,0,23,3408,3.76,76.8,84.6,38.9,58.4,0,4,3,1,1
1,2,4,0,1,0,1,0,0,2,0,22,12177,3.6,71.8,60.6,57.7,65.2,0,8,5,3,0
1,1,4,2,0,2,2,1,1,0,0,24,33899,3.6,69.1,64.2,44.5,45.7,0,10,9,1,0
1,2,4,1,1,0,0,2,2,2,0,23,20698,5.4,88.2,15.4,62.5,79.8,9,8,8,2,1
1,2,2,0,0,1,1,2,1,2,0,16,17940,3.7,71.4,87.8,80.9,100.0,0,5,1,2,0
1,2,0,1,1,0,2,0,1,3,0,18,8443,1.8,74.6,37.4,71.6,93.4,4,4,10,1,1
1,1,6,1,1,2,1,0,0,1,0,23,11138,0.7,77.2,80.3,52.3,76.5,0,6,6,4,1
0,0,3,1,1,2,1,2,0,0,0,17,9414,6.77,76.2,22.7,71.9,70.5,1,6,6,6,1
1,2,6,1,1,1,1,0,0,2,0,19,7203,1.7,90.3,55.8,69.0,89.2,0,3,3,4,1
1,1,2,1,0,2,1,2,2,2,0,20,28955,3.3,87.0,59.3,53.9,72.7,1,6,5,1,0
0,1,1,1,0,2,0,2,0,3,0,17,19606,27.1,82.9,69.6,94.8,100.0,7,8,8,1,1
1,0,1,2,0,1,0,2,1,2,0,22,21684,11.93,93.1,80.3,100.0,100.0,7,8,5,1,1
1,2,1,2,0,0,1,0,2,1,0,18,8074,33.8,92.1,57.8,43.8,64.9,0,6,6,2,0
1,1,0,2,1,2,2,1,1,1,0,19,14758,0.5,77.2,78.6,64.0,62.6,2,7,8,1,0
1,0,1,2,1,2,1,2,1,3,0,18,2000,29.4,78.2,59.1,61.2,85.7,7,7,5,2,1
1,1,4,2,0,2,1,0,2,1,1,17,10200,4.1,76.4,71.7,70.0,78.9,0,2,2,5,1
1,2,5,2,1,1,0,0,2,1,0,19,10189,22.9,92.7,79.1,59.8,49.4,4,6,5,3,1
1,1,6,2,1,2,1,0,1,1,0,15,23640,0.5,89.9,49.0,54.5,72.9,1,4,6,3,1
1,2,3,0,0,0,2,1,0,0,0,22,12955,23.3,70.1,77.9,37.8,51.3,0,3,9,5,0
1,0,6,1,1,2,0,1,1,0,0,19,3988,22.61,67.8,82.4,74.1,75.3,1,8,9,4,0
0,0,4,2,1,0,1,0,1,1,0,27,9339,16.58,92.4,66.1,81.8,85.4,0,6,6,4,0
1,2,4,2,0,2,2,0,0,3,0,16,6226,4.9,88.9,78.3,56.1,72.9,0,6,8,3,0
1,0,4,1,1,1,1,0,1,2,0,17,4056,4.55,75.0,38.9,81.3,81.2,2,9,5,1,1
0,0,4,1,0,2,2,2,0,2,0,20,2258,0.97,73.3,59.3,70.4,99.9,2,8,5,2,1
1,1,6,1,1,2,0,2,1,1,0,19,6851,1.0,74.8,79.7,63.1,70.0,2,8,5,1,0
1,2,2,2,0,2,2,2,1,3,0,19,4349,3.7,88.5,85.0,67.2,84.9,5,9,9,2,0
1,0,0,1,1,2,0,2,0,1,1,22,2958,26.92,86.5,55.2,87.4,100.0,4,6,4,1,1
1,0,3,2,0,2,1,0,1,1,0,16,16789,16.2,78.9,67.5,39.4,51.1,1,10,5,2,0
1,2,3,2,0,1,0,2,2,1,0,21,34073,7.6,94.0,65.1,61.1,49.5,0,8,5,1,0
1,2,1,2,0,2,0,2,2,0,0,21,50000,3.7,63.0,13.3,75.6,87.4,0,7,10,5,0
1,1,3,1,0,0,2,2,0,2,0,22,19412,1.9,83.7,90.8,66.4,76.7,0,7,10,1,0
1,1,1,1,1,2,0,2,0,2,0,18,9621,4.1,67.9,50.3,79.3,100.0,6,7,9,3,1
0,2,2,0,0,1,0,0,2,1,1,21,21150,3.1,88.0,71.5,50.4,57.2,0,6,3,4,1
0,0,2,2,0,2,1,1,2,0,0,21,18209,5.44,91.5,73.6,44.8,44.9,2,8,5,2,0
1,0,6,1,1,2,2,2,2,3,0,22,5574,50.0,83.1,71.7,87.9,100.0,0,8,8,1,0
1,2,6,2,0,0,0,0,0,3,1,24,10402,16.5,60.4,55.5,36.1,45.0,1,5,6,5,1
1,0,2,2,0,2,2,1,2,1,0,19,14699,4.75,87.7,66.5,66.8,80.7,2,6,6,1,0
1,1,4,0,0,2,1,2,2,2,0,23,6296,7.6,73.6,39.8,58.8,54.1,1,9,6,3,0
0,2,3,0,0,0,1,0,2,0,0,20,20666,4.4,53.7,16.9,66.9,74.5,3,7,3,3,1
0,1,6,2,1,0,0,1,2,1,0,19,9917,7.8,66.9,53.8,61.6,73.7,1,7,9,1,0
1,0,3,1,1,2,1,0,1,0,0,19,2000,2.0,79.2,81.3,66.9,88.4,1,7,3,1,0
0,0,6,2,0,2,2,1,2,3,0,21,3842,1.76,78.3,72.8,55.4,61.1,0,3,8,4,0
1,0,2,2,1,2,0,2,1,0,0,19,8148,10.48,88.1,41.5,78.5,86.1,2,5,10,1,0
0,2,3,1,0,2,0,0,1,0,1,23,8008,6.9,83.4,55.8,82.7,76.7,1,8,5,3,0
1,0,4,1,1,0,0,1,0,0,0,23,6274,10.05,80.6,16.7,64.3,82.9,1,10,10,2,0
1,2,5,2,0,2,2,1,0,3,0,19,2527,16.3,74.6,15.1,63.9,84.2,0,7,3,1,0
1,1,4,1,0,2,2,2,1,2,0,29,17179,0.5,70.8,56.2,70.2,85.2,1,6,8,4,0
1,1,1,1,0,0,1,0,2,2,0,22,3186,2.0,85.7,72.4,57.3,63.9,7,7,8,1,1
1,1,3,0,0,2,2,1,2,1,0,24,22037,0.5,67.1,85.1,47.8,50.8,0,7,7,4,0
1,1,4,1,1,2,2,2,1,1,0,22,11141,2.9,81.5,86.5,75.3,85.5,0,10,8,2,0
1,1,1,1,1,0,2,1,2,0,0,23,11336,0.5,66.8,25.5,81.2,100.0,5,10,4,3,1
1,2,4,1,1,2,1,2,2,2,0,23,12107,10.9,60.2,55.4,60.8,69.6,2,7,4,2,1
1,0,6,2,0,2,1,0,1,2,0,19,2266,14.31,86.3,92.1,64.7,69.3,0,7,5,1,0
1,1,6,2,0,1,2,0,2,0,0,21,5626,6.8,69.3,34.7,79.1,90.2,0,4,5,1,0
0,1,6,1,0,2,2,2,2,2,0,25,23868,5.6,75.4,69.2,58.1,54.6,0,6,9,1,0
1,0,2,1,1,1,2,2,0,0,1,20,48999,3.3,88.4,62.0,68.0,74.5,0,6,1,1,1
1,0,4,2,0,2,2,1,2,2,0,25,17371,5.52,72.3,86.3,75.2,80.5,0,8,7,3,0
1,1,3,0,0,0,1,2,0,1,0,20,50000,21.7,83.7,59.0,46.8,54.1,1,8,4,3,0
1,2,2,0,0,0,1,0,2,2,1,18,2464,6.1,98.0,53.6,71.9,75.1,0,6,3,5,0
1,0,4,2,1,1,0,1,2,3,0,23,5017,7.4,67.5,73.3,41.6,57.5,7,5,5,1,1
0,1,3,2,0,0,0,1,2,3,0,21,6699,11.8,85.9,29.3,55.1,72.9,1,8,8,2,0
1,2,4,1,1,2,2,0,2,1,0,18,2000,6.6,82.7,76.5,69.0,96.0,4,8,7,3,1
1,1,0,1,1,2,0,2,0,0,0,20,6228,0.9,78.4,87.3,83.1,78.7,4,5,9,1,1
0,2,4,0,1,0,2,1,2,3,0,19,3563,34.4,86.8,55.5,48.0,68.8,0,8,10,6,0
0,2,5,2,0,2,1,1,2,0,0,15,30348,5.7,84.3,73.1,76.5,69.6,0,4,4,3,0
1,2,3,1,0,2,2,0,2,1,1,17,26742,3.5,81.7,83.9,82.2,93.2,0,6,5,1,0
1,2,2,1,1,1,1,1,1,2,0,21,7636,14.8,78.7,58.2,46.8,57.7,0,8,3,3,1
1,2,4,0,0,2,0,2,2,1,0,21,17751,5.2,90.8,75.0,39.5,51.7,0,8,9,1,0
1,2,3,0,0,0,0,1,2,2,0,21,11509,14.5,62.9,96.2,37.1,40.0,0,4,7,1,0
1,1,4,1,0,2,0,2,1,3,0,18,4306,0.5,88.9,84.5,70.0,58.4,9,6,7,1,1
0,1,3,1,1,0,2,0,1,2,1,17,19544,5.9,81.8,64.0,58.2,63.7,0,9,7,3,0
1,1,1,0,0,2,2,0,0,1,0,24,5388,14.5,62.0,78.3,67.3,62.0,0,10,9,4,0
0,1,5,0,0,1,2,1,2,3,0,23,4678,0.5,72.1,65.1,48.1,40.4,1,3,4,2,1
1,1,6,1,1,1,1,2,1,0,0,19,42313,1.4,80.5,52.2,68.0,74.1,1,8,4,1,0
1,0,3,2,0,2,2,0,2,1,0,20,3715,11.9,83.6,47.7,90.1,100.0,1,9,7,6,0
0,2,5,0,1,2,0,1,1,3,0,21,16970,1.3,89.6,15.4,59.4,63.0,1,5,9,2,0
1,0,6,2,0,2,2,2,1,0,0,24,4495,33.81,89.7,56.7,36.7,40.0,3,4,7,1,1
0,0,1,2,0,2,2,0,2,1,1,18,5269,10.78,97.5,74.1,79.2,95.4,2,8,7,1,1
0,2,4,2,1,1,2,1,1,2,0,21,11345,12.5,68.0,50.8,81.5,100.0,3,7,6,3,0
1,2,0,1,0,2,2,2,2,3,0,19,23330,12.2,74.7,71.6,86.0,92.8,8,8,4,1,1
0,2,4,0,1,2,2,2,2,2,0,23,9482,4.5,82.7,65.7,44.6,52.0,0,7,7,1,0
1,2,1,1,0,2,2,2,1,2,0,25,34248,2.5,70.9,58.5,55.2,62.9,3,7,8,4,0
1,0,2,2,0,1,1,0,1,3,0,18,14504,2.4,84.2,75.0,83.3,94.6,1,5,3,3,0
1,0,0,2,1,1,2,1,0,2,0,26,11723,18.76,83.0,55.8,52.2,76.3,0,7,4,3,0
1,0,6,1,1,0,2,0,1,0,1,23,13030,21.91,72.6,58.6,89.8,90.6,0,3,6,1,1
1,0,1,2,0,0,2,2,2,0,0,19,34990,20.6,77.9,35.4,56.9,63.3,6,10,9,1,1
1,0,6,0,0,2,1,0,0,3,0,18,2230,10.44,75.2,66.1,57.8,59.7,2,6,5,3,1
0,2,2,1,1,0,2,1,0,2,0,20,5642,1.5,79.8,63.8,60.1,69.4,0,2,10,1,0
1,2,3,2,1,0,0,1,2,1,0,18,17126,0.5,92.8,50.0,54.4,62.8,2,4,8,2,0
1,2,4,1,1,1,1,0,1,0,0,17,13173,15.7,90.1,74.2,85.6,78.1,0,7,4,2,0
1,0,6,2,0,2,1,1,0,2,0,22,2436,1.69,93.3,31.7,67.4,91.5,2,7,4,5,1
1,2,4,2,0,1,0,2,1,0,0,19,36275,8.4,91.5,70.4,39.7,45.6,1,9,5,4,0
1,1,0,2,1,0,2,2,2,3,0,20,2344,27.4,94.6,17.9,52.1,67.1,5,6,6,3,1
1,0,3,2,1,2,2,2,0,2,0,21,17098,2.43,88.8,56.4,35.0,40.0,1,6,5,2,1
1,2,4,0,1,1,0,2,0,1,0,20,35977,15.5,96.0,62.2,58.8,86.6,4,7,6,2,1
0,2,3,2,0,0,2,2,2,3,0,19,17096,30.0,71.2,28.3,35.0,54.2,1,3,10,2,0
1,1,5,1,1,2,0,1,2,1,0,22,9218,22.9,92.7,68.5,53.3,47.2,0,4,8,1,0
1,1,5,0,0,2,1,0,2,1,1,18,9278,5.5,89.2,38.3,54.5,74.4,1,6,3,4,1
0,0,3,1,0,1,2,2,1,2,0,18,21401,10.43,91.9,39.6,76.8,93.9,4,6,3,4,1
1,0,6,2,0,0,2,0,1,0,1,24,7825,15.15,82.6,39.4,68.0,78.0,1,4,5,2,1
0,1,0,2,1,0,2,1,2,1,0,24,3399,33.1,78.0,36.7,70.0,87.5,1,7,5,2,0
1,1,0,1,0,2,2,0,0,0,0,21,2952,0.8,84.3,61.8,56.7,57.9,2,6,9,2,0
1,0,4,1,1,2,2,1,0,3,0,18,2000,10.68,96.2,58.1,48.0,59.4,0,8,8,1,0
0,1,5,2,1,2,0,2,2,1,0,21,10359,5.2,86.2,20.4,47.6,57.1,3,4,4,1,1
0,0,1,2,0,2,2,1,1,0,0,17,8356,20.26,81.2,87.5,57.0,59.9,0,7,8,2,0
0,2,3,2,1,1,1,2,0,0,0,25,9062,25.5,87.1,55.8,43.4,88.0,1,8,3,1,1
0,2,1,2,1,0,1,2,0,2,0,24,8734,1.0,82.8,27.4,63.9,94.5,3,6,3,1,1
1,1,6,0,0,0,2,0,1,3,0,20,2781,4.2,89.0,83.8,67.8,62.2,0,7,7,3,0
1,0,3,0,0,2,2,1,1,3,0,21,6571,6.85,75.8,31.4,45.5,55.8,1,7,7,1,0
1,2,4,0,1,2,2,1,0,2,0,26,6393,5.2,89.4,47.0,63.2,100.0,2,9,8,3,0
1,1,0,1,0,1,1,0,2,2,1,25,25743,4.2,86.0,23.5,58.3,89.8,0,5,1,5,1
0,0,1,1,1,1,0,2,0,0,0,19,11112,0.72,82.1,77.6,75.3,63.1,0,7,4,2,0
1,0,3,2,0,0,1,0,1,2,0,21,7865,22.15,71.3,51.5,67.9,74.6,0,10,7,1,0
1,2,3,2,1,0,0,1,1,1,0,16,34897,9.0,97.7,86.5,88.0,85.0,0,7,10,1,0
1,2,2,0,1,2,0,0,0,1,1,18,9300,20.0,67.2,10.0,37.3,43.1,1,6,4,1,1
1,1,1,1,1,1,2,2,1,0,0,20,12752,0.5,85.4,48.3,77.3,90.8,3,10,7,1,1
1,0,5,2,0,2,2,1,2,1,0,16,6048,7.46,62.7,69.5,35.0,40.0,4,6,6,2,1
1,2,2,1,1,0,0,0,0,2,0,16,12745,11.3,76.8,61.7,68.0,65.3,0,6,8,1,0
1,2,0,1,1,1,0,0,1,2,1,21,4551,6.4,78.8,50.4,57.8,69.7,2,5,3,1,1
1,1,6,0,0,2,0,0,1,2,1,18,6124,4.0,82.8,27.5,48.8,62.0,1,5,3,1,1
1,0,2,1,1,0,2,2,0,1,0,20,2000,12.95,79.1,73.5,67.5,86.6,0,6,10,3,0
1,0,3,0,0,2,2,0,2,1,0,19,3693,0.88,75.5,80.8,46.8,48.1,0,7,7,2,0
1,2,0,1,1,2,1,0,2,0,0,22,7499,5.4,85.3,38.1,85.6,100.0,3,8,3,1,1
0,2,3,2,1,2,0,0,1,3,1,21,6597,3.2,79.4,36.3,48.3,62.6,1,4,5,5,1
1,2,3,1,0,0,2,0,1,2,1,18,23886,18.7,85.7,38.2,48.6,52.7,2,7,7,1,0
1,1,1,1,1,2,0,2,2,2,0,19,12861,30.4,70.4,53.0,45.1,53.8,1,6,7,3,0
1,1,1,2,0,0,0,2,2,1,0,20,5100,0.5,81.1,90.2,80.9,68.2,0,8,10,4,0
1,2,6,2,0,2,0,2,2,3,0,20,6483,2.0,85.8,90.8,61.8,52.8,2,6,9,2,0
1,0,0,0,0,0,1,0,2,3,0,22,2000,23.59,68.9,65.8,44.9,45.6,0,8,10,2,0
1,0,1,1,0,0,1,0,0,1,0,20,2000,4.82,79.6,83.3,64.4,66.4,3,7,3,1,1
0,1,6,1,1,2,2,2,2,2,0,20,15451,8.2,87.2,21.2,58.5,68.6,8,6,7,1,1
0,0,2,2,0,2,0,1,1,0,0,21,10105,8.9,92.0,93.1,87.7,81.9,0,8,10,1,0
1,1,4,0,0,2,2,0,2,2,0,22,12302,0.5,86.0,87.0,69.1,75.8,6,7,5,3,1
1,2,3,1,1,1,1,0,0,0,0,23,50000,12.7,61.2,76.2,51.5,85.0,5,6,2,2,1
1,0,3,2,0,2,2,2,1,0,0,20,15644,16.11,80.3,73.3,60.5,73.5,0,7,6,1,0
1,1,1,0,0,0,2,1,1,3,0,18,4029,10.5,66.4,75.9,66.9,72.8,9,6,10,1,1
0,0,6,2,0,2,0,2,2,3,1,21,2905,1.36,83.1,74.6,49.1,76.2,0,6,5,2,1
1,1,6,1,1,0,1,0,1,0,0,23,13700,8.6,91.1,46.8,53.4,58.7,5,6,6,1,1
1,0,3,2,0,0,0,1,0,2,0,17,7382,5.76,73.9,79.0,85.3,100.0,0,10,10,2,0
1,0,5,0,1,2,1,0,0,3,0,18,23590,8.17,84.0,22.6,45.5,48.0,6,5,6,2,1
1,2,2,1,1,2,0,2,2,2,0,22,10839,0.5,84.5,65.5,71.8,77.8,7,6,6,1,1
0,1,0,1,0,0,1,2,1,2,0,20,22711,6.9,87.5,71.9,67.4,86.4,5,6,6,2,1
1,1,2,0,0,0,0,1,2,2,0,19,7229,30.0,75.0,83.4,37.2,57.5,2,8,9,2,0
1,1,0,1,1,1,0,0,0,2,1,21,6765,24.1,71.3,29.3,38.1,50.4,5,6,3,1,1
0,1,3,0,0,1,2,0,2,2,0,19,7161,0.5,74.9,20.0,59.3,75.6,9,6,3,4,1
1,0,4,0,0,2,1,0,2,1,0,15,7153,16.53,82.4,81.2,77.2,89.4,0,9,7,3,0
1,1,2,2,0,2,0,2,1,1,0,19,26593,11.6,95.9,30.0,35.0,53.1,2,7,4,4,0
0,2,2,2,1,2,2,1,1,2,0,21,18798,7.0,79.3,31.9,48.6,63.3,6,6,6,1,1
0,2,6,2,0,2,0,2,1,0,0,20,17437,6.5,95.0,85.8,75.2,92.8,0,7,7,2,0
0,0,0,2,0,2,2,0,1,2,0,26,3726,1.06,94.8,61.9,87.1,78.9,0,8,8,1,0
1,1,6,2,0,2,0,1,1,1,0,21,36972,4.7,73.1,86.6,83.9,60.8,1,6,10,2,0
0,1,3,1,1,2,2,2,0,1,0,23,7111,5.8,84.8,30.2,53.0,61.6,0,7,7,4,1
0,1,3,2,1,1,1,1,1,1,0,21,24426,3.2,78.0,57.2,37.4,54.0,1,9,4,1,0
1,0,4,2,0,2,0,1,1,0,0,17,7521,50.0,83.5,85.2,51.8,53.5,5,7,5,1,1
1,1,1,1,1,0,0,1,2,1,0,23,9860,2.4,66.4,31.4,65.9,71.1,0,7,10,1,0
0,2,4,0,1,2,1,2,1,1,0,18,7429,8.6,82.2,63.5,62.2,62.2,0,10,4,1,0
1,1,3,1,1,0,0,0,2,1,0,16,8436,23.7,71.3,22.9,67.6,76.3,4,7,10,1,1
1,2,1,2,1,2,2,2,1,0,0,20,27318,4.2,75.4,82.3,78.2,91.9,1,5,9,4,0
1,1,4,2,0,0,0,2,1,3,0,19,2000,2.6,91.1,74.4,78.9,84.3,0,7,10,1,0
0,1,1,2,0,2,0,2,2,2,0,18,4501,0.5,77.9,56.1,46.2,53.6,6,10,7,3,1
1,2,0,2,0,2,1,0,2,2,0,18,6575,5.1,81.7,23.1,78.3,94.7,1,5,5,2,0
1,1,2,1,1,2,0,0,2,1,1,21,7686,2.3,83.9,32.0,39.7,69.4,0,7,5,3,1
0,1,1,2,0,0,0,2,1,2,0,19,7704,2.3,90.4,65.2,72.4,82.8,2,7,7,2,0
0,1,1,1,1,2,2,1,2,0,0,15,21403,6.3,90.8,53.9,62.6,72.7,0,7,5,1,0
1,1,4,1,1,1,1,2,2,1,0,18,7199,16.9,80.7,53.1,56.8,53.2,2,7,4,2,1
1,0,2,1,1,0,0,2,2,2,0,20,13827,8.78,59.6,84.4,78.6,100.0,0,7,9,1,0
0,2,6,1,1,2,0,2,2,0,0,18,12984,12.3,80.9,23.2,66.6,72.3,1,5,6,2,1
1,1,3,2,0,0,0,2,2,3,0,22,10567,5.9,89.9,91.4,81.9,86.5,0,10,9,1,0
1,0,4,2,0,1,1,0,0,1,0,23,7573,4.24,59.1,44.3,63.3,93.6,1,9,4,1,1
1,2,2,0,0,2,2,0,2,0,0,20,50000,17.3,79.9,57.0,74.9,97.5,1,6,6,3,0
1,1,6,0,1,2,2,2,1,1,0,22,5638,10.3,84.3,10.0,57.0,77.5,1,4,5,2,0
1,2,6,2,0,0,0,0,0,3,1,20,3959,0.5,58.8,34.6,35.0,40.0,4,6,6,7,1
1,1,0,2,0,1,2,1,2,0,0,18,36910,13.9,85.8,66.9,89.5,100.0,0,8,2,2,0
0,0,4,2,0,0,2,0,2,1,0,19,4463,5.26,70.9,61.4,93.2,100.0,2,9,10,2,0
0,2,2,2,0,2,0,0,1,1,1,20,9534,2.2,81.3,57.0,81.1,93.2,3,10,6,1,1
1,1,6,1,1,2,2,2,2,1,0,20,31221,1.8,70.6,38.8,62.0,61.5,2,3,4,4,1
1,1,3,2,1,2,0,1,2,2,0,22,7048,12.9,83.5,35.4,54.6,72.9,3,7,7,1,0
0,1,2,2,0,0,2,2,0,3,1,23,3620,1.1,61.9,73.3,58.0,59.5,0,4,7,2,0
1,2,6,1,1,2,0,1,2,1,0,16,12346,14.4,80.0,21.9,50.6,77.1,3,7,6,5,1
1,1,2,2,1,2,2,2,2,1,0,24,2000,0.5,97.7,65.1,46.4,73.2,0,8,4,2,0
1,0,1,2,1,2,0,0,1,3,1,18,3811,3.9,88.1,47.2,82.1,85.8,0,10,5,2,1
1,1,0,2,0,1,2,2,1,2,0,20,5236,4.9,82.7,80.1,87.4,89.0,5,6,6,1,1
0,2,6,0,1,2,1,0,2,1,0,25,6107,16.4,88.5,45.1,38.8,44.6,2,8,6,1,1
0,2,6,1,0,2,2,2,1,2,0,21,25816,23.4,84.6,14.1,35.0,40.0,1,7,9,1,1
1,0,3,1,1,2,2,1,0,1,0,19,31373,3.61,78.1,25.0,53.6,68.0,1,7,9,3,0
0,2,4,0,0,0,0,2,1,1,0,16,30239,0.6,81.8,87.1,42.8,40.0,0,6,8,1,0
1,2,5,0,0,0,0,2,1,3,0,22,8346,9.9,90.0,98.3,77.9,75.7,6,6,9,3,0
1,2,4,1,1,1,2,0,0,1,0,18,9918,7.4,76.6,61.0,83.3,87.5,0,8,2,3,1
1,0,5,1,1,2,0,1,2,3,0,23,11263,18.95,78.3,70.1,92.8,100.0,2,6,8,1,0
0,1,3,0,0,2,0,1,1,3,0,20,8362,0.5,80.5,14.6,72.6,73.5,0,9,7,4,0
0,2,1,1,1,1,0,2,0,1,0,21,9682,17.1,52.1,76.4,84.3,91.6,3,5,5,1,1
0,2,3,2,0,2,2,2,0,0,0,22,17109,5.7,67.1,85.9,97.7,100.0,1,9,6,3,0
1,0,0,1,1,1,0,1,2,3,0,19,8053,15.5,78.6,36.7,64.8,52.5,3,6,4,3,1
1,2,4,1,1,2,2,0,2,1,0,19,4849,4.0,70.5,57.0,65.4,45.9,5,9,6,5,1
1,0,0,1,0,2,2,2,0,0,0,20,15136,28.64,51.2,50.0,35.0,53.2,0,6,7,1,0
0,2,5,2,1,2,0,0,0,2,1,21,4129,11.3,79.6,53.0,45.0,63.9,6,6,6,1,1
1,0,0,1,1,2,0,1,2,2,0,19,8044,1.73,87.0,37.8,66.6,80.1,2,6,7,1,0
1,2,1,0,0,1,2,1,0,1,0,24,6570,1.7,92.1,71.0,61.2,63.0,3,6,5,4,0
1,0,3,1,0,2,1,2,1,1,1,21,30017,6.94,81.4,45.7,60.3,56.6,9,4,4,2,1
1,1,1,2,0,0,1,2,1,2,0,17,5704,12.1,83.2,98.5,86.0,66.4,0,10,7,2,0
1,2,1,1,1,1,2,2,0,1,0,18,13638,7.9,71.6,21.7,74.0,91.2,1,8,4,4,1
1,0,2,1,0,2,2,1,2,0,0,22,6250,7.57,82.1,87.1,42.3,53.4,0,3,6,2,0
1,2,1,2,1,0,2,2,1,3,0,19,15035,8.0,70.6,66.2,50.0,55.1,7,10,8,3,1
0,1,1,1,1,2,0,2,1,2,0,22,22948,0.5,95.3,61.1,88.9,81.3,0,8,6,5,0
0,1,4,2,0,0,1,0,1,1,0,23,8129,10.7,65.7,82.4,71.5,65.1,1,6,8,4,0
1,1,0,1,0,2,2,1,1,1,0,17,23045,22.8,68.9,88.4,87.4,80.0,0,5,5,1,0
0,1,1,2,1,2,1,2,0,0,0,17,32672,7.1,57.1,40.7,64.7,85.3,3,7,4,3,1
0,1,6,2,1,2,0,1,1,3,0,16,3272,0.9,84.4,26.5,50.0,64.6,1,4,8,2,0
0,1,6,2,0,0,2,0,0,2,1,25,5158,2.4,62.4,66.6,55.3,66.2,3,8,6,2,1
0,1,4,0,1,0,1,2,0,2,0,23,31600,7.4,89.4,63.4,49.6,83.1,7,5,3,1,1
1,1,6,2,1,2,2,2,2,1,0,17,7768,0.5,76.5,44.2,35.0,40.0,2,6,7,2,1
1,0,0,1,0,2,1,0,0,2,1,23,10166,0.82,53.8,62.0,63.1,48.5,0,5,4,1,1
1,0,5,2,0,2,2,0,1,3,0,19,9956,11.39,61.3,87.4,66.3,55.0,0,2,8,5,0
1,2,1,1,0,2,2,2,0,2,0,24,11787,3.1,90.0,82.6,66.8,57.5,6,8,7,1,1
1,0,3,0,1,1,0,2,2,3,1,20,9002,43.69,82.7,45.7,65.2,91.7,1,6,4,1,1
1,0,3,1,1,1,2,2,1,3,0,24,13875,22.78,78.1,60.1,53.1,58.9,1,7,4,3,1
1,2,3,2,0,2,1,2,0,1,0,20,22437,10.2,70.9,77.1,46.2,63.6,0,8,4,1,0
0,2,6,1,0,0,2,0,1,1,1,22,15331,9.9,76.4,70.9,100.0,100.0,0,6,6,2,0
0,1,3,1,1,0,2,0,1,2,0,17,6704,1.3,69.9,36.6,82.0,100.0,9,8,8,2,1
1,1,5,1,0,0,1,2,0,0,0,21,22966,2.1,66.0,78.1,65.2,77.6,1,4,3,1,0
0,2,3,0,0,1,1,2,0,1,0,19,5001,1.2,67.6,88.8,58.2,55.2,0,8,2,2,0
1,0,1,2,1,0,2,0,1,0,0,19,8427,7.28,93.7,74.3,100.0,100.0,7,10,8,1,1
1,2,1,0,1,2,0,2,1,1,0,19,5256,4.5,53.3,74.6,37.3,43.5,4,10,7,1,1
1,1,3,2,0,2,0,2,1,3,0,21,20663,13.5,85.2,82.3,58.7,59.3,5,10,5,4,1
0,0,4,1,1,1,0,2,2,1,0,23,5574,9.23,71.6,85.5,94.7,92.8,2,9,3,3,1
1,1,4,2,0,2,0,1,2,3,0,23,13401,2.4,87.7,83.0,63.9,64.2,6,7,6,2,1
1,0,4,2,0,2,0,0,1,1,1,20,15702,4.54,66.1,52.3,59.1,75.0,2,5,5,3,1
1,0,6,0,0,2,2,2,2,1,0,27,2785,14.97,80.3,87.9,36.8,49.1,0,6,5,2,0
0,2,1,2,0,2,1,2,2,1,0,26,7289,2.7,93.9,76.9,56.9,50.5,1,8,2,3,0
1,2,3,1,1,2,1,0,0,3,0,16,9867,14.5,88.9,90.0,50.0,47.6,1,8,4,2,1
1,2,3,1,1,2,1,0,2,2,0,21,28746,3.6,90.6,75.4,63.0,53.2,0,4,5,3,0
0,1,5,1,1,2,2,1,2,1,0,19,10904,9.3,93.5,30.3,71.2,85.1,1,7,4,4,1
1,1,5,1,1,0,1,0,2,0,0,22,8741,1.2,83.0,13.5,50.2,74.5,0,6,6,2,1
1,0,4,2,0,2,2,2,2,0,0,22,21102,18.29,65.0,91.1,62.2,59.1,2,6,6,2,0
0,2,3,1,1,1,2,1,2,3,0,18,19934,10.0,77.7,76.6,75.6,73.2,1,9,3,1,0
0,2,4,0,0,1,0,1,2,3,0,23,23036,10.3,94.3,74.6,69.7,78.4,1,7,2,2,0
1,1,3,2,0,2,2,2,1,2,0,24,9956,1.5,66.2,89.8,75.0,65.1,0,6,9,1,0
0,1,2,2,1,0,0,1,1,1,0,18,3255,27.8,73.5,27.5,60.9,55.9,1,8,7,1,0
0,1,4,0,1,2,2,2,0,2,0,18,11725,18.5,74.9,39.4,48.4,66.4,0,10,6,2,0
1,1,0,2,0,0,1,0,0,3,0,16,8816,2.0,70.1,66.7,38.1,42.9,4,9,4,1,1
0,1,4,2,0,2,2,2,1,1,0,20,4561,5.7,65.4,62.9,48.6,66.3,0,8,5,1,0
1,1,2,1,0,2,1,1,0,3,0,21,21572,0.6,62.2,84.2,59.7,79.6,2,6,5,1,0
1,0,4,2,1,1,2,2,2,0,0,20,14869,8.91,83.3,70.5,50.2,54.8,5,9,4,3,1
1,2,5,0,1,2,0,0,2,1,0,20,12473,9.6,78.2,30.8,47.2,44.0,4,6,6,1,1
1,0,4,2,1,2,1,0,2,0,0,16,21410,19.27,87.2,39.2,66.4,80.8,1,10,6,4,1
0,2,3,0,0,1,2,2,2,1,0,16,22431,2.8,84.3,53.1,48.7,59.6,1,6,2,3,1
0,0,3,2,0,0,1,2,2,3,0,19,3067,2.67,76.3,91.4,71.7,73.7,6,9,5,1,1
1,0,6,1,1,2,0,2,1,2,0,23,4673,7.98,71.6,77.0,64.2,46.2,1,6,7,1,0
1,0,4,1,0,1,2,0,2,2,1,21,3381,50.0,83.7,34.7,69.2,78.8,1,9,2,1,1
1,0,1,1,1,2,2,2,1,3,0,18,22411,6.43,86.3,58.0,52.9,43.8,3,8,8,2,1
1,1,2,2,0,2,2,2,0,2,0,22,45973,4.8,92.4,31.7,40.9,66.5,1,8,7,1,0
1,1,1,2,0,2,1,2,2,3,0,21,6246,3.3,90.8,80.4,67.0,76.1,1,10,4,2,0
1,1,4,0,1,0,0,0,1,1,1,19,4877,3.6,83.5,53.6,61.3,60.9,0,7,3,3,0
0,1,0,1,0,1,0,1,2,0,0,24,14384,4.8,87.4,65.1,35.0,42.4,0,7,7,7,0
1,0,6,0,0,1,0,0,2,3,1,20,6952,41.01,69.6,16.7,55.3,71.9,0,7,4,1,1
0,1,6,2,0,1,2,2,1,3,0,15,3133,23.9,89.6,81.3,46.6,40.2,2,6,4,1,1
1,1,5,0,0,1,2,2,1,2,0,24,5888,7.7,88.0,86.1,59.3,59.1,0,6,5,3,0
1,2,4,1,0,0,2,1,2,0,0,24,37717,13.1,80.8,92.3,42.0,49.0,3,7,6,1,0
1,0,4,1,0,1,2,2,0,0,0,16,36921,14.77,75.3,90.5,61.2,71.4,0,5,4,1,0
0,0,6,2,0,0,2,0,0,1,0,20,7606,0.83,76.5,67.1,47.6,51.0,0,8,9,4,0
0,2,0,1,0,0,0,1,1,2,0,18,44634,6.7,86.3,93.8,83.6,68.3,0,7,8,1,0
1,2,3,0,1,0,1,0,1,2,0,22,38969,2.4,91.6,53.5,36.2,40.0,1,3,3,2,1
1,2,3,1,1,1,2,2,2,3,0,18,7531,3.6,74.2,85.2,76.3,69.3,0,9,5,3,0
1,0,6,1,1,0,2,2,1,2,0,24,8230,10.05,82.3,52.3,62.3,72.2,1,5,6,1,0
1,1,1,2,0,1,1,0,2,3,1,21,6313,20.8,69.5,72.7,53.0,63.4,2,7,3,5,1
1,2,5,0,0,0,1,0,0,3,0,19,5213,0.6,84.8,78.8,87.9,100.0,1,6,5,1,0
0,1,5,0,0,0,0,2,2,3,0,19,11912,6.7,91.9,94.3,94.9,99.6,4,6,10,1,0
0,2,0,1,1,2,1,2,1,2,0,26,14083,10.0,81.3,27.6,50.7,49.9,1,3,4,1,1
1,1,4,2,0,1,0,1,2,2,0,16,34722,17.2,80.6,63.8,56.2,50.9,0,5,3,1,0
1,2,3,1,0,2,2,0,2,0,1,18,30523,0.5,57.4,60.6,83.3,97.4,1,10,3,4,1
1,0,5,1,1,2,0,0,1,3,0,17,14468,5.83,92.6,36.7,83.1,100.0,2,6,6,1,1
0,1,4,2,1,2,2,2,2,1,0,19,9715,0.5,85.0,41.9,48.7,53.3,0,6,6,1,0
0,2,4,0,0,2,2,2,1,3,0,20,8295,3.8,69.6,94.7,86.8,99.9,7,8,7,1,1
0,1,4,1,0,0,1,0,2,0,0,17,31103,6.7,87.5,49.9,35.0,40.0,1,5,7,1,1
1,2,3,2,0,0,1,2,1,1,0,18,19460,9.7,70.6,73.9,50.9,42.7,2,6,6,4,0
1,2,5,1,1,1,1,0,0,3,1,21,7575,7.5,90.5,13.7,35.0,50.9,1,5,4,3,1
0,0,5,1,1,2,1,0,1,0,0,19,6126,8.09,87.2,76.5,58.8,70.3,4,4,5,2,1
1,0,0,1,1,1,2,1,2,1,0,19,6395,18.87,85.1,80.5,57.4,66.2,2,6,5,2,1
1,1,1,2,0,2,2,0,1,3,0,22,2973,12.8,60.1,90.8,73.5,84.6,0,10,6,4,0
1,1,6,1,1,2,1,2,1,3,0,21,5104,16.5,63.4,10.0,42.5,40.5,3,5,6,2,1
0,0,0,2,0,0,1,0,0,0,1,18,11085,6.08,83.7,38.1,72.6,98.7,1,6,2,4,1
1,2,3,1,0,2,2,0,0,2,0,23,50000,1.1,74.1,47.8,78.2,94.0,2,7,7,2,0
1,0,4,2,0,2,2,0,2,2,0,22,5108,0.85,58.1,92.5,54.1,57.6,0,5,8,2,0
0,2,3,0,1,1,1,2,2,3,0,21,5482,0.6,87.0,74.8,86.5,85.9,0,10,3,1,0
1,2,3,1,1,2,2,2,2,0,1,20,8816,6.4,95.1,69.2,60.4,63.5,8,8,5,1,1
1,1,2,1,1,2,0,1,1,1,0,21,11152,8.4,78.5,83.5,70.9,79.0,2,6,5,5,0
1,2,6,0,0,0,1,0,1,1,0,17,6001,1.1,97.9,79.2,64.3,55.3,0,6,6,5,0
1,1,3,2,0,2,1,0,0,0,0,22,6527,12.7,74.4,19.6,68.7,91.1,1,10,5,3,1
0,0,2,0,0,2,1,0,0,1,1,26,6812,18.13,62.0,41.1,55.1,85.9,1,5,3,3,1
1,2,3,1,1,2,1,0,1,0,1,18,50000,15.4,96.5,43.6,56.6,62.1,3,7,3,3,1
1,0,4,2,0,2,2,0,1,1,1,19,17254,3.84,95.4,57.9,69.9,73.9,5,7,4,2,1
1,1,6,0,0,1,0,0,1,2,0,19,28054,4.8,79.8,30.3,61.4,75.5,3,6,4,1,1
1,0,3,2,1,2,0,0,1,1,1,18,4487,3.4,92.1,35.2,72.3,86.0,1,9,4,1,1
1,1,4,1,1,2,2,2,2,1,0,19,2688,3.0,65.9,20.6,56.6,67.2,2,7,8,1,1
1,1,4,1,0,1,1,0,1,1,0,21,30236,20.9,87.5,63.5,82.8,99.5,0,6,2,2,1
1,1,3,2,0,1,0,1,2,1,0,23,4417,13.0,82.0,14.3,75.5,82.1,1,7,5,2,0
1,1,3,2,1,2,0,0,1,0,0,21,9972,12.7,98.9,47.6,57.8,70.4,3,6,8,2,1
1,0,1,2,0,1,2,0,0,1,0,17,2000,1.48,76.5,72.7,60.1,50.1,1,6,4,1,0
1,2,5,0,1,2,0,1,1,1,0,24,13933,1.4,88.3,71.7,57.9,57.0,7,6,7,1,1
1,2,4,1,1,1,2,0,0,1,1,19,3557,19.2,75.8,23.2,76.1,95.3,1,10,1,4,1
1,2,4,0,1,2,0,2,1,2,0,20,4920,7.3,75.4,32.1,37.7,50.7,0,6,7,3,0
0,0,6,0,0,0,2,0,1,1,1,20,3466,22.17,87.9,16.6,82.8,90.1,1,5,4,3,1
0,2,2,2,1,1,0,1,0,1,0,22,14889,2.5,84.3,54.1,61.8,70.3,1,9,6,2,0
0,2,1,1,0,2,2,0,1,2,0,22,3600,3.1,92.6,76.1,50.6,64.0,0,6,6,1,0
0,2,1,1,1,1,1,0,1,1,0,24,4728,4.4,93.0,48.9,70.4,85.0,0,7,4,1,1
1,1,1,1,0,2,0,2,1,0,0,20,12100,18.7,84.6,65.4,70.7,73.7,0,8,7,3,0
1,1,6,2,1,1,2,1,0,3,0,18,17575,11.4,77.8,44.0,61.7,99.9,0,7,4,3,0
1,1,3,1,0,0,2,0,0,1,0,20,10853,12.6,83.8,82.4,53.3,49.2,3,9,8,4,1
1,2,4,1,0,2,1,2,2,1,0,20,32417,24.2,84.3,40.0,67.5,100.0,3,9,7,2,1
1,0,1,2,1,2,2,0,1,3,1,19,2724,25.56,76.9,41.8,89.6,100.0,4,7,5,4,1
0,1,2,2,0,2,1,2,1,1,0,16,13882,0.5,71.9,72.9,45.0,40.8,0,6,6,2,0
1,0,4,2,0,1,1,2,1,2,1,20,5535,0.86,88.0,20.4,66.1,80.9,1,5,2,4,1
0,0,6,0,0,0,0,2,2,0,0,23,3980,4.82,89.5,85.9,60.7,45.4,0,5,9,2,0
1,2,4,1,0,2,0,1,1,0,0,20,15483,40.3,92.4,57.6,57.3,68.6,6,8,10,3,1
0,1,4,2,0,2,0,1,2,0,0,16,40538,5.6,76.4,84.5,55.8,59.6,1,9,7,2,0
0,2,4,0,0,1,2,2,2,0,0,20,11699,2.7,68.3,74.6,68.8,94.8,0,10,5,4,0
0,2,2,2,0,1,1,2,1,3,0,27,13816,6.4,75.9,57.2,54.9,69.7,3,9,5,4,1
1,1,2,0,0,2,0,1,1,2,0,23,3982,9.9,87.5,74.3,92.9,97.1,0,7,9,1,0
0,2,2,1,1,2,2,2,1,0,0,26,27880,6.9,84.3,42.1,71.3,86.8,0,6,7,5,0
1,1,3,1,1,2,2,2,2,3,0,21,4227,3.8,87.7,70.1,42.5,61.5,9,9,6,1,1
1,1,4,1,1,2,0,0,2,0,0,18,8014,0.5,80.3,16.4,61.4,89.1,1,8,10,3,0
1,2,3,2,0,0,2,1,0,3,0,20,7094,1.9,88.6,54.5,38.1,60.5,0,8,7,1,0
0,1,2,0,0,2,2,2,2,0,0,21,11668,23.2,96.5,94.6,61.3,53.9,0,10,8,3,0
1,2,5,1,0,0,2,2,0,2,0,26,25639,7.2,64.2,63.9,47.3,49.5,5,3,8,2,1
1,1,3,0,0,0,2,0,1,1,1,21,9644,23.5,92.1,71.0,66.5,65.6,0,4,4,3,0
1,0,4,1,0,2,0,1,1,0,0,23,23147,11.56,88.4,88.9,100.0,92.6,3,8,6,2,0
1,0,5,2,0,0,2,0,2,0,0,26,24555,4.49,75.7,84.6,60.4,78.3,0,7,4,4,0
0,2,2,2,0,0,1,2,2,0,0,15,14950,14.8,91.7,85.1,58.9,63.4,0,7,6,5,0
0,1,6,2,0,1,1,2,0,3,0,22,5278,2.2,86.9,85.9,35.0,40.0,0,6,3,2,1
1,2,1,2,1,2,0,0,1,0,0,20,9671,24.0,90.3,65.1,80.3,93.8,0,7,8,1,0
1,1,1,2,0,2,2,1,2,2,0,25,17113,1.0,83.5,73.7,60.0,83.9,2,7,6,4,0
0,1,4,2,0,1,1,0,0,1,0,24,6209,0.5,81.5,81.6,76.0,100.0,0,10,4,4,0
1,0,4,1,1,1,2,0,2,2,1,18,3841,18.67,69.9,60.3,39.4,45.1,0,10,2,1,1
1,0,4,2,0,2,1,0,2,2,0,22,25201,6.35,69.0,79.8,37.8,54.7,0,6,5,2,0
1,2,0,2,0,1,2,2,1,1,0,19,50000,0.5,82.0,82.2,78.9,75.7,3,4,6,1,0
0,1,0,0,0,2,0,1,2,1,0,20,3966,0.6,83.5,60.3,76.9,82.4,0,6,9,4,0
1,1,3,1,0,2,0,1,2,1,0,20,4431,7.5,87.1,58.3,51.6,72.7,1,9,8,1,0
1,1,3,1,1,0,0,2,1,1,0,20,10859,18.3,90.9,90.4,66.8,57.3,0,4,8,2,0
0,1,6,1,1,0,2,0,1,3,0,19,5092,16.4,61.0,69.8,51.9,46.6,0,6,8,6,1
0,0,1,1,1,2,2,2,1,3,0,25,3005,6.04,90.0,35.1,55.5,80.5,1,7,8,2,1
1,0,4,1,1,2,2,2,1,1,0,20,7720,0.7,93.1,80.3,87.6,100.0,3,8,4,3,0
1,2,3,1,0,2,1,2,2,0,0,23,26090,0.5,75.9,24.7,58.8,74.8,2,9,4,4,0
1,1,4,1,0,1,2,0,0,0,1,22,12521,1.1,60.5,46.2,85.7,100.0,4,10,4,4,1
1,0,3,2,0,1,0,1,2,2,0,24,4544,19.53,78.1,41.1,35.0,51.7,1,2,4,2,1
1,2,2,2,1,1,0,2,1,3,0,22,8048,1.1,81.2,68.6,62.2,84.1,3,8,5,4,0
1,1,0,2,0,2,0,0,2,2,0,22,13418,3.4,82.1,57.4,52.4,63.7,1,5,10,1,0
1,0,0,2,0,1,0,1,1,3,0,22,3692,25.26,79.1,75.4,66.7,79.2,3,8,6,2,0
0,2,1,1,0,2,2,0,0,3,0,19,15981,0.5,87.2,53.5,69.1,92.2,1,7,6,1,0
0,1,1,1,0,0,0,2,2,1,0,20,21348,0.8,68.7,59.7,36.8,42.0,7,6,10,2,1
1,0,5,1,1,1,2,0,2,0,1,22,7214,11.41,56.7,56.0,85.8,82.9,0,6,3,2,1
1,1,3,2,0,2,1,0,1,2,1,21,2641,1.7,85.5,58.8,62.0,41.9,3,4,2,3,1
0,2,0,1,0,0,2,2,1,0,0,24,17841,1.1,88.8,86.8,53.8,40.0,0,7,9,2,0
0,0,1,1,0,2,0,1,1,1,0,21,13113,7.67,67.2,40.2,69.8,66.9,1,8,7,3,0
1,0,0,1,1,1,2,1,0,1,0,18,10497,3.26,76.9,37.6,66.6,95.3,3,9,6,2,1
1,0,2,0,1,2,0,2,1,0,0,19,10194,1.5,89.5,28.2,66.1,81.4,6,5,5,2,1
0,0,0,1,0,1,0,2,2,1,1,18,24791,8.38,76.9,58.4,66.1,73.2,0,5,2,6,1
0,0,2,0,1,2,1,1,2,1,0,20,7733,0.85,76.0,52.9,60.2,71.8,1,6,6,2,0
0,1,0,2,0,0,0,1,1,1,0,16,13399,17.7,71.9,71.6,58.6,67.6,1,4,10,3,0
1,0,4,1,1,1,0,1,2,2,0,19,11131,3.45,76.2,96.3,59.8,56.9,6,7,4,3,1
1,0,4,1,1,2,0,0,2,2,1,19,9452,14.61,90.8,29.2,65.0,77.3,8,10,5,1,1
0,1,3,0,1,2,0,2,1,0,0,16,9277,2.0,79.1,28.9,79.6,100.0,7,7,7,1,1
1,1,2,1,0,2,2,2,1,3,0,24,5760,20.5,84.4,75.5,44.9,76.9,0,7,6,3,0
1,2,4,2,1,2,2,1,2,1,0,23,10085,2.4,60.1,77.1,35.0,45.9,1,7,6,1,0
1,1,3,2,0,2,2,0,2,3,1,22,2000,6.7,69.8,26.3,58.9,80.9,0,10,3,1,1
1,1,0,2,0,0,2,0,2,1,0,17,28669,9.9,70.7,86.2,53.8,67.8,0,9,7,2,0
1,2,4,1,0,2,1,0,2,0,0,18,50000,26.4,79.0,72.7,65.4,65.7,0,5,3,1,0
1,2,1,2,0,0,1,0,0,2,1,20,23932,4.3,71.5,80.7,68.0,71.8,2,6,6,4,0
1,0,0,1,1,2,0,0,1,0,1,22,5055,23.69,81.5,47.7,43.2,51.9,5,4,4,4,1
0,0,2,2,1,1,0,1,2,1,0,22,18346,36.65,72.1,55.8,60.6,89.7,4,9,5,2,1
0,1,6,1,1,2,1,0,2,0,0,21,29523,5.7,84.4,52.8,53.0,76.1,9,7,3,2,1
0,0,5,2,1,2,0,1,2,1,0,22,5363,20.21,91.8,70.5,87.8,100.0,1,5,7,2,0
0,2,6,1,0,0,2,1,1,0,0,18,13536,1.3,68.9,73.4,68.1,77.7,4,8,6,3,0
0,0,1,0,0,2,2,1,2,1,0,17,5817,5.87,87.2,62.9,50.7,50.3,3,8,8,2,0
1,1,6,2,0,1,1,0,0,0,0,22,50000,7.0,75.2,10.0,54.3,77.0,0,5,3,1,1
1,2,5,1,1,2,2,2,1,1,0,19,8863,8.6,82.9,38.2,67.9,71.1,3,5,5,2,1
1,0,4,0,0,0,1,0,0,1,0,26,5659,13.82,75.1,61.2,76.7,94.8,2,6,4,3,1
0,0,6,2,0,1,2,0,2,3,0,19,4390,50.0,74.7,68.0,60.3,80.7,0,6,5,4,1
1,0,3,0,1,2,2,0,1,2,1,15,5352,22.48,64.3,18.4,65.0,68.9,7,7,3,2,1
1,2,1,2,0,2,0,0,2,3,1,20,3086,6.8,86.7,76.7,93.4,85.7,2,8,4,7,0
0,0,0,2,1,2,2,0,2,2,0,18,2884,14.81,60.0,19.1,61.9,63.4,7,9,6,5,1
1,0,3,1,0,0,2,2,0,0,0,25,7466,9.5,88.8,59.3,81.1,85.8,2,6,9,3,0
1,1,4,1,1,0,2,2,0,2,0,21,13135,21.3,55.7,38.6,66.7,74.7,1,6,8,3,0
1,0,2,2,1,2,1,2,1,0,0,20,9241,13.97,70.2,62.1,81.8,80.9,1,8,5,2,0
1,2,4,2,1,1,2,2,1,2,0,18,10238,1.3,91.4,63.9,64.2,72.3,1,5,3,5,0
0,1,2,1,1,1,0,0,2,0,1,17,6119,13.7,82.2,17.6,83.9,94.5,0,8,4,1,1
0,2,6,1,1,1,1,0,0,2,0,23,11790,2.1,87.9,61.9,58.8,89.8,6,7,3,1,1
1,2,4,0,0,2,1,2,2,2,0,24,5972,5.2,78.2,23.7,42.1,55.4,4,10,5,1,1
0,0,5,2,0,2,0,1,1,3,0,17,6331,9.13,85.2,95.7,65.4,73.8,1,6,10,1,0
1,0,5,2,0,2,1,0,2,0,0,20,9356,14.75,72.3,60.8,71.8,82.1,1,6,3,1,1
1,2,3,2,1,2,2,0,1,2,0,21,4912,9.9,78.9,70.8,95.7,100.0,5,9,6,2,1
0,1,6,1,1,2,0,2,1,0,0,16,16246,9.9,65.8,17.6,75.9,82.2,0,5,6,1,0
1,1,1,2,0,2,1,0,0,3,0,20,24628,4.7,61.2,64.0,69.6,86.4,6,5,6,3,1
0,2,4,2,0,1,2,0,1,1,1,18,5013,4.0,60.2,66.2,55.4,54.1,2,6,2,1,1
1,1,5,1,0,2,1,2,2,1,0,18,9254,28.5,72.2,10.0,44.4,67.1,1,4,4,2,1
1,0,5,2,0,2,2,0,1,1,0,24,8222,4.16,89.9,82.4,60.3,73.9,0,6,7,1,0
1,0,6,0,0,2,2,2,1,1,0,21,8613,0.66,74.2,70.4,39.1,43.4,0,5,6,2,0
1,1,4,2,0,2,2,0,1,0,1,25,15782,4.7,85.8,58.3,94.3,90.6,5,10,3,1,1
0,0,3,2,0,2,0,1,2,0,0,20,5157,6.28,78.9,42.6,48.2,60.8,0,8,8,3,0
1,1,0,0,0,2,2,1,2,2,0,22,8201,5.3,89.6,87.6,93.7,100.0,4,10,6,2,0
1,1,0,0,0,1,0,0,1,0,1,22,6794,0.5,91.0,53.4,41.6,48.9,9,8,2,1,1
0,0,3,1,1,0,2,2,0,2,0,20,7597,15.28,84.1,35.6,49.6,72.3,0,7,9,2,1
0,1,3,1,0,2,0,0,1,0,1,15,19574,6.6,79.4,58.0,67.7,96.0,9,6,3,5,1
1,2,2,1,1,2,2,2,2,0,0,21,5528,8.1,77.0,92.8,44.4,43.6,1,5,6,2,0
0,1,4,0,0,2,0,1,0,0,0,21,15832,4.1,65.2,43.3,46.0,72.9,0,8,10,3,0
1,2,1,2,0,2,0,2,2,1,0,19,7394,0.5,89.4,70.3,75.4,79.5,0,10,10,5,0
1,0,6,0,0,1,0,1,1,0,0,24,5442,0.74,82.8,97.5,47.0,40.0,1,3,5,1,0
0,0,4,1,1,1,2,2,0,1,0,17,50000,21.63,87.5,59.8,35.1,63.7,0,7,3,3,1
1,2,6,0,1,0,2,2,2,3,0,25,10275,0.5,91.0,76.2,42.6,59.7,0,8,7,2,0
1,2,0,2,0,2,0,0,2,0,1,19,47138,1.0,77.9,55.6,58.5,85.3,0,6,5,2,0
0,2,1,1,0,2,2,2,1,2,0,16,11684,2.2,59.5,25.6,72.8,85.0,0,8,9,3,0
1,2,6,2,0,1,0,1,2,1,0,21,13758,6.8,71.6,95.6,72.1,67.1,0,6,4,1,0
1,2,2,1,0,0,0,2,2,0,0,23,38004,1.8,95.1,15.4,71.8,95.8,1,7,6,4,0
1,1,3,1,1,1,2,2,1,1,0,18,21377,9.7,82.2,64.7,43.7,44.5,0,7,5,2,0
1,2,3,1,1,2,2,1,1,1,0,21,8467,4.3,91.8,44.9,61.5,63.9,9,9,5,1,1
1,0,0,1,1,0,2,2,2,1,0,21,5556,13.66,91.1,14.0,58.7,80.0,1,7,10,3,0
1,0,0,2,0,2,2,2,1,2,0,25,8146,0.89,54.9,95.9,92.4,100.0,0,6,8,1,0
0,1,3,2,0,1,0,2,2,1,0,21,4517,4.7,84.6,75.9,74.3,68.8,2,8,5,2,0
0,0,1,1,1,0,0,2,1,2,0,20,5927,30.32,66.1,62.9,86.0,79.9,2,7,8,5,1
0,1,1,2,0,2,2,1,2,0,0,22,2914,21.0,74.2,71.8,54.7,67.2,0,10,6,3,0
1,2,0,0,0,1,2,2,2,1,1,19,13045,4.8,80.1,61.8,61.6,59.5,1,6,3,1,0
1,2,3,1,0,0,1,0,0,2,0,22,6844,22.6,74.4,53.9,69.4,100.0,1,8,5,1,0
0,1,0,1,0,0,2,2,0,3,0,20,25815,40.8,66.7,34.9,50.2,71.2,1,5,7,3,1
1,1,1,1,0,2,2,2,2,1,1,16,9369,24.8,84.9,51.7,72.7,85.7,0,10,3,2,1
1,1,3,0,0,2,1,0,1,2,0,22,10121,50.0,63.3,74.1,42.6,50.3,3,8,5,2,1
1,2,0,1,0,2,0,1,2,1,0,18,50000,0.8,87.4,29.0,35.0,43.1,2,6,8,1,0
0,1,4,1,0,2,2,0,2,0,0,18,34474,8.6,82.0,79.8,43.6,44.8,1,10,4,4,0
1,0,1,2,1,0,2,0,0,1,0,21,9490,34.17,71.1,61.8,67.4,78.8,0,7,8,1,0
1,0,1,2,0,2,0,2,2,2,0,19,7294,21.29,61.8,64.2,84.6,80.5,0,8,5,5,0
0,0,4,0,0,0,1,2,0,1,0,21,3159,30.66,67.6,29.8,57.7,70.3,0,7,5,2,1
0,2,2,2,0,0,1,0,1,3,0,21,9856,0.8,85.7,93.9,87.2,67.5,4,9,3,2,1
0,1,2,1,1,1,2,2,0,3,0,18,22586,6.7,82.0,68.7,35.0,40.0,0,3,4,2,1
1,1,3,1,1,2,2,2,0,3,0,19,7432,2.1,83.6,70.0,62.1,78.3,1,8,6,2,0
0,0,3,0,0,1,2,2,2,0,0,18,15761,6.33,89.2,75.9,63.0,77.9,0,7,6,3,0
1,1,2,0,1,1,0,2,2,3,0,17,5254,25.9,64.2,57.5,81.6,83.2,8,6,3,2,1
1,1,4,1,1,0,2,0,1,2,1,21,8986,2.7,74.9,47.1,36.5,49.9,5,7,6,1,1
1,2,6,2,0,1,2,0,2,3,0,21,9407,0.5,92.9,85.5,82.2,72.9,1,3,4,4,0
1,2,6,1,1,2,2,2,0,3,0,18,7850,7.1,79.9,63.9,73.3,100.0,0,5,4,1,0
1,2,1,0,0,1,0,2,1,0,0,21,15881,2.1,85.8,64.3,47.7,61.2,0,10,6,2,0
0,1,3,0,0,2,1,1,1,2,0,25,26588,1.1,68.3,99.5,67.5,76.3,0,8,5,3,0
1,0,4,2,0,1,2,0,2,0,0,24,11363,14.44,71.8,68.8,60.0,70.1,6,6,3,1,1
0,2,6,1,0,0,2,0,1,0,0,21,7094,9.9,90.6,61.2,83.1,72.1,0,5,8,1,0
1,1,4,0,0,1,0,1,2,2,0,19,10794,2.8,68.9,91.5,55.5,63.3,2,8,5,2,0
1,1,4,2,1,2,2,2,2,0,0,22,28431,0.5,89.3,69.7,44.8,57.2,0,7,6,2,0
1,0,4,0,1,2,0,1,0,1,0,23,4183,12.6,50.7,36.8,35.0,49.8,4,6,7,4,1
0,0,3,2,0,2,1,2,2,0,1,20,5164,50.0,70.0,63.6,39.1,50.1,1,9,3,5,1
1,2,4,2,0,0,0,1,2,2,0,16,6305,8.0,72.6,69.5,86.6,100.0,0,7,10,5,0
1,0,4,1,1,2,2,2,2,3,0,24,2803,31.3,84.8,77.8,44.1,64.4,0,7,8,4,1
0,1,2,2,0,2,2,0,2,1,1,22,9473,2.6,65.1,69.0,73.3,85.4,0,6,5,3,0
1,2,3,2,1,0,0,2,1,3,0,23,12985,1.3,62.7,64.4,60.0,58.1,1,7,5,3,0
1,0,6,1,1,1,1,2,0,0,0,21,5675,18.42,90.6,61.5,70.7,94.6,0,4,2,2,1
1,2,4,0,1,2,2,2,1,0,0,16,14282,3.4,86.0,65.2,50.0,75.4,0,6,7,1,0
0,1,5,1,1,0,1,2,2,3,0,19,6405,13.5,93.8,44.7,73.9,97.8,1,5,7,3,1
1,1,3,2,1,1,1,0,2,3,1,22,25674,3.1,91.1,24.8,58.0,83.0,0,6,1,4,1
1,2,2,2,0,1,1,0,2,0,0,20,12920,7.0,70.1,60.2,75.6,89.2,0,4,3,1,0
1,2,3,2,1,2,1,1,1,0,0,21,44529,4.8,84.7,61.6,42.4,49.5,0,6,6,2,0
0,0,0,0,0,2,2,1,1,0,0,21,33217,19.49,60.2,57.1,40.1,69.3,1,8,8,2,0
1,1,4,2,1,1,0,2,1,0,0,20,11190,7.4,79.5,68.1,53.6,67.2,0,7,3,2,0
0,2,3,1,1,1,0,1,1,3,0,22,11891,24.8,84.8,87.4,50.7,49.0,0,7,3,1,1
0,1,2,2,1,2,2,0,1,2,0,20,5395,9.7,62.7,70.4,73.3,67.2,4,6,8,3,1
1,0,2,1,1,2,1,0,1,1,0,18,5021,1.19,94.5,65.8,54.7,60.8,0,4,4,2,1
0,2,3,0,0,2,0,1,0,1,0,21,14309,9.4,84.3,36.7,43.0,48.0,0,4,7,2,0
1,1,0,2,0,0,0,0,1,1,0,17,10645,8.6,90.2,94.7,50.4,69.4,1,6,9,7,0
0,0,4,1,1,1,0,0,1,2,1,22,5528,0.84,67.1,32.2,41.4,54.0,1,9,3,2,1
0,2,6,2,0,1,2,2,0,1,0,25,28768,5.0,90.6,31.8,44.3,51.7,0,3,4,2,1
1,2,1,1,1,2,2,2,2,1,0,22,6477,0.9,70.3,76.4,35.0,40.0,0,5,9,2,0
1,1,3,1,0,2,0,2,1,2,0,18,50000,1.6,75.2,70.9,53.1,69.5,6,7,4,2,1
0,1,2,0,0,2,2,2,2,0,0,19,6974,18.6,83.6,88.0,52.8,61.6,3,6,9,3,0
0,0,1,1,1,2,2,2,1,3,0,19,2000,0.67,69.2,54.7,61.9,73.0,2,7,6,2,1
1,1,4,1,0,1,2,0,2,3,0,22,18981,16.0,57.3,90.1,88.0,83.8,1,6,6,4,0
1,0,1,1,1,2,0,2,0,3,0,17,2502,10.48,86.8,57.4,52.8,70.0,0,6,8,5,1
1,0,4,2,0,2,0,2,2,1,1,25,15456,7.7,57.5,74.7,71.8,66.8,0,8,6,1,0
0,2,5,1,1,0,2,2,0,1,0,17,4197,1.3,75.5,61.3,70.1,70.6,3,5,6,2,1
0,2,3,1,1,0,2,1,2,2,0,22,16577,4.2,74.0,45.1,61.8,70.8,3,10,9,3,0
1,2,1,1,1,2,2,0,1,2,0,25,10512,7.0,72.5,92.2,91.8,75.2,1,10,8,2,0
1,1,0,0,0,0,1,1,1,0,0,18,19904,0.5,75.3,82.2,65.1,70.5,0,7,5,2,0
1,2,0,1,0,0,2,0,2,0,0,18,15857,11.3,71.5,71.3,55.5,67.9,2,6,7,3,0
1,2,2,1,0,1,0,1,1,3,0,16,7804,7.2,70.3,45.2,64.8,92.2,3,5,2,1,1
1,2,2,0,0,2,0,1,2,1,0,16,24386,10.0,70.3,80.8,39.3,40.0,5,7,10,3,1
1,0,2,2,1,0,0,1,1,0,0,21,50000,44.43,81.1,44.0,35.0,46.8,0,7,10,2,0
0,2,2,1,1,2,0,1,0,0,0,18,16170,18.0,78.1,45.6,35.0,58.4,1,5,4,4,1
0,2,3,0,0,0,1,0,0,2,0,24,31624,0.5,75.2,42.6,70.6,78.1,3,9,5,5,1
0,0,0,1,1,0,2,2,2,2,0,17,3136,7.78,76.2,22.3,61.4,93.5,2,8,6,3,1
1,2,4,2,0,2,1,2,2,2,1,20,8769,0.9,85.3,10.0,72.3,94.9,5,7,1,1,1
0,2,1,1,1,1,1,2,2,0,1,18,29127,8.6,87.3,57.4,60.4,78.3,9,8,2,1,1
1,0,6,2,0,2,0,1,2,0,0,21,11193,26.72,77.3,68.6,35.0,40.0,1,5,6,1,0
1,0,5,0,1,2,1,0,1,2,0,22,5150,19.65,88.5,80.0,62.3,72.7,7,7,5,4,1
1,2,5,1,1,2,1,0,2,2,1,24,12559,9.6,79.4,73.6,71.8,83.8,1,6,2,1,1
0,0,3,2,0,2,2,1,2,0,0,22,26272,17.58,80.9,67.4,64.0,72.8,1,8,7,1,0
1,1,2,0,0,2,0,2,2,1,0,25,22077,2.4,68.5,52.3,51.4,77.2,3,3,7,4,0
1,1,3,2,0,2,2,0,1,2,1,21,6689,9.6,73.5,46.0,52.9,55.9,2,7,3,2,1
1,0,2,1,0,2,1,0,0,0,0,20,21620,1.21,79.9,63.2,47.2,62.8,2,6,6,1,1
1,2,0,1,0,2,1,0,1,0,0,18,35544,30.3,80.6,80.2,84.6,100.0,0,8,5,3,0
0,1,3,2,1,2,0,1,1,1,0,19,4067,16.9,93.8,53.8,83.7,96.9,0,10,9,4,0
1,1,6,2,0,2,0,2,2,1,0,20,11085,7.1,78.5,83.5,61.8,68.3,0,5,6,2,0
0,0,2,2,0,2,0,2,0,3,0,19,3753,16.87,79.5,67.7,68.4,75.0,0,8,9,4,0
1,1,3,1,0,2,1,0,2,1,0,18,13934,12.0,89.6,86.8,51.2,51.4,0,6,7,1,0
1,1,4,1,1,2,0,1,0,1,0,18,45617,8.4,47.5,40.4,38.9,70.5,2,10,8,2,1
1,2,4,2,0,0,2,0,2,3,1,17,25745,0.5,50.9,39.5,42.0,48.2,4,6,5,1,1
1,0,0,1,1,2,2,0,0,3,0,19,2909,4.57,96.4,21.5,57.0,82.5,1,5,9,3,1
0,2,5,2,1,2,2,1,1,0,0,22,6021,1.7,69.3,73.2,63.5,63.3,0,4,6,2,0
1,0,5,2,0,2,2,0,0,3,0,22,4038,14.15,84.8,79.3,40.7,49.0,0,8,8,4,1
1,1,6,0,1,1,2,2,0,2,0,21,30483,6.6,65.2,65.6,60.4,75.0,0,3,5,2,0
1,0,3,2,1,2,0,1,1,0,0,21,36369,17.72,82.8,69.2,67.2,79.4,0,7,8,1,0
0,0,1,1,1,2,1,2,1,0,0,22,8728,7.27,73.2,79.5,72.8,86.2,0,5,5,2,0
1,1,2,1,0,2,0,1,2,0,0,22,9959,31.3,74.8,75.5,45.1,52.9,0,4,7,3,0
1,0,1,2,1,2,1,0,1,3,0,22,7624,40.87,87.3,61.1,74.6,90.7,0,10,4,2,1
1,2,4,2,0,1,0,2,2,0,0,19,13662,12.0,84.3,42.8,52.8,70.2,1,9,3,2,0
0,0,5,2,1,2,2,0,0,2,0,16,35420,14.83,68.0,53.1,75.8,100.0,0,6,8,3,0
1,2,4,2,1,0,0,2,2,3,0,18,10346,9.2,80.3,56.9,71.8,94.7,0,3,7,1,0
1,2,4,1,1,2,1,0,1,1,0,20,14589,1.4,83.9,89.3,66.3,67.9,0,10,3,2,0
0,0,2,0,1,0,0,1,1,1,0,19,5689,19.5,87.7,77.6,64.0,61.7,2,9,8,4,0
0,2,4,1,1,0,2,2,1,2,0,17,8142,10.7,84.7,65.5,76.9,80.2,0,7,9,3,0
0,1,4,0,0,1,0,2,2,1,0,24,7808,28.0,87.8,48.6,56.2,70.9,4,7,5,1,1
1,1,4,2,1,1,1,0,1,1,1,18,4391,0.5,85.2,56.7,79.5,76.4,5,5,2,2,1
1,1,1,1,1,1,0,0,0,0,0,18,3179,20.4,69.0,61.3,48.1,40.0,7,7,6,5,1
1,0,0,0,1,0,0,1,2,3,0,17,13142,2.9,91.8,71.1,89.6,100.0,0,8,9,1,0
0,1,2,2,0,2,1,1,1,2,0,21,10989,5.1,83.8,58.5,65.3,77.6,0,10,5,1,0
0,0,2,1,0,1,1,0,1,2,0,21,7299,10.5,88.8,94.6,85.2,90.5,0,9,4,3,0
1,0,4,1,1,0,0,1,2,1,0,22,5509,11.66,59.2,99.4,88.8,77.8,0,10,9,1,0
0,1,1,0,0,2,2,1,2,1,0,20,3603,0.5,81.5,86.0,89.7,99.6,1,10,8,1,0
1,1,2,1,1,2,2,1,0,2,0,15,7151,2.4,77.7,64.6,86.2,90.0,0,8,6,4,0
0,0,4,1,1,1,2,2,2,1,0,18,4892,2.6,70.2,32.6,56.9,73.6,1,3,4,1,1
1,1,6,2,1,0,1,1,2,1,0,20,11250,12.6,72.0,10.0,55.5,66.2,2,5,7,2,0
1,2,2,2,0,2,2,0,2,2,1,16,4739,5.5,72.4,36.5,50.1,68.2,2,4,5,5,1
1,1,1,0,1,2,0,2,1,2,0,24,8405,22.6,88.5,57.8,46.5,41.7,1,6,6,2,0
0,1,6,2,1,2,2,2,2,2,0,18,5141,21.8,78.8,55.9,50.1,80.7,1,6,8,3,0
1,2,5,2,0,1,2,2,1,2,0,24,7581,9.1,64.0,61.3,86.7,91.9,0,6,2,2,0
0,0,3,2,0,2,2,0,1,2,1,19,2304,4.7,63.7,36.1,59.7,50.8,1,8,5,1,1
1,0,6,1,1,2,2,0,0,3,0,21,2000,2.1,77.2,57.4,55.0,63.9,2,7,5,3,1
1,0,4,1,0,0,2,2,2,0,0,21,9435,2.68,95.0,69.9,65.9,86.4,0,7,8,4,0
1,1,3,2,0,0,1,0,2,2,0,19,6181,2.4,51.0,27.1,37.6,44.6,5,7,6,4,1
1,1,4,1,1,0,0,2,2,3,0,17,3513,6.8,73.9,28.9,76.1,88.8,1,5,10,3,0
0,2,4,2,0,1,0,2,0,2,0,23,11122,6.7,48.0,27.3,39.8,64.4,2,9,4,2,1
1,1,2,1,1,2,0,2,1,3,0,18,4585,1.3,56.1,25.6,46.2,58.6,1,7,5,1,1
1,0,1,1,1,1,0,1,1,2,0,22,5352,3.33,74.7,74.9,61.6,53.3,0,7,6,5,0
1,1,0,1,0,2,2,2,1,2,1,22,7491,0.9,86.5,48.5,69.8,94.3,1,6,5,1,0
1,1,5,1,1,2,2,1,1,2,0,18,3743,0.5,71.6,89.3,61.2,40.0,9,4,5,2,1
1,1,4,2,0,2,1,0,0,1,0,21,49156,8.6,87.2,97.0,76.1,88.5,0,8,5,2,0
0,2,6,0,1,2,2,1,1,0,0,16,7660,11.5,67.4,15.6,45.3,51.3,2,4,5,3,1
1,2,6,1,1,1,2,2,2,1,0,19,11675,5.4,94.2,60.4,91.6,100.0,0,6,4,2,0
1,1,4,1,1,2,0,2,1,0,0,23,17254,4.0,79.6,53.5,56.7,49.4,1,7,7,1,0
0,1,6,1,0,2,0,2,2,2,0,19,33668,1.4,82.5,84.8,62.4,62.1,5,6,9,3,1
0,2,0,0,0,2,2,0,2,2,1,19,7296,1.5,75.7,75.4,100.0,100.0,0,8,4,6,0
1,1,6,1,1,2,1,2,0,0,1,21,3185,3.1,75.9,46.7,37.2,45.3,0,3,2,2,1
1,1,1,1,1,2,1,2,2,2,0,23,44706,28.5,77.2,32.3,46.3,59.7,2,7,5,3,1
0,0,3,2,1,2,2,1,1,2,0,24,4382,0.88,61.0,47.7,57.8,67.1,9,7,4,2,1
0,2,5,1,1,2,2,1,0,2,0,22,2922,1.7,73.3,88.8,93.2,85.7,0,6,9,1,0
0,1,0,2,0,2,0,2,0,0,0,16,8850,10.1,79.3,94.3,54.4,52.3,3,6,7,1,0
1,0,3,1,1,1,1,2,2,0,0,20,9227,13.6,76.0,22.8,54.9,59.1,0,9,3,1,1
0,0,4,2,0,1,2,0,2,0,1,18,9404,4.79,92.7,60.8,79.0,82.7,1,7,3,2,1
1,0,4,1,1,1,2,1,1,3,0,16,2455,34.51,89.4,76.2,96.0,100.0,0,7,5,1,0
1,0,6,0,1,0,1,1,1,1,0,20,11755,11.83,89.1,72.6,56.2,57.2,1,7,3,2,0
0,1,2,2,1,2,2,0,1,2,0,26,12180,3.9,77.4,24.5,52.7,62.0,0,6,7,3,0
1,1,1,0,1,2,0,2,2,3,0,16,12819,14.9,78.9,68.1,80.0,100.0,7,6,10,3,1
1,1,4,1,1,1,1,0,2,3,0,21,3586,0.5,88.5,25.1,52.6,64.5,1,5,3,1,1
1,0,5,2,1,1,0,1,1,1,0,18,9116,36.77,93.2,65.2,35.0,40.0,0,6,5,2,1
0,2,0,1,1,2,2,0,2,1,0,18,6792,7.1,77.0,44.6,55.8,74.4,2,6,8,3,1
1,1,3,2,1,0,0,2,0,1,1,21,10837,10.4,87.7,52.8,38.9,54.1,0,9,5,3,0
1,2,5,0,1,2,1,0,1,2,0,16,12797,9.8,69.3,71.5,73.6,75.2,1,5,5,3,0
1,2,6,2,0,0,2,0,0,1,0,23,7943,1.9,78.0,92.3,70.6,76.7,0,8,10,2,0
0,0,6,1,0,1,2,2,1,3,0,22,9166,5.11,63.0,35.0,54.8,65.9,2,4,4,1,1
1,1,3,2,0,2,1,0,2,1,0,19,13222,3.6,54.1,55.6,56.2,77.6,0,7,5,4,0
1,1,4,2,0,1,1,0,0,0,0,18,6656,11.0,59.4,95.3,47.6,51.6,0,9,3,1,1
1,1,4,2,0,1,2,2,0,3,1,21,10168,4.4,77.4,63.9,67.7,100.0,3,6,2,6,1
0,2,4,2,1,2,0,1,1,2,0,21,21150,7.8,69.3,67.5,62.5,72.4,0,2,10,2,0
1,1,4,1,1,2,1,1,0,1,0,21,7159,7.1,76.1,70.9,36.8,43.1,0,8,4,5,1
1,0,4,2,0,1,2,2,0,2,0,19,17827,6.4,92.4,88.7,71.5,85.9,1,9,5,4,0
0,0,1,1,1,0,2,0,2,1,1,21,2272,1.96,68.8,73.0,54.7,65.8,0,4,5,3,1
1,1,4,2,0,1,1,0,0,2,0,20,11012,2.0,68.8,30.4,47.4,46.0,1,8,3,4,1
0,1,4,1,1,2,0,2,2,1,0,20,4909,3.6,73.9,83.3,55.1,80.9,0,8,8,3,0
1,2,0,1,0,1,1,0,1,1,0,20,15938,2.3,77.8,82.0,55.8,54.5,4,7,2,2,1
0,0,0,1,1,0,2,1,2,2,0,19,6748,7.46,68.3,75.7,60.1,80.0,1,8,8,4,0
1,2,6,2,0,0,1,0,2,1,0,19,5693,1.4,81.1,70.1,82.1,100.0,0,8,2,2,0
1,1,6,2,1,2,2,0,0,1,0,22,11910,10.0,75.8,28.3,59.0,73.2,0,4,7,1,0
0,0,3,1,1,2,2,0,0,2,0,18,24105,2.62,54.5,19.2,52.9,73.1,1,8,4,1,1
1,1,2,1,1,2,1,2,1,1,0,20,10646,6.1,80.6,52.4,66.8,83.0,1,7,4,2,0
0,0,4,0,1,1,0,1,1,1,0,17,10819,26.45,80.8,65.9,58.9,67.1,0,7,6,5,0
1,2,3,0,1,1,2,2,0,1,0,16,8799,4.8,69.0,69.1,82.0,100.0,0,8,4,2,0
1,2,6,2,1,2,0,1,1,1,0,22,12303,4.9,67.8,70.4,93.3,94.3,0,8,9,4,0
1,0,6,0,0,2,0,1,2,0,0,17,15544,16.18,59.2,88.5,45.3,40.0,0,3,6,3,0
0,0,1,1,1,2,1,0,1,1,0,22,6768,1.6,80.7,45.8,48.9,76.0,5,10,5,4,1
0,2,4,2,1,2,2,1,0,2,0,21,7505,0.8,87.6,16.1,35.0,56.5,0,5,8,1,0
1,2,4,2,0,1,0,2,0,1,0,18,12520,10.0,96.8,34.5,48.4,67.2,0,3,2,2,0
0,1,0,2,1,1,0,1,2,3,0,20,4382,1.2,90.6,76.0,52.3,70.4,1,6,6,4,0
1,1,1,2,1,2,2,1,2,1,0,22,6884,0.5,84.8,76.9,73.4,74.7,1,10,4,2,0
1,1,6,2,0,1,0,2,2,2,0,20,9794,4.7,92.8,50.1,60.0,68.5,1,8,6,4,0
0,1,4,2,0,0,2,0,2,3,1,21,5496,5.5,60.6,41.9,57.4,85.9,9,6,6,1,1
1,2,3,2,0,0,0,2,2,1,0,18,6694,18.1,84.6,60.9,57.1,64.4,0,9,10,1,0
0,1,5,0,0,1,2,0,2,0,1,19,13746,8.4,88.9,27.7,79.2,96.1,1,8,3,4,1
1,1,0,2,1,2,0,1,0,3,0,20,24865,8.8,75.3,72.3,43.7,44.6,0,3,10,4,0
0,2,5,2,1,0,0,2,2,2,0,21,14034,5.0,72.4,58.2,37.6,49.0,1,4,10,1,0
1,1,1,0,0,2,2,2,0,1,0,20,6131,19.3,78.9,85.3,49.1,47.0,0,10,8,2,0
1,0,4,2,0,1,1,2,1,1,0,20,11768,6.3,64.4,84.9,65.6,79.6,0,9,3,2,0
1,0,1,2,1,2,2,2,1,0,0,17,29483,2.71,85.2,71.9,79.5,77.9,0,10,7,3,0
1,1,2,1,0,2,2,2,2,0,0,25,20493,2.3,81.0,31.9,45.4,73.1,1,7,6,1,0
1,1,2,1,1,2,0,0,0,2,1,19,7490,16.9,74.5,73.2,36.9,40.0,0,6,7,4,1
1,1,0,1,1,1,0,0,2,0,1,21,14936,13.7,72.6,62.4,93.4,100.0,4,9,1,5,1
1,1,2,2,1,2,2,1,1,2,0,24,7958,0.5,77.6,72.9,64.0,59.6,2,6,5,3,0
0,1,3,0,1,2,2,2,1,2,0,25,17842,6.1,75.0,26.3,48.3,58.7,1,7,5,5,0
0,0,4,0,1,2,0,1,2,3,0,16,2000,24.39,88.0,51.0,54.6,74.7,0,6,5,3,0
1,0,1,2,0,2,1,2,1,1,0,20,16296,1.65,71.6,21.8,65.9,96.8,6,7,5,3,1
0,0,6,2,0,0,2,0,2,2,0,21,7683,1.97,81.0,69.3,42.7,60.0,0,4,8,3,0
0,1,3,2,0,2,0,0,0,2,1,24,2012,2.8,71.8,43.2,55.0,71.1,0,8,5,1,1
1,2,0,1,0,0,0,0,1,2,1,20,22849,9.6,73.7,70.3,100.0,99.9,0,9,6,1,0
1,2,6,1,1,1,2,2,2,2,0,20,50000,2.1,57.6,24.1,55.5,83.7,2,4,3,1,1
1,0,2,2,0,0,1,2,1,1,0,22,4405,31.27,79.6,22.3,35.0,40.0,1,4,5,1,1
0,0,5,0,1,2,2,1,1,0,0,23,50000,32.06,64.2,31.6,69.9,76.7,1,6,5,3,0
0,2,1,1,1,1,1,1,1,0,0,20,33619,21.3,60.4,26.7,64.5,63.8,8,6,3,1,1
1,0,0,1,1,0,0,1,1,3,0,23,10959,26.48,84.8,58.2,42.3,59.9,1,4,9,2,1
1,0,1,2,1,0,2,2,0,2,1,22,20258,13.5,92.2,38.0,57.7,71.1,0,10,7,2,0
0,2,2,1,1,2,2,0,1,1,1,19,31087,15.1,57.2,40.1,43.2,51.3,3,9,3,3,1
0,2,3,0,0,2,2,2,2,0,0,21,10602,20.1,59.2,86.3,64.1,80.7,8,10,6,2,1
0,2,3,1,0,1,0,1,2,2,0,20,13809,5.2,69.7,98.4,78.3,48.7,1,7,5,1,0
1,2,0,2,0,0,0,2,0,1,0,21,25076,4.7,77.6,88.5,92.4,100.0,2,7,9,1,0
1,2,1,0,0,0,0,0,0,3,0,20,2701,4.7,69.0,89.9,64.1,51.8,0,6,5,3,0
0,2,3,0,1,0,0,0,2,0,0,22,34674,0.5,90.0,67.8,63.1,94.0,0,7,9,1,0
1,2,0,2,1,1,2,1,1,1,0,20,17634,11.3,95.3,66.1,47.6,48.8,0,6,4,3,0
1,1,3,1,1,1,1,2,0,0,0,21,3818,10.8,82.9,57.0,42.5,70.1,5,7,2,5,1
1,1,0,0,0,2,0,2,1,1,0,20,19227,7.7,91.7,59.1,45.0,42.5,3,6,7,1,0
0,1,1,2,1,2,1,0,2,1,0,20,5135,7.0,74.3,13.3,85.9,98.7,1,6,4,2,1
1,1,4,2,0,2,0,2,2,0,0,20,4512,4.4,86.7,79.2,47.3,65.6,3,10,5,2,0
0,1,0,0,1,0,1,1,0,2,0,15,23584,4.7,92.2,65.7,60.8,84.9,4,7,7,2,1
1,0,4,1,1,2,0,0,2,0,1,16,11385,19.29,95.8,41.6,65.8,63.8,2,5,7,1,1
0,1,4,1,1,2,2,0,2,2,1,22,10581,0.8,89.7,59.0,82.5,82.8,6,9,3,3,1
0,0,5,2,0,1,2,0,2,0,0,17,47708,13.42,72.7,63.6,43.0,43.1,1,5,4,2,1
1,0,3,2,0,2,0,0,2,0,1,20,8058,42.02,93.1,10.0,56.3,43.9,1,8,4,1,1
0,1,1,2,0,0,1,2,2,3,0,19,4097,0.7,74.8,68.0,53.3,58.3,0,5,7,4,0
1,1,0,2,1,2,2,0,0,1,0,20,12775,1.6,75.7,43.9,49.6,74.5,1,5,7,2,0
1,1,6,1,1,1,0,0,0,1,1,27,12101,8.7,64.3,49.5,81.2,100.0,5,7,3,4,1
0,0,5,1,1,2,0,2,2,2,0,16,18442,12.8,77.9,62.9,47.0,50.4,0,6,4,3,1
0,2,0,1,1,1,0,2,0,1,0,22,11317,3.5,66.0,61.0,54.4,51.6,1,7,3,2,1
0,2,1,2,1,1,0,1,1,2,0,22,18986,7.4,63.0,58.6,50.3,61.3,1,10,3,1,0
1,0,3,2,1,2,0,0,1,2,1,23,4142,18.97,69.7,29.6,70.7,81.6,3,8,4,3,1
1,0,1,1,0,0,2,0,0,0,1,22,50000,28.0,66.6,40.5,37.7,47.4,3,10,5,2,1
1,2,4,1,1,2,1,0,2,3,0,19,9125,1.4,74.0,77.0,75.1,72.8,1,7,6,4,0
1,1,2,1,0,2,1,0,0,0,0,23,29617,2.3,87.8,35.1,56.0,87.2,1,6,2,3,1
0,2,5,2,0,1,0,2,1,0,0,21,25263,1.3,80.1,68.2,46.4,61.5,0,5,3,1,0
1,2,3,2,0,1,2,0,2,0,0,26,24441,1.0,80.7,56.1,46.6,52.8,0,8,5,2,0
1,0,1,1,1,0,2,0,0,3,0,20,6356,29.46,83.2,77.4,35.0,40.0,0,4,8,1,1
0,2,3,0,0,1,1,0,2,2,0,23,16421,13.4,93.6,44.2,70.1,93.3,3,10,3,2,1
0,0,4,2,1,1,1,0,2,1,0,24,7136,9.06,93.5,38.1,62.4,76.3,1,9,4,5,1
1,2,5,2,0,2,0,2,2,0,0,25,46758,3.7,90.0,40.8,54.4,65.0,1,6,9,2,0
0,1,5,2,0,0,0,1,1,3,0,19,8650,3.0,69.9,17.6,88.0,83.9,8,6,10,2,1
1,2,3,1,1,1,0,2,1,3,0,20,11597,7.4,85.5,27.4,35.0,56.5,1,7,4,1,1
1,0,3,2,0,0,2,2,2,0,0,17,7764,15.53,66.9,71.7,78.9,76.5,0,7,5,2,0
0,0,0,1,1,2,2,2,2,1,0,19,5739,3.54,78.6,17.4,68.5,93.8,9,6,9,2,1
0,1,0,0,1,1,0,2,1,1,0,22,8779,16.2,74.3,71.6,76.9,79.8,6,8,3,1,1
1,0,1,1,1,2,1,0,1,3,1,19,4321,10.89,88.9,53.6,47.2,77.2,1,10,3,4,1
0,2,4,1,0,1,0,2,0,1,0,23,6480,8.7,80.5,86.6,88.9,88.6,0,8,4,5,0
1,1,4,2,0,2,0,1,1,1,0,21,9436,5.8,77.7,77.8,55.5,61.0,0,7,8,2,0
1,2,1,1,0,1,2,1,0,3,0,21,7035,19.9,93.1,84.9,62.6,77.7,0,10,4,7,0
1,2,6,0,0,1,1,0,0,1,0,21,37435,9.7,91.3,81.7,85.0,100.0,0,6,2,2,0
1,2,1,2,0,2,2,1,1,1,0,24,21561,16.0,84.6,96.3,93.3,78.6,0,5,6,2,0
1,0,2,1,1,2,0,2,0,1,0,18,2682,2.98,72.7,77.7,77.4,91.7,1,6,9,2,0
0,0,2,0,1,0,0,1,2,0,0,17,14949,2.37,85.3,61.6,56.3,75.6,0,4,7,2,0
1,0,4,1,1,0,2,2,1,2,0,16,3432,6.9,84.6,59.8,58.2,67.1,1,3,10,2,0
1,2,4,2,0,2,2,2,2,1,0,23,30093,4.6,87.3,65.6,50.6,59.0,2,7,7,1,0
1,0,3,1,0,2,0,1,2,2,0,24,28579,28.29,74.0,72.5,59.4,71.9,0,9,7,3,0
1,0,2,2,0,2,2,2,1,0,0,17,10106,19.67,78.8,53.9,44.2,61.8,0,9,7,4,0
0,1,4,2,1,1,2,2,2,1,0,17,17011,0.5,94.0,84.4,58.1,65.6,0,8,3,1,0
0,0,1,1,1,0,2,2,1,1,0,21,2384,15.06,58.6,89.2,90.5,79.8,0,7,9,3,0
1,1,4,1,1,1,0,1,2,3,0,19,21144,9.9,88.3,29.4,52.3,70.4,1,6,4,1,0
1,0,0,0,0,2,2,2,1,0,0,21,19443,3.83,81.5,66.7,67.8,67.3,0,4,7,4,0
0,2,4,2,1,1,2,1,2,0,0,22,29377,15.6,79.3,70.4,64.5,60.4,1,7,4,1,0
1,1,2,1,1,2,2,1,2,0,0,21,5996,3.7,81.5,92.1,98.1,100.0,0,8,7,3,0
1,2,6,1,1,0,1,2,1,3,0,21,26997,4.0,66.9,60.4,60.6,81.8,1,5,6,4,0
1,0,6,2,1,0,2,0,1,1,1,18,6022,0.76,69.6,59.5,35.0,42.2,6,5,5,3,1
1,1,3,1,1,1,0,1,2,1,0,17,3120,4.3,95.2,34.1,47.8,62.8,1,4,5,2,1
0,1,3,2,0,0,2,2,2,1,0,22,5560,5.8,65.4,73.1,63.7,82.1,1,9,7,3,0
0,1,4,2,1,1,1,1,1,1,0,19,28834,17.4,65.0,59.4,81.1,92.5,1,8,3,3,1
1,2,3,1,0,2,2,0,2,3,1,26,16956,3.9,65.3,62.3,85.3,100.0,0,8,3,4,1
1,1,0,2,0,2,1,0,2,3,1,19,6576,0.7,90.1,70.1,89.0,100.0,3,9,1,1,1
0,0,5,2,1,0,1,0,0,0,0,19,7009,4.49,75.7,55.8,57.9,86.9,3,5,7,2,1
1,2,1,1,0,2,0,1,2,1,0,20,41051,6.7,61.7,85.2,62.8,97.5,2,6,10,1,0
0,2,1,2,1,1,0,1,0,1,0,23,8285,8.3,70.6,40.7,71.0,98.2,7,6,5,2,1
1,2,2,1,0,1,2,2,1,0,0,19,34819,0.5,60.7,78.4,75.7,79.9,0,6,5,2,0
1,1,2,0,1,2,0,2,2,3,0,16,29656,2.6,72.7,38.4,44.8,60.0,2,6,7,2,0
0,0,3,1,1,1,0,2,0,2,0,17,10350,2.59,82.1,10.0,48.3,46.7,4,8,5,1,1
1,1,4,2,0,2,0,0,1,0,1,19,7096,2.5,88.0,65.6,69.0,83.0,0,8,3,2,0
1,2,6,1,0,0,1,0,1,0,0,17,50000,1.2,79.0,35.3,64.2,92.0,3,4,3,5,1
1,1,3,2,1,2,2,2,0,0,0,18,3680,10.2,83.2,80.6,64.0,79.3,0,8,7,3,0
1,2,4,2,0,2,2,2,2,1,0,22,20170,5.2,80.3,88.9,44.7,44.0,0,3,8,2,0
0,1,4,2,1,1,2,2,1,0,0,17,9098,6.0,77.4,58.8,37.4,44.7,6,9,5,3,1
0,2,2,2,0,2,2,2,0,3,0,19,22293,33.0,75.2,51.6,73.4,100.0,1,5,8,1,0
0,0,0,0,1,2,1,0,2,1,0,24,22535,7.84,83.8,38.3,53.3,80.0,1,6,5,5,1
1,2,4,2,0,2,2,0,2,2,0,23,23813,4.1,78.6,41.2,77.1,100.0,2,10,7,1,0
1,1,2,1,1,0,1,0,1,1,0,20,10566,11.1,73.6,90.1,74.4,74.2,0,9,6,2,0
0,1,3,1,1,2,2,1,1,0,0,25,2666,15.1,90.1,72.7,72.9,63.4,6,10,7,2,1
0,2,3,2,1,2,2,0,1,2,0,21,6589,17.6,66.4,51.7,55.7,64.9,1,10,7,3,0
1,1,6,0,0,2,1,0,2,2,0,27,13776,1.7,69.8,85.1,89.6,100.0,0,7,2,1,0
1,2,2,1,0,1,0,2,0,1,0,24,21381,9.4,80.9,90.3,78.7,83.0,0,7,3,1,0
0,2,4,2,1,1,2,1,2,0,0,21,9208,13.5,91.6,56.8,52.2,59.0,1,8,6,2,0
1,1,1,1,1,2,2,2,1,3,1,22,3674,8.1,75.4,66.3,77.7,97.2,0,8,4,2,0
1,1,6,1,1,1,2,1,0,0,0,19,8513,14.8,75.8,28.5,40.7,57.1,2,7,4,1,1
1,2,2,1,1,1,2,0,1,3,0,18,14330,8.0,82.2,81.9,67.0,84.7,0,5,4,1,0
1,2,3,2,1,2,0,2,2,3,0,21,11762,1.4,74.5,58.0,55.1,91.7,1,10,7,1,0
1,0,3,2,0,1,1,1,2,3,0,17,5592,1.76,70.5,66.3,63.9,58.7,0,9,3,4,0
0,2,2,0,1,2,2,0,1,1,0,18,15442,11.3,75.3,69.4,68.7,83.7,2,9,5,3,0
1,1,0,2,1,0,2,0,1,2,1,18,23283,6.7,71.6,44.6,57.4,52.0,1,7,2,1,1
1,1,3,2,1,2,2,2,0,3,0,20,3186,11.2,56.0,64.0,64.6,65.5,0,8,9,1,0
1,1,2,0,0,1,1,0,2,3,1,17,13096,14.3,78.0,14.4,60.9,89.0,2,6,1,4,1
1,1,4,1,0,1,0,2,2,3,0,21,20356,2.0,77.1,88.1,83.8,98.5,0,8,5,2,0
0,1,6,1,1,2,0,1,1,3,0,18,6346,0.9,82.9,70.4,38.4,50.2,1,4,7,2,0
1,1,3,0,1,0,0,0,2,3,1,18,10089,4.2,74.3,58.3,67.5,87.6,0,9,6,4,0
1,2,6,2,0,1,2,1,0,3,0,20,14307,11.0,67.5,18.1,51.6,57.8,0,8,4,6,0
0,0,0,2,0,1,2,1,2,3,0,20,2369,41.64,85.2,77.8,64.3,67.0,0,6,4,4,0
0,1,4,2,0,2,1,1,0,3,0,22,19812,5.8,87.0,73.4,91.0,100.0,0,6,4,5,0
1,2,4,2,0,1,0,1,0,2,0,19,9534,5.2,78.3,61.9,69.3,70.8,0,7,3,2,0
1,0,3,2,0,0,2,1,2,1,0,21,25907,1.37,82.6,42.2,83.5,100.0,0,8,6,1,0
1,0,5,2,0,2,0,1,0,2,0,25,23173,8.12,74.1,80.3,58.1,54.8,1,5,9,4,0
0,1,1,2,0,0,1,0,2,0,0,19,29553,0.5,71.9,94.8,70.7,77.3,0,8,6,1,0
1,2,0,1,1,1,0,2,1,1,0,17,41790,5.2,87.8,22.0,67.3,100.0,0,7,4,3,0
1,1,2,0,0,1,2,2,1,1,0,24,10771,10.7,91.2,59.4,42.4,51.8,1,7,3,2,0
1,0,3,1,0,2,2,1,1,0,0,20,6636,5.36,87.9,69.8,35.5,43.5,0,7,9,2,0
1,0,3,1,1,0,1,0,1,0,0,23,14866,0.67,83.8,54.1,51.0,55.6,6,4,4,1,1
0,1,6,1,1,2,2,2,1,2,0,19,7134,5.6,72.1,50.4,57.3,60.2,1,5,6,3,1
1,0,3,1,1,2,1,0,1,2,1,22,9060,31.32,82.8,50.4,100.0,100.0,1,8,3,1,1
1,0,0,1,1,2,1,0,1,1,0,18,2286,50.0,79.8,57.0,75.9,83.9,0,3,3,2,1
0,1,5,0,1,2,0,2,0,0,0,20,10303,33.7,63.2,52.6,35.0,40.0,0,6,7,3,1
1,2,0,2,0,0,2,2,2,0,0,18,4611,2.6,69.5,37.6,55.9,93.1,1,6,6,3,0
0,1,1,0,0,0,2,2,2,1,0,23,5704,15.1,82.7,94.2,89.2,76.6,0,6,7,1,0
1,2,2,1,0,2,0,0,2,0,0,22,18520,8.7,69.9,68.8,69.5,89.9,0,7,6,1,0
1,1,0,1,1,2,1,1,2,2,0,19,26613,17.0,95.8,63.3,66.6,86.6,0,6,5,2,0
1,1,6,2,1,2,0,0,0,2,1,16,3781,13.1,76.8,30.4,45.6,56.4,3,7,3,3,1
0,1,5,0,0,1,1,1,2,3,0,23,8414,4.4,83.6,66.5,56.0,44.1,0,4,3,1,1
1,2,3,1,1,2,2,1,2,1,0,23,4689,16.2,80.2,54.2,54.7,56.1,0,6,8,1,0
1,2,6,0,0,1,0,2,2,2,0,19,16388,11.0,83.2,60.2,68.6,71.5,7,4,4,1,1
1,2,6,1,0,1,2,1,0,0,0,19,18768,46.7,82.8,32.7,44.9,84.3,1,7,3,2,1
1,0,4,2,1,2,2,0,0,0,1,21,10065,6.84,84.6,41.0,67.6,71.8,2,10,5,1,1
1,0,2,1,1,0,1,0,2,1,0,21,4251,7.62,70.5,64.9,51.0,82.1,0,9,5,5,1
1,2,2,2,0,2,2,1,2,1,0,18,3354,7.7,61.9,64.7,41.2,40.0,0,6,8,2,0
1,1,4,0,1,2,2,1,1,2,0,16,2719,7.4,81.7,47.2,40.0,55.7,1,6,7,1,0
1,2,3,2,1,1,1,0,2,1,0,22,6004,4.3,92.3,60.5,44.0,55.0,4,10,4,1,1
1,1,6,1,1,0,2,1,1,1,0,19,11712,3.7,83.3,92.6,100.0,79.7,4,6,7,2,0
1,0,0,2,0,0,1,2,2,1,0,21,5963,28.2,79.0,47.5,38.1,57.0,1,6,8,1,1
0,1,4,0,0,0,2,2,0,1,0,22,25336,18.3,89.2,68.5,75.7,97.1,2,7,10,1,0
0,2,2,2,0,0,2,1,2,2,0,25,7957,1.1,74.2,10.0,35.6,43.8,4,7,6,1,1
1,2,3,0,0,1,2,1,2,3,0,20,3434,0.5,81.8,73.7,67.4,81.1,3,7,4,3,0
1,1,4,2,0,2,2,2,2,3,0,19,3799,29.4,73.8,33.8,79.8,100.0,1,9,3,3,1
1,2,4,2,0,1,2,1,1,0,0,23,24130,3.2,80.6,28.8,63.9,70.5,0,9,4,5,0
0,0,6,0,0,1,1,0,2,2,0,21,9909,20.22,76.7,41.6,58.1,86.3,0,2,4,2,1
0,0,4,1,1,2,2,0,1,2,0,21,4569,9.22,80.1,63.0,39.9,42.9,0,8,7,2,1
0,2,5,1,0,2,2,2,0,0,0,22,2701,4.8,74.0,84.7,70.2,89.6,6,6,7,3,1
0,0,4,2,0,2,0,1,0,1,0,18,30430,1.25,84.0,58.6,46.9,64.9,2,9,8,3,0
1,0,6,1,0,1,1,0,2,0,0,21,20619,0.82,67.3,77.7,86.1,89.8,0,5,4,1,0
0,1,2,0,0,2,2,1,0,2,0,20,10906,15.3,91.3,85.4,65.4,75.8,0,3,6,2,0
0,2,4,1,0,0,1,0,1,3,0,22,18218,1.5,95.5,47.6,65.7,80.4,2,8,7,1,0
1,1,4,1,0,2,2,2,1,0,0,22,15473,12.5,82.1,85.8,53.3,61.9,0,7,7,1,0
0,1,3,1,1,1,2,2,1,1,0,19,13749,3.3,68.0,48.4,59.8,69.8,1,10,3,2,1
1,1,5,2,0,2,1,1,2,1,0,16,7707,12.6,75.5,24.1,62.2,93.0,1,6,5,5,1
0,2,1,1,1,1,0,0,1,0,1,16,16087,1.9,66.0,49.0,72.8,93.8,0,7,2,6,1
1,1,5,1,1,2,1,0,2,0,0,20,22830,4.0,87.5,63.6,35.0,40.0,0,2,6,1,1
0,1,0,2,0,2,2,0,2,0,1,23,8178,7.9,68.0,64.1,46.4,42.7,4,4,3,1,1
0,2,2,1,0,1,2,2,1,2,0,22,31682,21.9,80.7,48.3,43.4,66.0,1,2,3,1,1
1,2,2,1,0,0,0,0,2,2,0,16,40759,16.6,95.8,73.1,52.0,44.1,1,7,10,1,0
1,1,4,1,1,2,2,0,2,1,1,19,4955,3.3,79.8,61.3,77.4,80.6,3,6,5,4,1
1,1,3,1,1,2,0,2,1,0,0,23,50000,1.9,75.1,69.9,60.9,45.0,0,7,8,1,0
0,0,1,2,1,0,1,0,2,2,0,18,12199,1.03,88.5,79.4,88.2,100.0,0,10,3,2,0
1,0,6,1,1,1,2,0,2,0,1,18,3329,2.54,92.7,60.0,56.6,75.8,0,3,2,1,1
1,1,2,1,0,2,2,1,2,3,0,20,6723,5.9,81.7,74.4,41.8,41.6,0,6,6,1,0
1,1,4,0,1,2,1,0,2,0,0,18,13469,5.5,95.9,43.3,62.0,57.4,3,9,5,4,1
0,0,3,1,1,2,1,0,0,0,0,22,9760,5.2,73.1,82.4,53.6,52.8,0,9,5,2,1
1,2,3,1,1,1,0,0,2,3,1,26,15515,2.7,85.5,10.0,61.3,93.1,7,9,1,3,1
0,2,3,1,1,2,2,2,1,1,0,19,5423,0.5,71.1,54.8,65.0,68.9,1,8,4,5,0
0,2,1,1,0,2,0,1,1,2,0,22,32336,0.5,65.8,92.8,71.7,77.3,0,7,7,2,0
1,0,3,1,0,1,1,2,1,2,0,22,21200,50.0,85.1,78.5,56.1,69.5,2,7,2,1,1
1,1,5,0,0,2,1,2,1,1,0,23,9805,16.0,63.8,72.4,40.8,42.5,0,3,4,1,0
1,2,0,0,0,2,2,2,0,0,0,19,50000,2.8,84.5,59.6,44.7,61.9,1,5,5,1,0
1,2,0,1,1,2,2,2,1,1,0,16,13944,1.4,67.9,75.4,66.0,74.5,1,9,7,1,0
0,1,6,1,1,0,1,0,0,0,0,21,11458,1.0,86.5,45.7,68.8,92.5,9,5,9,1,1
1,1,4,2,1,1,0,2,2,2,0,24,10590,4.0,82.3,26.4,64.6,82.7,1,8,6,1,0
1,0,3,0,0,1,2,2,1,2,0,19,7637,0.76,67.1,72.4,48.6,46.5,0,6,5,3,0
1,2,0,0,1,2,1,0,2,2,1,18,12110,8.0,81.7,53.6,64.5,79.0,4,5,2,1,1
1,2,2,1,1,2,0,1,0,1,0,17,13256,14.9,90.7,88.1,65.1,64.7,0,5,6,5,0
0,2,2,2,1,1,2,0,1,2,0,22,8353,2.8,83.7,25.2,57.0,58.6,4,5,5,1,1
1,0,3,2,0,2,2,2,1,3,0,20,4421,0.67,57.9,36.3,35.0,48.7,1,7,8,2,1
1,0,1,1,1,2,2,2,2,0,0,18,4950,0.66,66.3,86.4,83.9,81.8,1,8,8,1,0
1,2,6,1,1,2,1,2,1,0,0,22,21858,5.3,69.8,27.4,86.5,100.0,1,8,4,1,0
1,0,5,0,1,2,2,2,1,2,0,22,5603,6.39,87.5,78.1,41.6,40.0,0,6,7,2,0
1,0,3,1,1,2,1,0,1,0,0,17,10999,7.19,94.9,33.4,35.0,40.0,1,7,4,2,1
1,1,3,2,1,0,1,0,1,2,0,20,11940,16.8,93.8,14.7,95.7,100.0,0,8,8,1,0
1,0,6,1,1,2,1,2,0,2,0,23,5555,24.65,81.5,42.4,74.8,95.5,2,5,5,3,1
0,2,3,1,1,1,1,0,1,0,0,19,2000,2.2,86.6,63.3,67.4,64.7,0,6,2,1,1
0,1,4,1,0,1,2,2,2,3,0,21,29267,3.1,66.6,21.8,61.3,68.7,2,5,5,1,1
0,0,2,2,1,2,2,0,2,1,1,23,4276,6.85,84.4,43.9,39.4,42.5,3,5,3,3,1
0,2,3,1,1,1,1,0,2,2,0,21,11380,7.2,86.4,46.7,74.5,90.1,2,9,3,1,1
1,0,4,1,1,1,2,1,1,1,0,22,6317,2.83,70.5,69.7,100.0,100.0,7,10,3,2,1
1,1,3,1,1,0,0,1,2,0,0,24,6204,2.1,86.1,30.1,39.0,54.9,1,6,9,1,0
1,1,2,0,1,2,2,2,0,0,0,20,50000,2.6,75.8,12.1,47.9,66.0,6,5,6,2,1
0,0,5,0,0,2,1,2,0,0,0,23,21445,37.41,66.1,54.9,43.7,58.5,1,5,6,4,1
0,2,2,2,0,2,1,2,2,1,0,17,12046,7.6,74.9,65.7,52.3,71.1,0,3,6,1,0
1,0,2,1,1,2,2,0,1,2,0,19,8955,6.09,84.6,30.5,43.6,44.4,9,6,6,3,1
1,0,5,1,1,2,2,0,2,0,0,16,6906,9.26,72.8,85.8,71.7,70.7,0,6,5,2,0
0,1,1,2,1,2,1,0,1,2,0,17,12001,0.6,77.9,71.7,66.0,74.2,0,6,6,1,0
1,1,0,1,1,2,1,0,2,3,0,22,9835,3.7,83.8,35.0,88.8,100.0,0,8,6,5,1
0,0,6,2,0,2,2,1,1,3,0,21,2429,1.28,69.1,76.8,58.7,53.8,0,4,9,5,0
0,0,3,2,0,1,0,1,1,0,0,18,3897,2.23,65.1,18.3,69.2,72.8,3,8,3,4,1
1,1,2,0,0,2,2,0,2,1,0,21,4554,10.4,83.5,52.0,42.3,53.7,0,8,8,1,0
1,0,3,2,1,1,2,0,1,2,1,19,10675,7.86,86.1,51.0,76.8,67.3,7,8,2,2,1
1,1,3,1,1,0,2,1,2,3,0,18,13895,2.1,88.9,77.0,54.9,59.1,0,4,10,3,0
1,1,4,1,1,2,2,2,0,1,0,21,22811,25.0,66.4,30.2,66.4,99.9,5,7,8,1,1
0,2,4,1,1,0,1,1,1,0,0,24,12533,6.6,76.3,38.9,88.1,95.1,1,6,5,5,0
0,0,1,2,0,0,2,0,2,0,0,19,8916,2.83,86.9,22.3,49.4,69.1,0,10,7,5,0
0,1,1,0,0,0,1,2,2,1,1,16,9379,18.2,85.1,26.1,65.2,61.3,1,6,1,3,1
1,2,1,2,0,2,2,2,2,0,0,25,5424,4.1,74.0,73.1,62.9,72.9,2,8,6,2,0
1,2,4,2,1,0,2,2,2,1,0,21,6834,8.8,88.0,64.3,75.6,86.7,0,7,9,1,0
1,2,3,2,0,1,0,2,0,2,0,19,8993,9.6,86.4,90.0,46.4,61.6,0,8,4,1,0
0,1,1,1,0,0,2,0,1,0,0,23,35588,2.4,84.4,92.7,52.4,70.7,0,10,10,4,0
0,1,5,1,1,1,2,1,1,0,0,24,6674,0.7,73.4,24.0,55.4,63.0,3,6,3,1,1
1,0,3,1,0,2,1,0,0,2,0,19,6911,4.21,78.4,80.3,97.5,100.0,2,8,4,4,1
1,1,2,0,1,2,2,0,1,1,0,19,22287,12.6,75.1,10.7,53.6,87.1,0,3,5,2,0
1,2,4,2,1,0,2,0,1,3,0,23,4836,1.3,78.4,74.7,100.0,100.0,0,8,4,2,0
1,1,6,0,0,1,2,1,2,2,0,19,27245,23.8,90.7,54.4,51.3,78.1,1,6,5,5,0
0,1,1,1,0,1,2,0,1,0,1,23,38445,0.5,90.0,14.8,53.1,53.9,2,6,1,1,1
1,2,6,1,0,0,2,2,0,3,0,19,4113,0.5,75.7,69.1,41.6,55.9,0,6,6,2,0
0,0,2,0,0,2,0,1,2,2,0,21,29515,15.25,75.4,76.7,66.2,73.5,0,8,6,4,0
1,1,5,1,0,2,0,2,2,0,0,26,23266,1.1,81.3,36.4,44.1,64.9,1,6,6,1,1
0,2,3,2,0,2,2,1,2,1,0,20,2561,26.5,77.3,74.0,79.3,100.0,3,9,8,1,0
1,1,6,1,1,2,1,0,1,3,1,19,3453,0.5,68.6,68.1,46.6,45.7,0,3,1,1,1
1,2,5,1,0,1,1,0,2,1,0,20,9678,14.3,78.0,81.8,65.6,77.7,1,8,3,2,1
1,2,4,1,0,1,2,0,1,3,0,23,17234,4.5,71.6,30.0,90.2,100.0,1,10,2,6,1
1,0,2,2,0,0,1,1,2,2,0,20,4719,14.17,84.8,21.6,50.3,75.9,1,6,8,4,0
1,2,0,1,0,2,2,2,2,1,0,20,10905,24.8,58.1,82.7,94.3,96.7,6,7,8,3,1
1,2,4,2,0,2,2,0,1,0,0,20,12774,10.2,68.6,98.1,47.1,46.3,0,7,5,1,0
0,1,1,1,0,1,1,2,0,3,0,22,6386,2.3,52.9,33.3,39.6,45.6,3,10,3,3,1
0,1,1,1,0,0,0,1,1,1,0,21,17066,6.3,77.9,24.0,40.7,62.1,1,10,10,1,0
1,0,1,2,0,2,0,2,0,0,0,24,29878,15.51,81.5,38.7,63.9,80.5,2,6,9,1,0
1,1,2,2,1,0,1,2,0,0,0,19,21517,26.5,79.5,42.4,52.5,86.9,8,5,8,1,1
0,1,2,2,0,2,1,2,1,2,0,22,9651,5.6,76.4,56.8,51.5,48.5,5,8,3,1,1
1,2,0,1,1,2,2,2,1,0,0,21,15241,1.7,73.3,79.9,73.4,83.8,0,7,7,4,0
1,1,6,2,0,0,0,1,1,1,0,18,3491,3.5,84.6,93.2,69.6,72.2,1,7,8,1,0
1,2,2,1,1,2,0,0,0,3,1,18,22815,10.9,46.2,46.1,35.0,40.5,1,5,4,1,1
1,1,6,1,0,1,1,0,0,3,0,18,6436,6.3,58.0,46.5,60.7,69.9,8,6,4,1,1
0,2,2,1,1,2,0,0,2,2,0,18,21370,24.7,62.6,43.9,45.7,57.5,2,6,6,5,1
1,2,3,1,0,0,0,2,0,3,0,19,5718,3.7,82.9,58.4,46.7,75.6,2,4,10,5,0
1,0,3,1,1,0,1,0,2,2,1,21,6449,4.74,89.8,17.1,59.0,89.5,1,8,5,3,1
1,1,6,1,1,2,0,2,1,1,0,21,30229,7.4,74.1,62.4,79.6,79.3,0,4,10,3,0
0,0,3,0,0,0,0,1,2,0,0,21,11133,10.95,71.2,16.7,51.9,59.6,0,10,6,1,0
1,1,6,2,0,0,2,2,2,3,0,23,2726,20.1,74.9,69.3,75.1,88.7,0,7,8,2,0
0,2,1,2,0,2,0,2,0,1,0,21,23621,7.4,77.5,42.6,64.0,86.9,1,7,7,4,0
0,1,4,2,0,1,1,2,0,0,0,25,21627,4.5,82.0,92.4,56.3,59.9,0,9,3,2,0
1,1,3,2,0,2,2,1,1,3,0,18,3052,3.1,70.1,71.4,66.0,60.5,2,6,7,3,0
0,0,1,0,1,0,2,2,1,1,0,19,7550,24.42,88.0,18.0,79.0,63.7,0,10,8,2,0
1,0,3,1,1,2,0,2,1,2,0,24,7444,1.36,61.6,65.9,35.0,40.0,0,4,4,5,1
1,1,3,2,1,2,0,2,1,1,0,22,8359,6.9,60.1,63.4,68.7,60.6,0,7,8,2,0
1,1,4,1,0,1,2,2,1,1,0,24,6101,0.5,80.9,69.9,71.5,80.1,0,9,4,3,0
1,2,1,1,1,1,2,2,2,1,0,21,11401,10.8,78.6,73.3,56.4,63.2,6,4,7,4,1
1,2,2,2,1,0,0,1,2,3,0,24,16063,1.1,72.3,66.1,41.8,42.4,0,3,10,5,0
1,0,6,1,0,0,0,2,0,3,0,16,2460,4.04,58.6,86.2,76.1,86.5,0,4,8,5,0
0,2,4,0,0,2,1,0,2,1,0,19,10670,14.3,66.4,70.6,53.2,74.8,2,6,5,1,0
1,0,3,1,1,1,2,1,2,3,0,22,2617,19.73,86.3,73.4,51.3,67.1,1,9,3,4,1
0,0,3,2,0,2,1,0,1,2,0,18,27526,0.75,96.0,90.4,100.0,100.0,0,6,1,3,0
1,1,4,1,1,2,1,2,1,2,0,19,11001,16.0,57.9,24.9,76.0,100.0,9,8,5,4,1
1,0,4,2,1,2,1,1,2,3,0,20,3429,3.97,74.7,49.2,83.5,100.0,0,10,7,2,0
0,0,4,1,0,1,1,0,1,0,1,19,23159,3.12,74.2,79.3,85.2,73.8,5,3,2,6,1
1,2,4,0,1,0,1,0,1,0,0,19,11119,7.1,70.3,76.3,46.5,56.6,0,6,5,2,0
0,2,4,1,1,1,0,1,2,1,0,22,17136,4.4,87.3,72.4,56.8,67.7,2,7,5,3,0
0,2,3,0,0,0,2,0,1,2,1,21,34298,7.9,67.4,34.7,61.6,68.0,2,8,3,4,1
1,2,6,0,0,2,0,2,2,1,0,22,3815,4.0,66.9,83.0,87.1,93.2,0,6,10,2,0
1,2,5,2,0,2,0,2,0,0,0,17,29069,6.9,76.5,75.5,90.0,99.3,1,5,9,2,0
0,1,4,1,1,2,0,2,1,2,0,20,6024,2.0,95.4,60.5,58.9,66.4,1,5,2,1,1
1,0,5,1,1,0,2,2,1,3,0,18,2000,8.44,88.9,41.2,68.4,88.1,9,3,10,1,1
0,0,3,1,1,2,1,0,2,1,0,21,2960,1.7,87.0,54.8,37.3,61.5,1,7,6,1,1
1,2,0,2,0,2,1,2,2,3,0,17,14719,13.4,81.5,20.4,52.7,69.8,9,6,5,4,1
0,0,2,1,0,2,1,0,0,3,0,20,6096,19.32,63.2,97.6,69.4,70.3,0,6,3,2,1
1,0,0,1,1,1,0,0,2,1,0,18,9010,9.22,81.1,66.9,54.4,63.4,2,5,3,2,1
0,0,6,1,1,2,1,0,1,3,0,17,12864,19.76,75.7,80.8,71.2,68.6,0,5,3,1,1
0,2,3,2,1,2,0,2,1,0,0,17,16824,1.6,70.4,10.0,74.3,74.0,4,8,6,4,1
0,1,1,1,0,1,2,0,0,0,0,23,9370,12.8,83.4,57.3,58.4,95.7,1,7,4,2,1
0,1,4,2,1,1,2,2,2,1,0,21,3133,14.0,81.6,49.9,36.9,45.6,2,8,3,2,1
1,0,4,1,1,0,0,0,2,3,1,19,7207,10.13,79.0,44.3,51.5,44.1,0,7,7,4,1
1,0,2,2,0,1,0,2,2,2,0,24,4693,2.94,79.5,87.8,83.6,81.3,0,7,3,4,0
1,0,4,1,1,2,0,1,1,0,0,25,5739,33.82,52.5,15.3,44.8,50.0,7,8,9,3,1
0,2,6,2,0,1,2,2,0,3,0,23,5983,8.0,67.0,81.6,53.6,58.7,0,7,4,5,0
1,1,0,2,0,2,0,0,0,2,1,21,13646,3.9,70.8,49.4,42.8,73.8,1,9,5,3,1
1,1,1,2,0,2,1,2,1,0,0,25,47687,2.7,85.1,75.5,75.4,77.5,7,8,3,3,1
1,2,6,1,0,0,0,1,2,0,0,22,12008,18.6,92.2,84.7,68.9,93.8,2,5,6,2,0
1,2,4,0,1,1,2,2,2,0,0,20,7146,15.9,78.8,24.9,61.5,68.6,0,5,4,1,0
1,1,6,0,0,2,2,1,0,3,0,19,32218,19.6,86.0,84.8,69.8,81.6,0,8,5,2,0
1,2,4,1,0,0,2,1,2,0,0,18,50000,11.8,68.6,71.8,77.7,98.3,0,10,5,2,0
0,1,4,1,1,0,2,2,2,3,0,17,17350,3.6,85.5,21.4,49.9,71.4,1,7,6,1,1
1,1,1,2,0,0,2,2,1,1,0,24,2474,9.5,85.1,60.5,54.6,58.8,1,8,10,2,0
1,2,0,2,0,2,2,2,2,3,0,24,7339,6.5,73.3,65.8,71.3,87.5,0,7,8,1,0
0,1,1,1,0,2,2,2,0,1,0,20,26102,4.5,79.3,39.0,67.7,75.4,0,7,6,4,0
1,1,5,0,1,2,0,0,1,0,1,20,10584,1.2,84.5,50.6,72.4,89.2,0,6,7,1,0
1,1,4,2,0,0,1,1,1,2,0,19,22417,3.6,80.2,12.4,39.9,72.3,1,8,7,1,0
0,1,3,1,0,2,0,1,2,0,0,20,17584,3.9,73.3,94.8,36.0,40.0,4,6,5,1,1
1,1,2,0,0,0,1,0,0,2,1,17,10048,1.7,77.8,31.2,57.3,58.1,1,5,2,1,1
0,2,3,0,0,0,0,0,0,1,1,26,9623,10.2,61.6,70.1,64.1,80.8,0,10,3,2,0
0,1,2,1,0,2,1,2,2,1,1,18,23050,6.1,77.8,29.0,81.1,100.0,6,7,3,1,1
1,1,6,1,1,1,2,1,1,3,0,22,3571,10.8,83.8,89.7,63.8,56.0,3,6,3,4,1
0,1,5,2,0,2,0,0,2,0,0,16,22818,7.0,96.5,35.4,56.4,74.3,3,6,7,2,1
0,2,1,2,0,2,2,2,1,3,0,23,5937,0.5,93.8,10.0,75.0,88.3,1,7,5,2,0
1,1,3,2,1,0,1,0,1,2,1,21,7963,6.2,73.8,35.9,77.4,96.6,3,6,5,1,1
1,2,5,1,0,0,2,0,2,0,1,22,30367,3.3,83.3,62.2,43.5,40.0,0,6,6,2,1
0,1,5,0,0,2,0,2,0,2,0,18,42997,8.8,71.7,57.1,46.2,50.7,1,6,9,1,0
0,0,1,2,0,0,0,0,2,0,1,18,2506,20.4,83.1,77.0,98.0,100.0,0,10,4,2,0
1,1,3,2,0,2,0,2,2,1,0,20,2557,5.9,76.7,74.4,89.7,100.0,0,8,6,1,0
1,2,3,0,0,2,2,2,1,2,0,26,24873,0.5,81.2,20.1,83.1,100.0,4,8,6,1,0
1,1,3,2,1,0,0,0,1,3,1,28,15088,2.0,91.5,56.4,60.5,77.9,4,10,7,2,1
0,1,0,1,1,2,0,1,1,3,0,22,2905,1.4,40.7,61.4,62.7,44.6,0,7,6,1,1
0,0,2,2,0,1,0,1,2,1,0,23,7744,6.66,80.3,46.9,39.9,73.2,2,7,3,1,1
0,0,1,0,1,2,0,1,1,2,0,16,14318,6.43,78.1,10.0,82.7,100.0,1,8,8,4,0
0,2,1,2,1,0,2,1,0,0,0,21,12281,5.7,80.9,63.2,54.6,65.9,1,6,7,1,0
0,2,0,2,0,1,2,0,0,1,0,20,6008,7.1,88.0,84.6,53.5,62.9,1,4,4,1,0
1,2,3,0,0,1,1,0,0,1,1,20,16595,7.3,78.7,44.5,50.5,64.7,2,4,1,6,1
1,1,6,1,1,2,2,2,2,2,0,26,12255,2.7,84.1,75.0,35.6,40.0,2,4,7,3,1
0,2,4,2,0,0,2,0,1,2,1,22,32795,5.8,83.7,72.2,93.3,69.7,3,8,6,2,0
1,2,4,0,1,1,1,2,1,2,1,16,8484,6.9,85.5,51.3,73.5,83.3,0,10,1,1,0
0,1,6,1,0,1,1,2,2,2,0,17,40673,5.6,75.0,71.7,60.5,61.9,0,3,3,2,1
1,1,6,0,0,1,1,2,1,3,0,22,10821,6.0,92.1,87.5,74.1,66.4,3,4,3,2,1
0,2,1,1,0,2,0,1,2,1,0,16,22358,17.7,60.6,73.8,78.1,97.3,3,5,10,4,0
1,2,3,1,0,2,0,0,0,0,0,22,46337,1.9,86.8,92.7,85.5,78.7,0,10,10,2,0
0,1,2,0,1,1,1,2,1,0,0,19,10631,11.5,78.4,59.3,81.3,100.0,2,8,5,3,0
1,1,0,0,0,0,1,2,1,0,0,20,9082,0.6,58.5,79.7,35.0,40.0,0,6,4,2,0
0,2,4,2,0,2,1,0,2,2,0,25,20244,1.9,63.0,13.7,82.7,91.8,4,6,5,2,1
1,1,5,1,1,2,1,0,2,0,0,20,40629,3.9,79.4,82.3,71.4,79.8,1,8,4,3,0
1,0,6,0,0,2,2,2,0,1,0,18,3122,4.08,81.8,84.9,54.5,61.4,2,6,9,3,0
0,2,2,1,0,1,2,0,2,0,1,20,22665,0.5,85.4,65.5,63.3,83.9,0,6,2,3,0
1,2,5,2,0,2,2,1,1,2,0,21,16460,0.7,80.7,24.0,39.2,48.7,0,6,4,4,0
1,2,3,1,0,0,2,0,1,0,0,15,13356,0.7,77.1,89.0,61.6,44.0,0,6,8,1,0
0,0,4,2,0,0,0,1,2,2,0,18,14601,8.57,77.0,61.5,77.7,90.6,0,10,8,1,0
1,1,4,0,0,2,1,0,0,3,1,22,10774,9.7,90.0,63.7,58.7,91.2,0,6,3,5,1
1,2,3,0,0,1,1,2,2,2,0,23,7873,1.0,67.0,79.8,41.6,58.4,0,9,1,3,0
1,2,2,1,1,0,2,0,2,1,0,18,4054,3.2,66.3,72.1,63.9,86.3,2,4,8,2,0
1,0,5,0,0,2,2,2,1,1,0,21,5560,18.88,84.9,34.5,35.0,49.1,2,7,4,1,1
1,0,2,2,0,2,0,2,1,1,0,19,4869,4.17,73.2,41.4,55.3,75.9,1,6,8,4,0
1,0,1,2,1,1,2,2,1,3,0,18,16759,11.04,74.4,75.5,78.0,83.5,0,5,3,5,0
0,1,5,0,0,2,2,0,1,1,0,22,24484,5.4,76.1,37.0,60.6,75.7,0,5,8,2,0
0,1,6,2,1,1,2,1,1,1,0,18,12716,5.6,76.2,20.7,60.3,70.1,7,6,4,4,1
1,0,0,1,0,2,0,2,0,1,0,20,17346,2.29,89.1,80.5,35.0,40.0,1,6,4,4,0
1,1,1,1,1,0,2,2,1,2,0,15,33313,8.7,70.6,71.6,67.0,50.0,1,4,10,2,0
1,1,1,2,0,1,2,1,1,1,0,17,11911,3.4,78.1,37.0,59.2,63.9,3,8,2,1,1
1,1,4,1,0,0,1,0,2,0,0,21,10707,15.6,49.7,85.8,67.2,69.9,4,10,6,4,1
1,0,2,2,0,2,1,0,2,3,1,18,3865,10.63,88.8,68.6,88.4,100.0,7,5,4,1,1
1,1,1,2,0,1,0,1,1,1,0,22,13091,5.3,77.6,54.1,61.5,61.3,5,10,4,3,1
1,0,1,2,1,2,0,2,2,1,0,18,4436,25.98,87.1,26.4,64.6,84.4,1,7,5,1,0
1,2,3,2,0,2,0,2,1,2,0,23,6207,3.7,93.1,80.9,66.9,57.5,0,8,3,4,0
1,2,6,1,1,2,2,1,1,3,0,24,5279,0.7,98.7,62.9,57.5,56.9,0,7,9,3,0
1,1,6,0,0,2,0,0,1,1,1,23,4285,24.9,89.0,43.6,56.0,81.3,1,4,4,3,1
0,2,6,1,0,2,0,2,2,3,0,19,3614,15.5,81.3,93.0,71.3,83.0,0,6,8,1,0
0,2,4,2,1,1,0,0,2,1,0,28,9242,2.3,68.5,30.7,65.6,80.5,7,5,3,2,1
0,0,2,2,0,0,2,0,2,2,1,20,15143,1.1,93.6,32.8,40.4,53.5,6,5,6,2,1
0,2,3,2,1,2,0,2,2,3,0,18,8475,4.1,74.2,11.1,83.8,100.0,0,7,6,1,0
1,1,2,2,0,2,1,1,1,1,0,25,19162,0.5,89.9,54.8,94.3,88.7,2,7,2,1,0
0,1,3,1,0,2,2,0,2,1,1,25,19423,19.1,98.3,13.8,52.8,56.4,1,6,5,1,1
0,1,6,2,1,0,1,0,2,2,1,24,8431,35.0,84.8,37.7,35.0,50.1,1,7,7,1,1
1,1,4,1,0,0,2,1,1,1,0,19,10807,13.4,65.6,72.5,59.2,88.6,7,6,5,7,1
1,1,3,2,1,1,1,0,2,0,0,23,3956,1.3,87.7,65.6,65.9,85.0,8,3,3,2,1
1,2,2,2,0,0,1,0,2,0,0,20,31195,2.8,72.1,88.7,87.9,93.8,8,8,7,3,1
0,2,2,0,1,1,0,2,1,1,0,21,10531,2.2,73.5,51.1,50.5,59.4,8,4,5,2,1
1,0,3,1,1,2,2,0,1,1,1,17,16435,22.04,77.4,33.5,92.7,80.1,1,9,5,3,1
0,1,0,1,1,1,2,2,0,2,0,18,5546,2.6,87.8,52.6,62.9,85.9,0,7,4,2,0
0,0,5,2,0,0,2,1,2,2,0,21,9812,6.59,74.5,10.0,46.0,59.0,1,6,3,1,1
