Temperature,Humidity,PM2.5,PM10,NO2,SO2,CO,Proximity_to_Industrial_Areas,Population_Density,Air_Quality
29.8,59.1,5.2,17.9,18.9,9.2,1.72,6.3,319,0
28.3,75.6,2.3,12.2,30.8,9.7,1.64,6.0,611,0
23.1,74.7,26.7,33.8,24.4,12.6,1.63,5.2,619,0
27.1,39.1,6.1,6.3,13.5,5.3,1.15,11.1,551,1
26.5,70.7,6.9,16.0,21.9,5.6,1.01,12.7,303,1
39.4,96.6,14.6,35.5,42.9,17.9,1.82,3.1,674,0
41.7,82.5,1.7,15.8,31.1,12.7,1.8,4.6,735,0
31.0,59.6,5.0,16.8,24.2,13.6,1.38,6.3,443,0
29.4,93.8,10.3,22.7,45.1,11.8,2.03,5.4,486,0
33.2,80.5,11.1,24.4,32.0,15.3,1.69,4.9,535,0
26.3,65.7,1.3,5.5,18.3,5.9,0.85,13.0,529,1
32.5,51.2,1.6,10.5,21.6,19.3,1.53,5.9,519,0
20.0,53.3,3.7,12.9,26.1,6.6,1.09,10.2,538,1
28.6,53.7,28.9,34.0,23.2,4.5,1.02,11.0,508,1
22.3,80.5,4.5,12.0,17.2,6.3,1.18,10.4,232,1
32.0,78.9,22.4,29.9,27.5,11.8,1.48,7.9,444,0
22.9,75.4,4.5,10.4,18.4,3.7,0.96,14.4,359,1
37.6,81.2,28.1,56.6,46.7,13.7,1.85,4.1,560,0
34.7,59.3,9.0,15.7,28.5,7.1,1.52,6.1,437,0
37.8,97.2,0.6,24.6,37.1,11.7,1.13,7.7,803,0
27.6,44.1,3.5,14.4,30.7,9.4,0.97,8.0,338,0
27.6,77.5,3.8,10.9,9.1,1.7,1.04,14.4,520,1
25.6,58.3,0.4,-0.2,25.3,4.5,0.98,10.0,536,1
24.6,48.4,8.3,15.4,23.3,4.6,1.03,11.2,461,1
26.2,49.9,0.5,2.0,22.9,2.3,0.94,17.9,581,1
22.6,62.1,16.4,21.3,17.6,4.8,0.93,11.5,324,1
30.0,69.2,2.0,3.9,15.3,5.2,1.09,10.1,297,1
37.6,72.2,10.1,16.6,32.2,6.3,1.85,3.5,637,0
29.6,65.6,3.4,9.3,20.6,2.9,1.03,10.2,452,1
52.5,83.9,67.5,91.2,31.6,34.6,2.31,2.9,785,0
44.7,97.9,34.6,57.3,28.1,22.6,1.78,3.5,562,0
23.3,45.2,24.0,29.0,26.6,5.3,0.96,10.9,575,1
35.4,100.2,20.5,33.2,34.4,11.7,1.85,5.1,440,0
29.7,85.8,84.4,94.4,26.7,19.8,1.55,10.0,744,0
21.8,79.6,7.1,16.8,14.5,6.0,0.91,10.8,455,1
27.7,86.1,83.3,93.5,25.3,6.8,1.71,7.4,594,0
27.5,78.9,30.2,34.1,15.3,3.0,0.98,11.1,472,1
28.0,72.2,18.5,25.0,24.9,6.1,1.32,13.2,480,1
22.2,50.0,2.3,8.4,23.5,3.7,0.96,10.2,547,1
33.3,70.1,55.1,72.7,40.5,30.7,2.12,4.9,612,0
37.5,83.7,3.1,2.2,39.5,29.2,2.61,2.5,898,0
30.9,94.4,48.3,67.1,31.4,23.3,1.75,4.3,779,0
39.3,78.9,68.9,85.2,43.7,13.0,1.7,8.5,570,0
24.7,64.9,17.3,37.0,27.2,14.9,1.48,5.5,453,0
27.8,62.8,8.7,13.2,29.7,15.8,1.4,8.1,604,0
17.4,56.5,2.6,6.9,21.0,3.5,0.92,11.6,475,1
18.1,70.1,3.1,8.1,19.7,5.8,1.18,12.9,273,1
25.6,78.1,1.1,5.2,21.3,6.1,0.89,10.9,524,1
22.4,69.3,2.2,8.4,19.6,3.0,0.92,10.2,339,1
25.3,47.4,70.7,84.8,22.4,8.2,1.59,13.2,587,0
42.1,89.8,12.1,35.3,41.4,30.4,2.67,2.8,861,0
27.5,45.3,2.8,10.1,13.7,4.1,0.82,10.6,236,1
32.6,65.1,4.1,19.3,28.0,14.5,1.45,6.3,509,0
46.1,100.3,144.0,169.8,42.5,16.1,2.3,7.3,443,0
33.5,81.2,23.4,56.5,34.2,27.2,1.95,3.7,600,0
48.1,94.1,4.2,19.0,23.7,6.0,1.57,6.0,625,0
31.6,76.7,21.4,26.9,30.1,17.4,1.29,7.6,663,0
29.0,83.5,31.5,44.4,27.0,-2.8,1.49,5.7,538,0
24.9,82.2,19.5,27.9,25.6,2.0,1.54,8.1,458,0
27.7,99.4,17.8,29.9,37.5,9.9,1.74,5.4,588,0
20.8,48.5,16.0,19.7,11.2,2.5,1.17,10.2,432,1
28.2,71.7,75.2,90.0,30.8,5.0,1.81,4.8,765,0
32.0,69.7,95.7,110.4,36.1,20.5,2.3,6.8,673,0
21.5,60.0,14.6,20.6,20.9,1.6,0.94,10.7,587,1
29.6,63.1,12.8,15.9,22.0,3.8,1.16,11.0,377,1
17.5,73.8,3.3,8.8,16.2,8.4,0.83,10.8,217,1
33.2,49.8,1.4,23.3,23.0,25.8,2.06,6.8,730,0
58.6,66.0,44.0,54.0,44.3,22.7,3.09,5.2,641,0
28.1,51.8,36.0,40.3,26.4,5.4,1.15,10.8,264,1
32.0,74.9,43.3,45.5,28.8,9.5,1.42,7.8,598,0
25.0,63.9,9.3,10.8,15.8,4.6,0.92,10.1,490,1
25.7,69.3,15.7,25.0,27.7,10.6,1.44,9.5,482,0
35.1,69.2,7.9,30.3,35.3,27.6,2.07,4.9,724,0
26.7,63.2,6.8,9.3,13.4,4.9,0.98,10.0,358,1
20.4,44.9,4.6,9.2,20.5,5.7,1.03,10.2,545,1
24.6,84.2,5.2,19.2,22.5,9.0,1.48,7.3,623,0
25.9,62.8,25.8,35.6,31.2,19.0,1.48,5.3,411,0
22.1,54.0,10.6,15.4,13.9,8.9,1.0,10.5,265,1
34.1,97.9,54.0,76.8,31.6,16.4,2.15,6.6,513,0
24.9,63.5,6.1,13.9,17.2,4.3,1.18,16.4,390,1
28.0,55.2,12.4,21.2,27.7,3.7,0.99,10.6,467,1
26.7,53.9,2.9,6.4,11.1,6.6,0.96,11.8,533,1
30.4,101.1,28.6,42.6,39.9,4.0,2.2,6.8,639,0
41.4,65.4,34.3,52.8,42.7,9.4,1.87,2.5,721,0
25.5,73.4,13.8,21.4,25.7,3.8,0.95,11.0,194,1
28.2,49.6,17.0,21.7,19.7,11.3,0.99,11.1,214,1
36.6,75.5,32.2,41.3,32.1,9.4,1.95,4.4,543,0
18.8,77.7,11.0,15.8,20.0,5.6,1.09,11.2,409,1
26.3,77.5,23.1,29.5,15.1,3.7,0.92,10.4,399,1
34.9,96.9,11.4,30.2,36.5,20.3,1.89,6.8,680,0
23.0,50.7,1.1,5.0,24.8,2.1,1.12,12.4,593,1
22.3,78.8,19.3,26.0,26.1,5.5,0.82,10.7,214,1
21.4,76.9,2.3,6.7,23.4,2.8,1.09,14.7,338,1
44.7,75.6,6.6,28.3,25.7,23.5,2.1,4.1,643,0
22.4,73.0,12.2,15.0,26.6,3.6,0.97,12.9,266,1
32.3,82.0,8.8,18.7,29.8,14.7,2.03,5.7,600,0
33.5,70.8,8.1,16.3,22.0,15.9,1.63,5.1,527,0
33.1,52.0,7.2,15.9,38.9,12.1,1.46,7.3,452,0
25.5,48.0,15.5,19.9,18.6,7.7,1.04,10.3,503,1
29.9,77.8,1.5,23.4,43.8,20.0,1.89,6.0,681,0
29.3,67.5,1.9,5.0,12.1,4.5,1.12,11.0,576,1
23.9,73.9,25.9,28.5,21.5,3.1,1.45,5.5,562,0
23.7,40.0,20.7,23.0,20.4,6.2,1.05,12.5,318,1
21.9,70.1,5.4,10.4,13.5,1.1,1.09,12.5,224,1
44.9,105.8,24.5,47.4,39.9,26.7,2.36,4.0,878,0
27.0,45.5,6.2,13.0,24.3,5.0,1.01,10.7,205,1
49.6,87.5,81.9,87.0,40.4,18.4,2.14,2.9,631,0
33.4,78.5,101.6,109.9,19.3,9.2,1.32,5.0,334,0
23.5,51.6,0.0,8.3,23.5,7.4,0.92,19.7,450,1
22.2,75.7,19.0,20.7,20.1,5.3,1.03,10.7,316,1
35.4,51.9,48.4,53.0,21.0,10.4,1.53,6.6,628,0
41.5,68.2,3.4,15.4,24.5,6.4,1.38,4.8,748,0
21.0,60.5,4.6,8.9,15.1,6.8,0.93,10.2,378,1
31.3,73.7,20.3,30.7,31.5,12.5,1.76,7.3,512,0
46.8,91.6,240.1,261.5,40.3,37.6,2.46,3.1,879,0
23.9,66.7,14.3,16.9,21.8,7.8,1.07,10.4,413,1
24.6,45.1,0.4,6.4,21.2,1.7,0.94,10.1,226,1
24.1,59.3,14.4,33.1,31.0,16.7,2.0,5.3,622,0
41.4,82.2,73.6,89.8,35.1,13.3,2.84,4.1,620,0
22.5,73.0,0.2,6.2,15.0,5.5,0.95,14.2,543,1
26.7,57.9,50.0,59.6,26.3,9.4,1.68,6.3,541,0
24.6,51.3,3.9,8.0,21.7,5.9,0.98,12.8,454,1
32.0,70.7,8.4,11.3,24.5,6.1,1.6,8.2,382,0
29.5,77.2,27.9,44.4,26.3,23.1,1.68,7.7,586,0
32.5,68.3,33.2,40.1,29.0,9.5,1.52,6.5,410,0
33.0,56.8,1.9,5.0,36.1,7.6,1.75,7.5,481,0
30.1,86.8,7.3,22.4,27.9,6.0,1.29,6.0,690,0
22.3,75.4,0.7,4.7,23.7,7.3,0.93,11.4,291,1
27.4,81.5,18.9,30.4,22.6,12.8,1.55,5.1,341,0
28.3,40.6,2.3,6.9,25.3,4.0,0.88,12.5,590,1
30.8,68.9,2.0,11.5,23.6,13.0,1.46,7.1,638,0
27.7,78.7,1.1,20.5,28.2,9.8,1.53,5.5,449,0
33.3,82.6,1.2,5.6,30.1,5.9,1.32,5.9,310,0
22.9,66.9,7.8,16.3,21.8,8.1,1.07,10.0,435,1
29.6,78.9,9.3,19.0,31.3,11.2,1.74,6.8,714,0
28.0,83.9,20.9,37.3,21.3,11.1,1.56,5.7,442,0
33.4,85.5,11.7,31.7,41.7,12.4,2.03,3.0,927,0
22.9,40.5,3.7,7.3,13.4,0.9,1.12,12.6,246,1
23.1,59.7,13.3,25.3,22.9,14.1,1.3,6.3,598,0
36.2,77.1,35.3,43.9,20.4,14.4,1.38,5.6,599,0
27.6,75.9,20.3,25.9,26.6,4.9,1.11,10.8,334,1
32.8,60.4,1.6,12.8,28.1,5.7,1.36,12.5,406,0
21.6,71.5,1.3,6.5,23.8,4.8,0.89,13.8,384,1
31.4,81.8,4.3,17.5,21.8,12.8,1.47,5.1,437,0
27.4,63.0,11.0,21.1,23.2,9.6,1.27,6.6,333,0
24.2,64.4,1.1,7.2,11.7,8.6,1.08,10.9,239,1
47.3,88.4,104.9,127.4,44.6,21.7,2.71,8.2,648,0
40.0,88.7,29.3,46.0,45.1,20.7,2.03,3.2,821,0
29.2,72.1,25.5,32.3,13.3,5.7,1.08,10.9,358,1
20.1,41.7,3.6,8.2,23.2,9.1,0.97,10.4,370,1
42.6,94.6,17.9,30.1,44.3,4.0,1.91,2.6,525,0
33.7,72.7,139.4,159.9,33.1,22.8,2.28,5.6,576,0
29.0,64.0,8.6,21.6,26.6,8.1,1.53,5.0,647,0
30.7,54.3,5.7,20.8,26.5,13.4,1.87,7.2,437,0
37.3,90.7,33.6,43.8,35.6,19.6,2.45,3.1,754,0
33.4,70.5,7.5,15.2,24.1,8.6,1.49,6.0,417,0
33.7,89.4,30.0,47.3,26.5,8.1,1.41,6.0,613,0
23.0,44.6,23.1,28.1,16.2,9.0,0.95,10.0,437,1
28.9,80.1,8.6,19.7,31.1,10.3,1.61,8.1,562,0
33.5,97.1,10.5,24.1,26.8,16.5,2.13,5.1,686,0
25.2,42.6,10.5,18.0,24.7,7.0,0.89,10.8,517,1
30.2,79.7,21.1,25.3,30.6,6.5,1.63,5.9,609,0
35.6,74.6,64.2,76.2,43.9,17.4,2.61,3.5,679,0
32.4,64.3,58.1,74.1,14.2,9.7,1.41,5.5,489,0
35.0,80.5,43.6,55.1,27.9,11.3,1.65,6.9,664,0
37.3,98.6,68.4,85.3,37.5,16.9,2.34,9.0,695,0
29.3,78.5,14.8,19.2,29.3,-0.4,1.48,8.0,451,0
15.4,64.2,5.5,10.5,15.4,4.1,1.0,12.7,549,1
31.0,57.1,22.1,27.2,35.5,8.1,1.54,8.5,713,0
29.5,83.3,4.7,22.7,35.9,14.7,2.97,5.2,631,0
21.8,61.9,27.4,31.3,23.8,7.7,0.96,10.8,340,1
30.2,87.8,3.4,15.9,36.0,14.2,1.47,7.3,399,0
28.0,65.1,3.5,5.2,18.7,7.9,0.9,10.7,458,1
31.3,46.6,1.4,7.5,21.8,4.4,0.87,10.8,233,1
22.8,83.4,28.2,42.9,42.6,9.8,1.71,4.5,818,0
25.9,55.8,21.4,29.3,23.4,9.6,1.17,5.7,612,0
36.2,87.2,2.4,17.5,50.9,31.5,3.04,5.1,937,0
31.4,78.7,7.7,14.3,38.1,17.5,1.75,5.4,549,0
34.4,86.3,28.4,50.6,34.5,42.3,2.28,3.2,685,0
23.2,57.5,17.8,26.2,11.0,2.9,1.19,10.4,500,1
30.5,89.7,117.0,138.7,40.6,33.9,2.22,6.4,574,0
24.0,53.4,5.3,10.8,34.8,15.9,1.16,6.4,728,0
32.1,73.6,39.4,54.8,39.5,6.8,2.0,4.2,493,0
14.1,54.5,3.6,8.3,17.4,7.0,0.99,10.1,238,1
27.6,52.0,48.9,53.6,28.7,5.1,1.65,5.6,364,0
21.5,72.6,4.5,9.5,22.4,4.7,0.98,12.5,391,1
31.3,101.5,33.4,52.8,28.7,18.2,1.97,7.6,488,0
28.8,76.6,17.2,34.6,27.9,6.5,1.44,5.4,405,0
31.1,56.4,10.7,17.0,12.9,5.1,1.07,10.0,572,1
28.0,55.4,3.0,15.1,22.8,21.8,1.76,5.1,405,0
38.1,69.3,6.5,23.6,41.6,16.5,1.46,6.4,806,0
41.5,91.3,79.5,93.5,30.0,12.8,1.99,10.4,561,0
33.1,99.2,17.6,47.1,41.1,26.4,2.45,6.8,623,0
28.2,89.5,44.9,53.9,29.1,12.1,1.29,6.7,544,0
33.6,81.2,20.2,30.3,30.2,10.6,1.24,6.3,714,0
32.5,53.4,45.9,52.7,27.2,10.8,1.21,7.5,513,0
24.5,65.2,8.3,14.3,15.0,5.4,1.0,11.2,368,1
29.2,74.5,19.6,32.3,29.3,7.9,1.46,11.8,629,0
36.2,84.9,42.2,72.0,30.9,23.4,1.98,3.5,619,0
27.0,50.4,17.4,30.2,19.1,10.5,1.68,5.6,490,0
26.2,47.6,16.4,20.2,24.0,9.9,0.85,11.5,506,1
24.5,93.6,22.3,31.7,22.4,11.6,1.81,8.3,585,0
28.7,64.6,12.1,17.6,14.2,6.2,1.04,11.1,600,1
24.9,64.4,10.9,15.2,14.0,4.4,1.12,10.5,354,1
38.3,99.0,8.2,27.2,24.9,13.9,2.69,3.8,808,0
25.9,64.2,1.5,10.3,23.6,-0.4,0.93,11.5,386,1
22.8,65.1,3.1,10.6,11.1,4.9,0.88,12.0,500,1
32.5,75.1,24.9,36.0,25.8,6.3,1.69,6.4,516,0
25.1,59.5,6.0,11.3,25.8,0.7,0.9,10.7,231,1
32.9,49.6,24.0,28.5,22.0,8.8,1.64,5.3,518,0
28.0,80.2,27.7,28.8,34.3,12.3,1.55,6.2,631,0
26.1,48.5,5.3,10.5,18.4,5.0,0.99,10.4,547,1
28.0,90.3,35.4,58.2,41.2,7.9,2.06,5.1,662,0
37.8,79.1,63.0,85.1,52.6,20.1,2.6,6.5,778,0
31.6,102.7,80.5,96.9,35.0,1.7,2.0,4.4,630,0
30.4,63.8,12.2,22.1,31.3,15.5,1.7,5.0,389,0
25.5,38.3,3.6,8.8,19.1,6.6,1.05,17.8,379,1
36.6,78.5,6.0,25.9,45.5,17.8,1.58,4.0,470,0
29.8,60.2,10.7,19.8,24.9,12.4,2.0,6.4,472,0
33.7,96.3,70.8,87.3,32.9,17.0,2.33,4.8,557,0
26.2,62.0,79.2,86.0,31.4,7.6,1.46,5.9,615,0
27.6,61.5,0.0,4.5,25.1,4.3,1.07,11.0,536,1
30.8,60.3,1.1,3.6,21.2,5.1,0.96,11.4,470,1
23.7,51.7,19.1,22.2,24.0,7.0,1.07,10.6,371,1
43.1,75.5,6.4,14.2,38.8,11.0,2.24,9.0,644,0
29.1,61.2,12.1,18.5,17.5,5.1,2.03,9.3,502,0
28.4,48.0,11.1,17.7,15.1,7.6,1.06,16.4,334,1
34.5,86.1,9.0,21.6,39.1,7.5,1.79,5.2,450,0
20.4,52.8,11.7,16.7,24.4,2.3,1.05,10.1,430,1
30.9,92.2,10.7,19.0,38.1,9.6,2.55,4.8,429,0
23.4,54.7,10.2,12.8,11.4,4.5,1.13,10.9,362,1
28.8,76.6,124.1,135.5,32.0,10.0,2.02,5.0,566,0
36.4,80.3,103.0,106.4,26.5,22.3,2.38,3.7,844,0
29.8,75.8,1.1,19.5,29.7,4.0,1.78,6.3,402,0
24.2,55.9,8.4,10.9,17.2,7.2,0.96,14.8,497,1
32.1,54.6,3.8,13.6,28.1,20.3,1.54,5.2,701,0
31.6,97.6,85.9,101.9,45.0,25.8,1.82,7.4,804,0
23.3,42.6,7.4,10.6,23.7,5.2,1.14,13.4,292,1
26.7,100.1,3.9,18.1,30.7,15.5,1.62,3.7,457,0
31.3,100.3,7.0,26.4,30.4,20.2,2.19,4.2,770,0
29.6,83.0,4.0,14.1,22.2,3.2,1.05,11.9,225,1
25.3,83.3,33.9,44.0,35.9,9.1,1.41,6.2,488,0
26.4,60.3,6.5,13.2,21.8,5.1,0.88,11.1,412,1
23.9,61.4,28.2,40.3,37.0,11.3,1.56,6.9,559,0
23.9,61.8,3.2,9.9,18.6,5.2,0.93,13.6,438,1
32.5,71.3,11.8,30.9,26.1,23.5,2.16,5.4,730,0
38.7,71.9,5.4,31.0,50.3,15.6,2.81,6.4,503,0
32.4,83.3,2.3,18.4,30.9,15.1,1.54,5.0,355,0
26.7,71.3,6.2,12.7,23.6,5.9,1.04,11.1,389,1
50.9,79.9,22.5,52.0,38.2,9.0,2.65,8.4,611,0
34.7,88.9,8.9,16.1,33.3,8.5,1.19,6.0,447,0
33.5,56.1,0.1,8.8,31.2,5.7,1.41,5.6,351,0
26.0,54.9,16.6,22.4,21.3,7.0,1.02,12.2,210,1
28.2,68.1,7.2,9.1,20.8,4.7,1.07,10.2,379,1
23.4,42.5,1.9,6.4,20.6,4.3,1.19,11.3,493,1
25.6,52.6,1.9,3.6,13.5,6.2,1.07,11.4,492,1
22.5,41.5,0.3,7.1,17.3,3.2,1.01,11.4,212,1
33.5,75.7,2.3,18.1,29.4,10.1,1.45,6.0,633,0
47.2,78.4,17.9,46.0,42.9,21.1,2.36,2.8,517,0
35.8,60.1,2.9,13.9,22.2,14.5,1.59,7.7,661,0
29.5,72.7,9.3,25.0,21.2,9.7,1.59,7.5,404,0
31.7,47.3,1.2,6.9,11.5,5.5,1.18,15.7,451,1
21.5,73.3,1.8,8.5,18.6,8.3,0.94,13.1,207,1
40.0,66.1,21.7,41.3,28.1,2.7,1.66,5.9,745,0
39.1,82.4,24.3,49.8,28.2,11.5,2.03,8.5,818,0
27.2,43.8,18.4,23.1,21.5,2.6,1.03,12.1,253,1
39.6,96.2,47.1,65.4,35.8,17.1,2.03,5.2,661,0
40.2,91.9,22.3,34.2,43.7,17.4,2.07,3.1,900,0
26.4,77.1,20.6,24.8,24.1,12.4,1.46,6.7,576,0
47.4,93.1,72.7,96.6,34.3,14.9,2.54,5.7,797,0
29.7,74.4,0.6,6.0,22.4,3.5,0.74,11.6,583,1
25.2,63.2,8.9,19.6,41.7,9.9,2.14,5.1,473,0
25.0,75.7,4.7,9.3,21.2,5.2,1.15,16.0,541,1
30.8,67.6,6.0,15.4,29.2,6.0,1.42,8.7,564,0
30.2,56.8,0.2,4.7,24.6,10.2,1.49,5.3,696,0
21.5,74.6,0.3,8.1,15.9,6.3,1.02,15.6,381,1
33.1,84.4,3.7,9.5,17.2,8.9,1.61,5.7,504,0
24.1,47.5,22.8,26.0,26.5,4.1,0.91,12.2,406,1
35.4,84.6,34.1,42.9,23.9,9.4,1.63,9.1,629,0
25.8,76.6,8.6,16.5,22.4,6.2,0.99,16.7,514,1
24.7,51.4,18.6,23.5,17.1,5.5,1.01,12.1,443,1
23.1,100.8,7.4,30.0,28.5,16.3,1.8,7.2,711,0
54.6,90.7,48.9,62.9,30.1,11.5,2.74,3.7,617,0
35.9,87.0,26.4,34.1,29.2,17.2,1.33,6.5,619,0
30.5,75.1,21.5,34.0,25.6,7.6,1.21,6.1,401,0
32.0,48.8,0.7,15.8,16.9,8.6,1.65,5.2,662,0
28.3,52.1,5.1,9.8,19.3,2.7,0.9,10.9,271,1
31.2,75.9,57.6,80.4,38.9,28.6,2.15,3.4,463,0
27.5,55.1,3.8,14.9,20.3,5.2,1.38,6.3,629,0
42.7,63.3,82.1,103.4,45.4,29.3,2.26,7.4,747,0
30.2,77.2,34.4,44.0,33.6,12.7,1.34,6.4,372,0
36.0,70.7,69.5,78.1,29.1,16.2,2.28,7.2,420,0
36.5,103.6,19.1,50.4,49.3,7.4,2.15,3.3,879,0
26.3,54.7,2.0,8.2,27.9,3.4,1.05,17.0,330,1
53.1,70.2,60.3,81.9,32.2,16.0,2.28,2.7,526,0
26.5,52.8,1.2,10.0,26.5,3.4,0.91,12.1,377,1
20.3,66.8,18.9,21.1,25.5,5.0,0.96,11.3,416,1
30.0,66.1,17.3,25.3,30.5,6.0,1.55,8.0,482,0
32.0,79.0,117.8,127.8,39.4,28.4,2.75,9.2,774,0
26.2,41.0,0.3,6.4,23.4,7.3,1.05,10.5,432,1
24.6,46.5,5.9,13.0,14.2,6.7,0.96,10.5,547,1
24.3,72.9,1.9,10.4,22.7,2.1,0.89,10.8,300,1
22.7,70.9,15.8,19.6,17.4,5.6,0.99,11.4,516,1
23.8,57.9,21.9,27.3,21.9,4.3,1.02,11.1,336,1
24.3,69.1,60.1,76.5,21.4,9.2,1.44,5.7,512,0
32.7,94.8,7.8,15.2,34.1,9.8,1.63,5.4,392,0
29.0,51.7,8.4,13.0,16.5,5.0,1.01,10.1,226,1
27.7,69.1,13.6,19.1,21.6,4.6,1.07,10.5,231,1
24.6,64.6,17.1,20.3,20.5,6.7,0.9,10.5,355,1
21.9,77.4,21.1,27.8,21.1,4.5,1.03,10.0,384,1
23.7,75.4,8.4,15.0,24.2,2.6,1.01,11.5,275,1
26.7,41.8,1.5,6.5,25.5,2.5,1.07,10.5,303,1
32.8,81.0,13.6,22.2,35.2,7.3,1.31,9.1,534,0
28.9,109.5,3.6,21.7,62.1,13.5,2.35,2.7,678,0
29.7,80.8,7.3,14.8,30.4,7.2,1.73,8.4,606,0
20.0,79.1,1.4,3.5,22.5,4.8,0.89,10.3,407,1
32.9,66.9,5.2,8.6,30.6,14.0,1.47,10.5,485,0
21.8,69.0,0.7,7.9,10.2,6.3,0.95,11.6,489,1
20.5,58.3,1.8,6.7,14.6,4.8,0.78,16.0,260,1
25.4,59.1,16.0,16.6,15.2,6.8,1.04,10.5,439,1
22.2,74.0,90.0,99.8,29.1,10.7,1.94,5.2,573,0
40.6,95.1,37.4,46.7,42.9,21.3,2.16,2.8,679,0
33.2,60.0,54.5,65.5,20.2,7.9,1.42,9.0,418,0
28.5,69.0,16.3,25.3,23.0,7.7,1.71,5.5,344,0
30.3,86.7,6.2,30.2,36.5,17.8,2.31,2.9,465,0
34.9,96.2,48.5,66.5,29.0,15.2,2.4,6.0,569,0
28.0,76.6,24.8,35.9,28.1,13.4,1.53,7.4,440,0
27.0,92.6,9.9,20.1,24.3,11.1,1.19,6.2,453,0
24.1,65.6,0.2,7.1,24.7,6.1,1.1,13.2,370,1
34.0,63.3,3.0,23.6,28.6,14.2,2.07,10.1,548,0
25.7,69.3,64.5,78.8,26.5,10.3,1.87,12.2,579,0
23.5,62.5,1.8,7.3,25.2,3.4,1.16,11.7,501,1
22.1,50.4,4.0,11.5,14.3,9.7,0.95,13.6,466,1
29.6,44.2,24.7,27.3,27.5,7.7,1.01,10.5,315,1
38.8,90.1,63.2,69.5,44.7,23.5,2.35,3.5,771,0
29.8,62.8,22.2,32.8,36.9,1.1,1.55,5.0,437,0
26.6,54.5,3.9,10.3,24.2,5.5,1.09,10.3,580,1
35.5,84.7,9.4,20.0,25.3,14.9,1.55,6.7,626,0
37.1,72.4,60.3,68.4,35.5,14.0,2.17,3.4,580,0
35.4,65.0,22.6,46.2,37.5,23.0,2.01,3.7,509,0
42.2,66.0,33.3,51.4,48.0,12.8,2.54,3.6,709,0
24.7,79.4,5.9,9.0,19.3,0.7,0.91,10.6,219,1
28.7,63.6,4.2,10.2,20.8,3.2,0.92,11.6,487,1
20.8,68.0,7.4,11.4,10.6,7.4,0.95,10.8,316,1
21.7,45.4,19.9,25.3,22.8,3.9,0.78,13.8,385,1
34.4,85.0,31.7,53.6,50.5,35.4,2.5,3.8,822,0
19.4,70.6,8.2,14.2,21.1,0.4,0.99,10.2,262,1
26.0,68.3,7.8,13.9,11.7,2.7,0.99,12.3,307,1
50.3,97.4,17.5,38.7,46.5,32.9,2.49,4.8,588,0
20.5,80.0,1.0,3.2,23.6,2.8,0.91,13.4,276,1
36.7,75.1,19.7,40.7,38.1,26.6,2.67,11.5,875,0
24.3,44.2,9.5,12.5,18.8,-0.2,0.83,10.6,341,1
34.0,73.4,3.5,18.7,29.6,8.2,1.38,6.5,522,0
37.0,93.9,17.0,34.1,33.3,11.4,1.86,3.1,684,0
29.2,60.6,1.7,16.0,32.7,13.3,1.91,7.2,637,0
23.1,43.1,4.1,7.9,22.7,8.0,1.03,10.1,499,1
19.6,55.5,0.1,3.9,18.9,5.3,1.1,10.6,198,1
26.3,66.7,1.3,5.7,16.4,5.9,0.97,15.6,205,1
24.0,56.9,2.9,6.9,13.0,8.2,1.14,11.3,360,1
24.3,48.2,16.8,25.9,19.4,3.9,0.97,14.8,544,1
25.3,77.0,4.6,11.2,20.1,6.4,1.03,11.3,282,1
27.8,78.1,1.1,19.8,26.7,10.7,1.28,9.3,376,0
44.0,80.4,18.0,29.5,27.9,8.5,2.12,4.1,685,0
22.6,46.7,19.2,26.8,26.5,6.7,0.82,13.7,354,1
30.8,47.7,11.0,16.4,25.7,5.5,1.11,10.1,332,1
22.5,68.9,3.9,8.4,12.8,4.8,1.08,10.5,447,1
43.3,59.3,62.2,74.7,33.0,19.2,2.44,3.6,801,0
26.7,54.1,4.7,16.1,21.0,6.3,1.24,5.7,613,0
27.3,67.7,2.4,9.2,24.6,7.6,1.13,11.1,249,1
26.3,47.2,3.0,5.5,24.7,0.7,1.08,10.7,368,1
38.1,61.3,8.5,27.1,21.9,13.0,1.61,5.5,343,0
44.8,113.0,30.2,52.0,41.5,23.3,2.53,3.3,677,0
26.6,55.2,9.7,11.1,23.5,15.7,1.87,7.1,576,0
35.7,49.1,18.1,26.5,29.1,13.4,2.24,3.9,649,0
30.6,72.5,7.3,12.3,28.1,10.0,1.68,5.4,555,0
33.4,86.5,169.2,194.7,48.7,4.6,2.36,6.5,737,0
27.8,74.4,13.2,22.2,22.8,6.5,1.69,5.4,422,0
30.7,76.4,18.3,31.9,27.6,11.6,1.54,5.9,516,0
23.5,67.6,0.2,4.3,24.5,6.4,1.19,14.6,412,1
39.0,87.2,32.8,43.8,29.9,9.0,1.03,7.6,482,0
33.5,43.8,46.5,61.9,22.9,5.2,1.71,10.8,523,0
40.6,85.2,31.6,44.8,30.5,19.0,2.66,4.5,554,0
21.8,53.6,1.9,13.1,20.8,9.0,1.43,5.0,309,0
27.4,64.6,21.8,37.7,22.3,5.6,1.45,6.4,465,0
31.3,65.1,26.0,33.8,27.3,22.0,2.01,4.4,631,0
29.9,86.8,33.4,41.3,20.6,8.3,1.46,10.6,295,0
30.6,93.2,5.5,9.5,28.7,15.3,1.41,5.9,393,0
36.6,68.4,28.3,42.4,44.2,6.6,2.11,3.8,726,0
28.2,50.1,8.9,16.9,17.6,0.8,1.05,10.4,291,1
42.1,87.0,83.5,97.7,42.5,5.3,2.18,11.6,712,0
25.6,49.2,1.5,5.8,10.9,3.8,1.04,15.7,293,1
35.9,98.2,11.4,18.9,54.1,32.5,2.71,3.9,560,0
31.5,71.1,20.4,35.1,39.2,10.9,2.11,10.5,562,0
41.1,71.6,6.9,30.1,37.9,8.3,1.8,3.8,713,0
25.6,66.5,8.5,14.5,12.9,3.7,0.94,13.2,354,1
24.9,47.8,3.3,7.8,17.1,6.7,1.05,13.4,581,1
24.8,58.3,13.8,19.1,14.5,9.5,1.0,12.2,437,1
27.6,73.0,9.8,18.7,29.8,19.9,1.62,4.6,705,0
32.4,80.4,36.4,52.2,36.8,21.1,1.76,9.0,643,0
34.4,72.7,26.3,39.6,29.3,14.9,1.51,9.0,439,0
27.8,49.2,9.9,14.9,23.8,7.4,1.04,10.5,441,1
41.7,93.9,8.3,22.4,36.1,22.3,2.06,3.8,497,0
30.2,61.0,21.4,31.3,18.7,7.4,1.48,6.9,638,0
27.1,51.4,33.1,36.6,12.1,8.4,1.03,11.1,241,1
40.3,89.3,193.1,212.6,39.0,18.2,2.32,10.2,758,0
24.4,77.3,19.6,24.8,41.2,17.6,1.85,3.8,656,0
28.9,56.2,30.9,40.8,23.7,9.1,1.63,6.4,572,0
26.6,38.3,9.7,14.7,20.3,5.2,1.07,11.4,375,1
24.4,48.1,14.8,19.8,24.5,4.3,0.87,12.0,381,1
27.4,44.7,12.7,22.1,22.0,8.7,1.18,5.8,363,0
32.8,90.8,3.6,15.0,33.4,25.2,1.6,4.0,643,0
36.6,49.9,2.0,14.5,30.5,9.1,1.29,5.4,565,0
35.7,73.1,2.8,7.9,26.9,14.5,1.77,6.2,421,0
31.0,76.0,64.6,88.8,43.9,4.1,2.35,4.9,804,0
36.7,81.2,17.3,37.3,32.9,17.5,1.9,4.0,445,0
24.2,55.2,11.6,28.8,24.8,9.9,1.5,7.8,350,0
29.6,53.4,2.6,9.9,22.2,4.6,1.09,13.7,297,1
33.0,56.9,17.9,20.6,33.1,7.0,1.84,5.6,606,0
20.9,69.9,0.4,6.7,23.2,4.4,0.87,15.2,520,1
25.7,42.0,10.0,17.4,22.7,7.2,1.16,10.4,384,1
30.0,87.5,33.8,43.1,28.7,12.2,1.63,6.3,561,0
23.7,73.8,3.1,4.2,11.1,4.1,0.97,14.5,447,1
21.2,64.0,0.8,7.1,15.7,4.7,0.87,13.1,456,1
23.1,43.9,5.9,8.1,20.4,5.4,1.06,11.1,564,1
21.7,53.2,10.9,15.2,25.4,6.7,1.02,16.2,301,1
23.5,46.1,2.8,8.1,24.4,6.4,1.09,11.9,357,1
39.2,73.7,23.5,44.1,43.7,15.4,2.49,3.0,787,0
37.3,59.7,12.2,26.6,37.7,24.1,2.25,4.1,640,0
32.9,110.4,20.8,40.4,32.0,25.8,2.5,5.0,775,0
32.9,63.2,13.1,24.0,23.1,4.1,1.32,11.1,522,0
32.5,55.7,5.6,10.7,26.0,12.7,1.54,5.7,298,0
37.6,90.9,76.1,78.8,38.6,11.1,1.74,4.7,506,0
24.0,45.4,0.8,6.6,13.5,5.0,1.11,12.1,603,1
33.1,69.0,6.8,15.0,36.9,15.0,1.55,3.7,712,0
33.6,46.6,4.1,9.1,21.0,5.8,0.92,13.8,204,1
23.9,56.6,43.9,53.1,16.5,7.1,1.13,10.8,520,1
32.0,71.7,7.6,19.2,22.9,10.4,1.28,5.4,560,0
20.5,56.2,3.8,10.4,12.3,3.1,0.98,14.5,459,1
26.8,60.5,1.3,9.1,16.4,4.6,0.94,11.5,359,1
29.7,75.5,27.5,33.0,23.8,8.2,1.32,7.3,554,0
28.5,66.5,42.6,52.4,23.2,9.6,1.63,7.9,463,0
36.2,95.0,9.8,31.8,34.3,24.1,2.12,6.9,681,0
20.9,50.7,0.7,7.2,11.5,3.2,0.82,12.2,298,1
26.4,58.4,10.6,15.2,26.4,6.8,1.0,10.0,350,1
28.4,38.8,1.8,8.4,10.5,5.6,0.99,12.5,560,1
24.1,67.6,2.9,8.9,10.8,4.4,0.96,12.4,480,1
41.3,82.5,51.7,59.3,29.5,8.0,1.61,5.3,479,0
25.9,44.8,1.7,7.4,24.4,6.4,0.97,10.4,574,1
26.7,56.9,5.8,10.7,17.3,5.7,0.83,10.9,257,1
30.7,76.4,13.8,18.9,23.5,2.8,0.9,12.9,302,1
38.3,86.8,38.0,50.8,22.5,7.1,1.41,5.4,311,0
24.2,58.2,35.6,39.3,16.7,5.0,0.92,10.6,360,1
40.9,81.8,0.7,15.7,27.7,17.9,1.82,5.9,577,0
16.4,46.2,16.8,20.2,16.0,1.6,0.8,14.4,189,1
31.1,75.3,1.5,4.9,21.1,2.0,1.14,10.5,337,1
27.8,94.0,44.7,59.3,29.8,12.5,1.46,5.7,687,0
26.5,59.9,92.7,98.0,25.4,-0.5,0.92,11.6,485,1
22.0,69.7,32.0,34.7,28.9,3.8,1.21,10.6,239,1
40.1,61.7,2.3,17.0,31.4,21.5,2.13,4.8,788,0
24.1,70.9,5.0,9.7,17.4,2.2,0.97,13.7,366,1
31.6,55.9,22.2,30.6,22.9,8.2,1.46,6.4,581,0
31.8,106.5,18.7,34.3,32.8,19.2,2.79,4.1,670,0
33.2,76.0,78.8,87.1,27.7,13.1,1.36,9.0,679,0
31.2,75.2,56.6,62.7,23.7,15.6,1.4,5.8,480,0
24.1,43.5,0.0,5.1,13.8,5.2,0.91,11.8,399,1
27.1,101.5,8.8,6.7,44.8,28.1,2.34,2.8,645,0
27.7,54.0,17.6,23.2,24.6,11.1,1.27,7.8,638,0
29.2,60.8,28.6,47.1,32.4,25.0,1.41,4.9,611,0
27.1,50.4,45.6,51.1,14.3,6.4,1.1,10.3,371,1
36.3,71.7,3.7,10.5,27.1,6.6,1.29,5.6,488,0
27.7,76.3,12.7,17.5,24.9,7.8,1.02,11.5,536,1
39.3,67.4,12.1,19.7,22.3,7.5,1.75,5.1,514,0
25.0,77.9,2.1,8.6,12.3,-0.3,1.09,14.1,269,1
24.3,67.2,7.3,11.5,24.4,4.0,1.14,11.3,277,1
38.6,80.8,52.5,73.9,38.4,27.2,2.16,4.2,707,0
22.7,69.7,9.6,24.8,32.8,14.1,1.45,5.2,607,0
24.0,57.3,0.0,4.7,28.2,5.7,0.89,10.9,442,1
31.3,89.8,19.2,37.7,31.6,36.8,2.72,3.4,532,0
33.7,98.2,51.8,64.9,35.3,8.9,2.29,6.4,685,0
22.3,74.3,6.5,10.9,20.7,7.6,0.92,13.0,210,1
27.0,45.8,1.7,6.0,13.0,6.9,0.92,10.9,233,1
23.5,66.6,13.7,20.0,20.2,5.9,0.77,11.3,347,1
37.0,59.3,20.7,31.3,25.3,8.6,1.22,7.5,430,0
21.0,90.0,57.9,74.0,19.4,17.1,1.93,3.7,498,0
26.9,45.5,15.2,19.5,13.8,6.2,0.91,11.5,239,1
27.4,67.5,32.7,40.7,21.2,4.6,1.57,6.8,458,0
32.3,63.1,3.0,12.2,18.1,12.3,1.36,10.4,314,0
33.1,80.3,2.6,8.1,29.5,16.8,1.37,5.3,584,0
27.5,88.9,40.1,68.0,32.1,13.8,2.25,4.8,413,0
36.7,103.1,7.3,25.2,52.7,14.7,2.52,2.6,594,0
23.6,51.9,11.0,13.6,27.9,4.3,1.2,12.1,474,1
23.1,67.4,11.5,26.7,18.0,10.9,1.83,6.5,332,0
29.4,72.4,4.1,7.5,27.6,3.8,1.58,3.6,629,0
23.4,60.7,9.9,14.5,22.3,4.9,0.9,13.2,329,1
30.3,84.5,14.1,28.8,31.1,21.1,1.42,12.1,506,0
21.5,54.4,24.5,28.6,17.8,5.5,0.91,10.9,289,1
24.4,48.1,21.9,29.7,11.1,12.7,0.97,10.6,572,1
32.6,58.9,30.8,38.8,30.9,17.5,1.85,4.9,448,0
34.3,81.2,32.2,47.1,31.7,16.5,1.71,3.9,507,0
35.2,82.6,24.9,43.4,36.3,8.1,1.99,5.7,419,0
25.8,52.3,35.6,56.7,28.9,6.9,1.2,5.4,535,0
39.3,84.6,69.1,91.7,32.7,16.5,1.85,4.3,513,0
29.1,65.7,1.2,5.7,25.5,5.5,0.95,11.3,576,1
25.4,72.7,11.9,15.3,20.6,8.3,1.46,6.8,503,0
18.9,84.5,7.7,23.8,37.2,16.1,1.76,5.1,691,0
34.1,53.4,31.9,44.3,28.7,16.6,1.54,7.5,622,0
28.5,58.2,1.5,9.5,17.1,4.8,0.83,10.7,376,1
31.7,58.9,36.2,39.9,20.5,5.7,0.94,14.0,565,1
40.1,62.1,47.7,67.7,31.6,-4.1,2.54,4.9,570,0
35.4,120.5,47.7,61.2,49.3,24.2,2.36,5.2,662,0
31.5,51.8,30.4,41.3,28.9,10.9,1.34,5.6,565,0
26.2,51.7,3.5,9.0,27.6,5.7,0.98,10.1,542,1
44.3,59.3,6.0,17.3,28.9,10.5,1.79,5.1,643,0
44.5,79.6,41.4,53.1,38.4,21.8,2.44,4.7,837,0
25.9,79.1,16.3,22.0,18.4,2.7,0.9,10.3,387,1
24.9,83.1,24.5,34.6,18.7,9.8,1.58,7.5,529,0
22.8,73.0,0.6,5.4,24.1,4.2,0.87,10.6,381,1
32.1,80.3,13.7,28.6,37.0,14.9,1.76,4.7,807,0
26.2,63.2,12.7,26.2,27.1,14.3,1.92,5.8,509,0
35.7,94.8,13.5,38.4,33.2,11.0,1.65,3.9,749,0
28.2,39.4,6.3,11.6,26.2,7.1,0.92,15.2,289,1
24.6,46.5,2.7,9.2,18.4,3.8,1.09,10.2,296,1
31.8,90.8,11.0,19.1,35.1,8.3,2.1,4.2,513,0
27.4,82.9,13.2,31.2,25.9,9.7,1.23,6.0,539,0
27.7,51.1,16.1,20.2,26.0,6.0,0.99,10.6,562,1
33.6,84.2,186.7,209.8,36.8,13.4,2.57,5.8,879,0
32.7,63.2,34.4,39.6,28.8,11.0,1.54,7.2,296,0
39.3,92.3,16.0,36.1,51.6,23.9,2.3,7.3,476,0
33.7,82.4,2.1,9.9,26.7,15.0,1.51,8.8,407,0
46.1,105.2,56.5,70.0,22.8,25.6,2.41,6.8,524,0
21.5,65.3,13.8,19.2,12.5,5.7,1.05,11.2,230,1
24.3,62.7,6.6,15.4,22.5,10.9,0.92,10.4,437,1
24.5,63.2,2.0,8.7,22.9,5.0,1.07,12.3,561,1
31.0,66.8,8.7,16.8,25.0,22.1,1.4,5.9,798,0
17.0,78.5,19.2,23.3,14.8,0.6,1.07,13.0,501,1
35.7,80.2,35.0,45.9,32.0,9.3,1.59,5.5,531,0
20.1,66.0,1.0,3.5,17.0,2.6,1.02,10.6,573,1
26.6,75.1,18.7,32.7,31.1,19.6,1.73,6.8,415,0
32.7,88.6,21.4,45.0,28.7,11.7,1.96,6.0,482,0
39.0,89.4,55.3,80.7,45.1,6.7,1.83,9.2,792,0
20.3,64.8,37.3,42.7,21.4,3.2,1.03,10.0,335,1
33.7,57.2,20.3,33.5,27.5,15.6,1.74,5.3,531,0
24.7,79.4,36.3,47.9,21.0,9.9,1.67,10.3,549,0
32.6,87.0,13.2,31.4,27.2,14.7,1.61,6.1,331,0
24.9,76.0,32.1,41.6,16.2,17.7,1.49,6.0,612,0
34.5,105.1,7.5,31.7,54.9,18.4,2.99,5.2,561,0
27.2,53.8,37.7,44.2,18.2,4.6,0.89,13.7,197,1
27.6,44.8,9.8,10.1,19.2,4.9,1.01,10.8,407,1
36.3,60.8,19.8,29.7,22.1,14.6,1.27,16.3,495,0
38.5,96.6,1.0,29.0,56.8,25.8,3.02,5.7,571,0
33.9,78.3,16.5,31.2,30.4,19.8,1.73,4.0,411,0
26.3,70.5,5.7,18.9,31.5,11.7,1.24,5.4,645,0
33.2,92.5,20.0,35.6,37.4,6.9,1.62,4.1,655,0
26.0,85.9,0.6,12.5,25.0,6.1,2.0,6.5,544,0
35.1,81.6,1.7,11.2,35.3,15.5,1.72,16.6,438,0
25.1,61.9,10.8,17.0,13.3,1.1,0.87,10.7,401,1
34.3,77.6,6.9,14.1,29.1,17.0,1.87,5.4,694,0
33.3,92.2,5.0,25.3,29.8,19.7,1.41,3.9,494,0
26.8,65.2,9.7,15.8,13.4,7.7,0.81,12.8,282,1
28.4,86.1,10.8,26.9,26.7,10.8,1.26,5.5,674,0
38.0,70.0,108.8,132.1,23.3,21.9,2.28,8.1,616,0
38.2,69.1,37.4,49.4,21.7,10.0,1.82,5.1,540,0
31.3,80.6,19.6,32.6,31.8,3.6,2.53,3.3,662,0
25.2,62.9,4.1,12.3,27.6,8.4,1.03,10.9,276,1
40.4,101.8,40.1,55.1,29.8,2.7,2.18,4.1,446,0
23.9,54.6,0.8,5.8,18.0,-0.6,0.92,13.2,363,1
28.4,73.5,11.6,33.0,37.6,20.2,1.56,7.7,642,0
27.4,52.2,14.5,18.2,12.9,2.5,1.13,11.1,560,1
31.8,49.6,35.1,41.7,13.8,0.6,1.17,10.1,428,1
27.6,69.8,16.8,30.0,27.7,8.9,1.74,12.2,564,0
23.1,77.7,5.6,11.8,21.2,4.5,0.9,10.5,385,1
40.9,76.9,153.9,176.5,37.4,18.5,3.4,5.3,821,0
35.0,72.8,74.5,92.2,38.8,19.9,2.27,3.0,623,0
29.5,60.6,1.0,18.5,26.1,7.5,1.55,8.9,438,0
25.1,51.5,5.2,14.8,27.3,8.4,1.7,8.8,551,0
34.9,78.5,2.8,19.1,29.1,17.8,1.47,6.0,534,0
25.7,68.7,12.4,16.9,10.0,6.0,1.24,10.3,470,1
29.9,45.5,6.8,14.3,19.4,9.4,0.98,11.5,536,1
28.5,63.1,7.0,11.9,31.0,11.7,1.28,7.6,663,0
30.3,52.8,2.9,12.3,20.8,6.1,1.12,5.2,642,0
24.8,78.7,17.4,21.7,24.2,3.4,0.74,12.6,580,1
25.9,63.5,15.9,23.5,29.6,11.2,1.44,6.0,394,0
28.1,67.7,26.4,34.1,22.8,4.9,0.86,13.6,238,1
24.5,70.4,2.2,9.0,10.9,5.1,0.94,14.6,228,1
24.3,77.6,16.9,29.0,34.7,8.9,1.22,9.0,316,0
38.9,61.8,28.1,52.2,48.8,22.7,2.19,5.6,538,0
29.7,81.9,2.8,12.1,34.9,14.3,1.69,5.4,464,0
34.1,76.7,3.5,10.5,21.9,3.9,1.23,10.4,299,1
36.6,97.4,13.3,31.4,28.7,28.5,2.04,3.4,678,0
21.9,67.3,12.2,16.1,24.1,4.8,0.92,10.3,244,1
28.6,84.4,17.7,33.8,34.3,21.7,2.42,4.0,712,0
32.8,74.0,10.1,15.5,26.7,5.7,0.85,11.2,199,1
38.2,59.2,3.9,19.5,23.6,10.1,1.39,13.5,648,0
31.7,70.0,8.4,19.9,24.7,9.8,1.35,6.7,438,0
37.3,77.6,20.0,22.4,30.0,14.8,1.92,4.5,516,0
24.0,64.7,6.5,10.9,18.4,1.9,1.0,10.6,455,1
28.7,59.3,6.3,16.3,22.3,5.7,1.03,10.8,213,1
27.8,76.1,1.9,10.1,39.1,4.5,1.97,5.6,479,0
39.8,82.0,14.1,22.2,32.7,12.8,1.26,5.3,457,0
30.8,88.9,27.8,32.7,31.2,13.5,1.68,5.6,494,0
36.5,90.3,5.1,31.6,27.9,10.5,2.12,5.1,630,0
32.6,64.2,48.1,51.6,30.2,15.1,1.54,5.7,355,0
29.6,88.9,16.3,23.7,18.7,9.6,1.37,6.9,498,0
35.2,80.2,13.2,19.1,36.4,21.5,1.69,4.7,546,0
23.2,72.9,29.3,39.3,20.6,7.2,1.36,5.4,299,0
37.2,98.9,37.7,57.5,54.3,30.6,2.45,5.1,572,0
18.5,54.2,11.8,19.9,12.9,5.5,1.14,10.1,314,1
32.6,69.9,5.7,14.7,11.3,6.9,0.99,10.6,536,1
32.8,71.6,23.3,30.3,23.4,16.8,1.75,7.4,632,0
24.4,53.9,8.0,13.3,17.0,5.3,0.84,10.8,335,1
21.9,74.0,14.4,19.4,17.5,4.3,1.07,10.1,483,1
30.4,60.3,11.3,11.9,24.9,3.7,1.44,6.7,635,0
45.9,84.1,40.0,58.3,42.0,25.9,1.94,2.6,951,0
31.0,42.0,8.4,12.3,15.1,7.3,0.88,11.8,594,1
27.4,79.5,27.5,31.7,31.0,11.2,1.35,5.3,367,0
34.1,80.0,14.6,22.3,26.1,16.2,1.7,5.7,321,0
31.8,81.3,3.4,12.6,20.9,13.5,1.19,5.6,494,0
28.7,66.8,7.3,15.0,17.2,15.1,1.28,5.6,593,0
29.9,46.2,5.9,12.2,13.3,4.7,0.99,10.0,377,1
30.8,66.2,25.8,28.9,18.1,6.8,1.0,5.2,603,0
26.4,66.0,3.5,14.4,23.7,7.0,1.74,5.0,511,0
25.2,85.8,47.2,55.6,25.4,11.5,1.35,7.8,337,0
19.7,68.0,4.7,8.4,24.8,5.5,0.77,10.6,297,1
25.4,77.4,4.4,16.3,23.9,11.2,1.5,5.6,652,0
28.8,82.8,25.1,43.8,25.7,25.7,1.85,4.2,623,0
19.7,42.8,13.1,20.8,21.3,3.5,0.96,11.3,452,1
30.2,86.5,6.2,20.8,35.9,18.1,2.03,4.8,420,0
23.6,42.9,24.6,27.4,21.3,6.7,0.88,10.9,562,1
31.0,73.1,23.4,32.4,31.7,12.9,1.57,6.1,464,0
24.1,61.0,10.3,15.5,20.0,4.1,0.94,14.3,203,1
32.5,75.0,55.6,61.0,29.6,9.7,1.7,5.8,455,0
36.2,71.8,65.2,79.4,16.6,25.8,3.29,4.6,493,0
27.9,65.4,88.9,96.5,35.9,11.4,1.99,8.2,718,0
21.9,69.6,7.1,9.6,24.7,2.6,1.11,12.7,423,1
29.3,79.8,3.9,13.9,21.9,6.4,1.72,7.0,337,0
28.3,64.4,5.8,11.8,20.5,4.0,0.98,11.6,485,1
23.4,67.7,55.9,57.8,20.9,6.9,0.93,11.2,364,1
26.1,73.1,65.9,69.0,30.2,11.2,1.6,5.7,529,0
39.1,85.2,7.1,27.9,35.5,8.9,2.21,3.8,622,0
36.9,106.5,23.1,34.7,37.4,24.3,2.3,2.7,726,0
33.4,69.8,5.8,14.5,38.2,8.4,1.66,12.0,444,0
24.3,74.5,2.4,8.1,26.0,7.9,1.09,12.8,329,1
30.7,80.5,19.9,34.2,19.9,8.4,1.43,6.8,527,0
24.0,56.3,89.6,98.3,24.6,10.8,1.14,5.4,538,0
26.8,50.5,3.5,7.3,12.3,4.8,1.15,12.3,262,1
30.9,78.3,10.5,24.0,35.2,15.4,1.35,11.6,326,0
25.8,70.1,7.1,10.7,26.5,4.1,0.94,11.2,344,1
29.3,67.6,11.4,16.8,26.7,9.1,0.83,10.9,488,1
33.2,67.6,28.0,36.5,30.3,19.0,1.99,3.8,571,0
37.7,78.2,22.0,25.8,17.9,9.3,1.97,6.0,697,0
27.2,75.0,2.6,15.4,23.5,10.7,1.31,6.2,500,0
33.4,88.2,74.2,91.6,40.3,15.0,1.83,5.5,656,0
23.0,79.9,0.3,9.8,23.0,10.2,1.73,8.9,264,0
23.6,49.7,10.3,14.0,17.9,5.5,0.87,10.9,595,1
43.1,102.0,1.5,12.4,31.9,18.9,2.2,3.9,492,0
29.6,74.8,15.3,28.4,20.2,10.4,1.45,5.6,373,0
23.4,86.5,6.0,21.3,21.1,20.9,2.44,6.3,505,0
31.4,76.2,4.6,20.9,26.2,11.3,1.49,6.8,296,0
31.7,78.9,18.4,33.4,37.2,12.4,1.3,6.3,500,0
44.3,88.4,2.6,13.3,35.0,16.2,2.31,4.8,757,0
24.3,76.5,27.1,34.1,23.4,3.1,0.98,11.0,387,1
21.9,71.4,15.0,19.3,18.2,1.6,1.0,18.8,505,1
36.3,54.9,66.3,75.5,25.3,13.4,1.29,6.1,413,0
37.3,86.8,41.6,62.9,33.0,20.0,2.09,5.1,734,0
21.2,55.9,7.8,10.7,19.7,7.6,1.14,12.1,436,1
24.4,67.7,0.3,4.3,17.0,6.9,0.93,13.3,370,1
27.1,88.3,20.9,25.4,35.1,4.5,1.75,6.1,506,0
35.0,101.3,108.6,124.5,38.5,11.8,2.22,4.4,511,0
23.2,51.7,49.0,56.7,17.7,21.3,1.59,7.4,621,0
39.6,72.4,17.7,29.3,38.1,21.8,2.31,3.3,790,0
26.2,36.9,4.4,10.8,26.0,3.2,1.0,21.8,221,1
27.4,73.3,4.1,8.8,17.5,2.8,1.14,12.3,337,1
26.4,53.4,23.2,33.9,17.2,9.9,1.29,7.5,392,0
29.1,52.3,15.2,32.4,25.4,8.8,1.47,6.4,663,0
31.5,48.2,6.7,11.7,15.6,3.7,1.29,11.6,269,1
30.6,71.3,12.1,16.0,14.8,5.5,1.01,10.6,500,1
29.0,70.1,28.8,40.1,23.1,0.8,1.54,7.0,531,0
39.2,47.2,7.8,13.0,31.6,12.5,1.85,8.8,371,0
32.5,80.7,27.8,41.2,41.6,12.9,1.74,4.2,623,0
36.2,62.4,34.7,53.1,22.8,7.8,1.27,6.7,407,0
24.5,47.0,7.0,10.9,25.6,7.9,0.86,11.1,458,1
48.4,89.1,14.7,32.7,52.0,0.0,2.59,2.6,664,0
31.2,50.6,73.4,84.9,29.4,7.4,1.34,6.4,578,0
28.9,69.2,9.7,20.5,29.3,6.5,1.29,5.0,552,0
27.0,86.7,4.7,20.1,28.6,8.9,1.74,9.6,653,0
23.1,72.0,0.4,7.5,13.9,8.1,0.95,10.2,310,1
38.8,78.7,3.1,21.2,43.4,16.0,2.02,3.6,772,0
25.3,64.5,30.9,47.8,27.8,11.3,1.63,5.3,389,0
41.2,80.2,10.8,34.5,25.7,11.4,2.08,3.7,714,0
26.6,67.8,11.2,12.1,28.3,4.1,1.01,11.9,551,1
33.6,67.3,25.8,34.1,29.3,16.5,1.55,3.8,425,0
43.7,89.5,5.3,18.6,36.3,7.7,1.83,4.0,656,0
29.0,73.7,13.5,19.5,17.1,10.8,1.55,10.2,499,0
29.9,74.6,5.4,10.0,18.3,3.4,0.98,12.7,263,1
41.7,91.4,45.2,63.7,34.2,26.8,2.53,3.2,887,0
24.5,51.9,14.5,21.4,13.4,3.7,1.08,11.3,379,1
27.9,89.6,11.5,8.6,21.7,15.8,1.27,5.2,618,0
18.5,51.6,3.8,6.4,26.3,8.3,1.17,10.6,215,1
26.5,60.2,10.0,17.4,25.4,5.2,1.51,6.6,432,0
29.3,63.2,12.7,25.8,23.3,16.6,2.15,4.2,839,0
25.2,44.3,5.5,12.4,22.0,3.4,1.06,10.1,470,1
38.2,48.5,77.8,86.9,37.9,15.7,1.93,4.7,438,0
25.0,87.2,4.0,6.4,32.9,9.4,1.57,5.9,662,0
31.0,75.0,8.9,17.1,30.1,5.3,1.72,3.7,531,0
26.2,65.8,12.5,16.9,14.7,3.5,0.92,12.0,432,1
26.5,54.1,12.3,15.3,20.3,5.3,0.99,12.7,374,1
28.2,52.0,15.9,19.6,21.0,5.3,1.16,19.4,496,1
31.1,64.9,3.7,11.2,21.3,7.9,1.02,11.5,233,1
29.9,60.8,88.5,93.5,16.5,4.9,1.7,7.1,454,0
22.0,52.2,12.3,19.1,27.3,4.9,0.86,12.0,316,1
20.3,56.2,21.8,28.8,18.9,2.7,0.96,10.2,335,1
27.5,69.6,23.3,31.1,37.9,9.4,1.57,7.5,505,0
26.2,60.0,41.2,58.0,26.4,22.2,1.54,11.0,609,0
32.1,89.0,1.0,18.5,32.4,9.8,1.95,6.8,545,0
29.4,72.5,12.0,15.1,26.6,9.9,1.47,8.5,487,0
31.8,85.7,12.3,13.9,20.6,15.5,1.21,5.1,372,0
24.1,60.2,2.5,10.1,23.2,5.0,0.79,11.2,488,1
33.9,83.1,18.1,42.9,36.4,24.7,1.95,3.5,749,0
25.0,68.6,9.8,13.2,23.1,4.2,0.98,11.1,578,1
26.5,54.9,0.9,3.5,12.6,6.1,1.01,14.5,368,1
29.3,75.2,14.7,27.1,27.9,11.5,1.56,5.3,428,0
18.9,57.2,6.0,9.6,19.3,1.1,0.93,12.4,409,1
32.4,62.2,39.6,52.6,28.7,15.8,1.33,6.1,463,0
34.6,69.0,49.0,62.9,26.9,12.1,2.2,6.0,721,0
32.1,80.5,0.6,13.3,25.9,20.0,1.59,9.0,403,0
23.2,73.9,1.6,5.5,13.8,4.2,0.98,14.0,494,1
32.4,93.5,31.6,45.9,32.9,13.6,2.15,6.6,482,0
27.2,70.5,37.6,41.9,18.9,13.9,1.68,8.2,579,0
32.8,51.1,8.0,13.4,13.3,4.6,0.93,11.9,410,1
25.8,76.0,9.3,13.3,18.8,4.0,0.89,13.3,321,1
37.7,78.2,9.2,18.9,35.2,9.7,1.49,5.3,318,0
25.7,78.3,1.2,8.0,18.5,5.3,1.09,16.4,526,1
29.6,65.3,13.3,19.6,16.0,5.1,1.01,15.5,198,1
32.2,79.4,4.0,11.0,32.9,10.9,1.25,9.5,651,0
22.4,46.5,7.1,12.7,27.8,3.4,0.92,10.9,473,1
24.4,70.5,28.9,39.2,18.7,5.9,0.95,12.9,342,1
33.3,94.3,37.2,41.0,35.3,11.8,2.33,8.5,770,0
27.8,70.7,16.4,21.2,21.0,8.7,1.27,9.7,377,0
35.5,73.2,45.6,49.2,31.7,11.6,1.44,5.6,444,0
31.7,67.7,7.0,11.0,26.8,7.0,1.18,10.4,530,1
31.7,61.4,7.9,20.8,27.7,12.6,1.68,7.5,574,0
26.8,39.3,10.0,12.5,20.9,5.7,1.0,10.6,494,1
31.1,67.6,2.2,5.5,11.3,0.8,1.12,10.8,344,1
27.9,59.3,45.9,56.0,27.0,6.7,1.4,6.7,633,0
32.6,77.3,12.9,33.1,38.9,8.3,1.86,4.3,529,0
28.3,74.9,2.1,10.2,26.3,8.3,1.59,5.1,342,0
28.5,57.3,18.4,34.9,32.7,13.9,2.54,5.0,486,0
26.9,79.7,17.3,27.3,27.2,0.0,1.45,7.5,575,0
32.0,58.7,5.2,8.9,19.0,3.0,1.01,11.1,437,1
26.6,44.0,3.5,7.1,23.9,7.2,0.97,11.0,417,1
23.3,55.0,2.0,12.5,19.2,5.7,1.12,10.6,339,1
24.3,92.5,25.8,32.4,30.8,13.7,1.69,6.0,268,0
23.6,46.8,3.1,8.1,12.2,3.2,1.06,10.2,543,1
26.3,74.2,0.1,10.9,32.6,10.4,1.38,7.7,511,0
21.4,42.0,3.6,6.6,19.7,1.3,1.07,20.0,473,1
29.6,86.1,6.7,30.2,36.4,25.8,2.49,4.0,632,0
32.2,65.9,1.3,20.9,46.3,21.0,1.82,4.8,634,0
44.7,100.3,79.8,104.0,51.0,17.9,2.62,4.9,574,0
25.8,87.9,7.3,19.7,30.0,16.8,1.38,5.5,326,0
43.2,110.8,36.4,55.4,42.4,16.8,2.38,4.6,531,0
26.6,68.5,10.4,16.2,25.7,2.2,0.85,10.9,231,1
19.4,54.5,15.7,33.5,19.9,11.7,1.79,5.3,362,0
31.9,68.5,7.2,19.3,20.7,1.9,1.46,12.4,537,0
42.3,70.3,22.5,33.9,32.1,22.0,2.82,9.5,672,0
22.0,71.9,6.8,9.7,24.7,7.3,1.06,10.5,542,1
25.7,57.0,16.2,21.2,19.2,0.1,1.0,10.8,323,1
35.9,69.4,25.0,38.3,25.9,12.0,1.72,5.6,549,0
30.2,91.2,6.4,13.6,25.8,10.8,1.54,7.3,685,0
37.2,91.7,111.0,117.2,28.8,6.9,1.43,9.5,645,0
32.3,69.5,0.4,10.8,32.6,8.2,1.35,5.8,643,0
42.1,59.8,6.5,22.9,24.8,9.0,1.54,5.9,383,0
27.3,57.7,4.9,10.6,17.9,1.4,0.92,12.8,397,1
25.4,45.4,1.9,9.7,26.4,7.4,1.02,13.8,558,1
28.1,89.9,31.9,39.6,21.3,15.8,1.72,5.6,697,0
36.1,82.0,6.8,15.7,31.5,12.7,2.43,3.7,767,0
29.4,68.8,22.8,25.4,14.3,5.7,1.07,12.2,358,1
45.8,62.3,36.2,54.1,32.3,19.0,2.8,4.3,616,0
28.2,63.5,0.7,13.0,27.3,9.4,1.65,7.6,531,0
26.7,67.6,3.9,7.9,23.5,6.2,0.99,10.4,366,1
24.4,79.0,7.5,10.3,28.1,4.6,1.49,5.7,473,0
31.4,97.3,70.4,97.4,39.2,20.8,1.83,5.3,480,0
33.7,49.4,28.2,36.7,41.2,16.3,1.85,3.5,568,0
29.7,61.4,18.3,31.4,30.6,17.0,1.42,5.2,396,0
28.7,80.8,16.6,27.3,34.8,15.0,1.75,5.3,446,0
26.1,58.4,9.8,16.3,25.6,7.1,0.89,14.8,458,1
39.7,95.9,70.7,74.9,30.8,18.3,2.3,3.7,422,0
28.0,88.7,13.5,25.9,23.7,18.5,0.94,8.6,546,0
31.8,62.9,116.1,127.6,30.0,10.2,2.26,3.8,790,0
28.3,39.7,52.1,56.7,28.9,0.6,0.99,15.1,384,1
27.9,87.6,22.8,38.3,27.4,4.9,1.42,6.3,443,0
37.8,64.8,0.2,23.6,17.8,6.6,1.71,5.2,643,0
32.2,83.0,40.7,55.0,18.8,3.3,1.76,3.9,669,0
22.2,78.5,5.7,7.5,19.7,5.0,1.15,13.1,514,1
32.5,85.1,24.8,46.3,29.1,13.2,1.89,5.9,599,0
19.8,53.7,17.0,19.9,15.9,7.0,1.04,10.8,564,1
28.5,47.7,0.0,5.3,26.2,2.6,1.13,12.2,474,1
32.7,56.0,57.9,68.6,22.9,15.7,1.32,6.7,542,0
28.5,59.7,7.7,15.5,25.6,21.4,1.46,5.3,423,0
34.2,51.9,4.1,11.6,14.5,5.4,1.17,10.2,421,1
33.2,80.6,18.5,32.1,23.0,21.3,1.84,5.4,793,0
37.2,111.3,0.2,8.8,31.9,18.5,2.12,7.7,753,0
27.5,81.3,36.0,45.5,21.3,12.7,1.66,7.7,395,0
29.7,46.7,0.4,12.9,33.2,4.5,1.63,5.2,541,0
26.6,72.4,30.3,31.5,22.5,4.4,1.05,11.8,320,1
32.3,91.2,1.7,15.7,33.5,7.2,2.33,7.2,535,0
26.7,66.0,0.5,5.4,20.9,-0.6,0.87,10.1,422,1
45.4,104.7,134.5,155.1,46.3,23.4,3.36,8.5,736,0
31.9,70.1,5.5,17.5,44.2,17.2,1.65,4.1,506,0
27.4,63.2,24.9,35.3,30.7,8.8,1.5,5.6,631,0
34.2,72.1,5.8,15.9,25.5,16.0,2.72,5.3,560,0
30.4,48.7,0.1,6.6,24.2,9.1,1.63,6.1,536,0
28.7,63.2,10.7,16.8,22.0,6.4,0.76,15.0,319,1
24.8,60.1,0.1,1.7,17.5,5.9,0.99,13.3,457,1
30.8,85.8,27.0,29.1,18.5,11.0,1.54,8.7,466,0
28.4,48.3,13.5,15.7,18.2,4.1,1.2,10.2,503,1
28.2,55.4,3.4,13.1,18.2,3.8,1.2,6.6,296,0
23.6,55.5,1.2,2.2,24.5,9.7,1.03,10.5,349,1
27.5,76.2,16.6,24.3,32.4,17.8,1.97,5.2,577,0
24.7,46.2,22.9,25.0,14.4,5.0,0.78,10.1,356,1
22.1,64.6,13.1,17.7,15.6,4.9,0.99,10.5,468,1
32.9,97.0,10.0,32.7,39.7,12.4,2.24,4.3,640,0
38.5,81.3,43.9,52.4,39.8,8.6,1.55,3.5,670,0
46.4,63.7,17.3,28.0,46.5,14.6,2.26,4.2,658,0
30.2,62.1,40.2,47.5,20.3,14.7,1.76,5.1,574,0
41.7,64.8,2.3,11.2,22.4,7.6,1.22,6.6,452,0
40.9,80.9,13.5,26.8,37.5,16.2,2.38,3.8,630,0
50.4,85.1,8.9,33.5,36.5,19.2,2.4,4.4,778,0
23.8,54.2,2.6,5.1,18.7,6.8,1.12,12.2,351,1
27.2,90.5,13.9,22.7,26.6,12.8,1.29,7.6,616,0
50.1,108.2,43.1,63.3,53.7,15.2,1.94,7.6,722,0
23.2,60.0,4.7,7.3,26.3,7.5,0.98,11.5,535,1
20.2,61.3,21.3,25.9,14.1,7.1,0.91,10.5,577,1
22.0,50.9,23.6,28.9,19.0,4.6,1.02,10.1,303,1
29.1,52.6,14.0,18.7,17.6,7.7,1.04,10.4,456,1
41.9,75.9,12.6,26.2,41.2,34.1,3.04,7.0,543,0
21.7,50.0,21.5,25.1,12.2,7.0,1.13,11.1,311,1
41.3,85.7,66.1,93.4,40.0,16.4,1.29,3.5,424,0
28.1,39.9,2.8,7.6,18.2,4.8,1.08,10.8,470,1
25.5,43.5,5.2,9.6,24.4,8.8,0.98,11.4,284,1
25.0,49.7,1.1,5.4,17.9,5.0,1.15,10.5,447,1
36.8,82.8,7.3,17.9,33.2,17.0,1.9,4.3,678,0
29.3,75.2,43.5,48.7,22.7,7.7,1.61,11.8,370,0
24.9,56.5,2.4,7.0,18.6,6.1,1.12,13.7,333,1
38.0,98.9,82.4,94.3,37.9,13.1,2.42,6.0,791,0
25.9,78.4,27.5,33.5,26.0,4.3,1.03,11.2,360,1
20.3,75.5,8.6,14.6,14.7,4.6,0.99,16.3,297,1
25.8,77.7,21.7,29.9,13.6,6.3,0.85,12.4,549,1
25.9,87.6,28.6,47.1,23.1,6.4,1.46,5.6,490,0
26.1,46.3,4.7,10.9,19.3,3.2,1.18,17.6,471,1
25.4,81.0,22.9,36.8,38.3,9.5,1.59,7.6,543,0
36.5,78.5,4.7,11.3,30.3,13.9,1.33,6.5,412,0
28.8,42.9,4.8,12.8,17.7,2.0,0.87,10.1,561,1
28.0,76.0,14.1,25.0,28.4,4.2,2.3,4.6,740,0
38.7,98.8,9.1,30.9,40.2,21.0,2.33,2.8,827,0
26.9,59.1,21.4,33.0,22.2,9.2,1.14,5.5,398,0
24.7,51.4,3.5,9.4,14.6,4.3,0.85,11.6,215,1
30.7,80.6,7.6,17.9,23.6,26.6,2.18,4.2,677,0
23.4,64.4,7.2,11.4,12.4,6.2,1.01,13.5,295,1
31.4,51.5,6.0,15.4,22.0,11.4,1.29,6.8,370,0
25.6,80.7,15.7,18.4,15.3,8.1,0.94,12.4,341,1
34.4,103.1,29.2,42.2,54.4,23.6,3.37,3.7,614,0
36.3,69.3,7.1,15.6,22.7,1.6,1.44,6.4,542,0
29.6,56.4,17.2,35.2,20.7,4.5,1.7,6.3,649,0
31.6,77.8,65.6,82.8,33.8,18.3,1.59,5.5,641,0
29.3,56.4,0.5,1.5,25.0,3.4,0.88,11.2,407,1
31.1,116.9,16.1,35.6,31.7,20.7,2.73,4.5,544,0
34.4,100.9,4.7,14.1,47.6,21.0,2.01,5.6,771,0
29.5,53.5,12.2,22.2,26.8,10.0,1.49,8.0,438,0
28.6,66.0,0.8,4.2,19.4,7.1,1.11,12.7,490,1
42.2,94.7,96.4,115.5,45.6,10.1,2.29,4.7,570,0
36.9,84.6,58.5,75.7,39.1,13.1,1.96,4.6,609,0
27.4,83.7,11.4,18.5,18.3,8.4,1.74,7.1,425,0
35.7,91.0,49.9,50.3,19.0,15.4,1.94,4.2,539,0
29.0,71.5,7.9,8.1,24.2,7.2,1.13,14.7,532,1
22.9,71.3,6.9,12.0,11.8,3.5,1.0,13.5,485,1
23.6,56.0,24.7,29.9,17.1,4.7,1.1,15.0,540,1
30.9,76.7,12.4,16.2,13.7,6.9,0.73,11.2,579,1
24.7,83.6,64.0,84.5,47.3,12.1,1.69,4.2,630,0
37.3,82.2,11.2,32.1,36.6,17.0,1.91,3.5,831,0
37.8,86.3,11.9,33.1,34.5,14.6,2.14,7.9,535,0
30.7,64.8,53.2,65.6,34.6,19.9,1.91,3.8,391,0
29.6,46.6,5.1,16.2,27.0,7.0,1.93,7.6,364,0
42.2,87.6,95.7,115.6,42.7,18.7,2.59,6.7,707,0
33.7,63.2,58.3,78.3,42.9,4.8,1.43,5.1,505,0
30.9,85.8,13.2,20.0,27.7,13.3,1.58,15.5,300,0
19.7,51.1,5.5,13.2,20.6,2.4,1.17,10.2,359,1
34.0,88.6,22.3,35.3,20.3,10.0,1.53,5.7,333,0
18.8,54.5,8.8,13.6,20.1,6.0,0.97,10.5,494,1
27.3,65.1,15.1,24.5,29.0,12.8,1.54,6.9,485,0
35.6,95.7,13.9,30.0,37.6,12.1,2.0,12.3,552,0
33.7,59.5,13.7,21.5,19.6,2.3,1.02,11.7,511,1
23.6,52.0,7.2,11.9,19.0,5.5,1.01,12.6,581,1
37.7,64.9,13.5,27.2,38.4,9.6,2.23,3.6,641,0
32.3,68.8,4.3,6.5,28.1,9.4,1.5,5.1,438,0
29.8,75.7,4.7,13.0,21.9,10.1,1.48,5.5,351,0
19.7,50.7,4.4,9.0,10.4,5.6,0.8,17.4,383,1
25.9,76.9,27.2,33.0,22.2,4.9,0.9,11.6,336,1
32.1,100.8,51.2,69.4,48.2,17.7,2.37,2.6,796,0
36.8,71.4,5.4,46.1,41.7,6.3,2.35,2.6,846,0
27.0,48.8,26.6,30.2,13.4,5.6,1.09,11.7,337,1
29.8,54.4,3.6,11.2,15.0,7.4,0.75,10.5,365,1
33.8,72.1,0.6,14.2,32.5,17.5,1.59,14.5,646,0
25.3,54.9,0.8,6.8,27.7,4.6,0.99,12.0,279,1
16.8,57.1,22.0,25.6,13.0,6.4,1.05,10.4,231,1
34.0,90.1,34.4,40.7,35.8,6.2,1.42,8.8,510,0
25.1,78.5,39.9,54.2,37.5,19.8,2.2,3.4,463,0
30.4,91.7,8.3,19.2,36.2,18.8,2.25,3.4,417,0
26.1,88.5,33.9,41.7,37.4,14.5,1.17,7.7,542,0
33.6,79.4,18.1,32.1,31.7,15.3,1.86,6.1,691,0
30.3,89.0,6.3,9.3,23.5,14.3,1.88,7.8,365,0
32.5,89.0,12.2,34.2,38.7,13.5,1.88,5.3,688,0
27.5,68.3,0.4,6.2,27.0,9.3,1.12,11.6,465,1
23.9,44.8,1.0,4.7,26.0,3.5,1.02,10.6,262,1
25.2,57.1,15.7,21.6,24.4,3.9,1.01,10.2,261,1
32.6,82.7,71.2,87.5,30.3,15.8,2.31,6.3,712,0
37.0,76.5,22.5,35.0,38.0,26.9,2.31,3.7,774,0
28.0,75.5,70.0,88.9,41.7,23.3,2.42,4.2,678,0
32.4,56.5,0.0,13.9,27.2,5.3,1.0,5.4,412,0
41.1,70.1,45.2,60.0,28.5,15.7,2.43,6.0,759,0
29.9,65.5,0.9,8.2,25.2,11.4,1.46,8.4,670,0
24.2,43.1,13.7,20.4,15.7,7.6,1.04,11.3,365,1
37.9,96.9,43.3,51.1,31.9,10.6,1.23,7.2,293,0
43.6,93.3,75.6,90.4,33.6,17.9,1.98,9.6,425,0
33.7,66.5,67.2,77.4,32.7,6.2,1.24,13.8,461,0
34.7,86.1,14.6,26.3,22.2,10.6,1.8,5.8,643,0
26.9,81.9,28.0,40.2,23.5,8.7,1.41,5.9,379,0
18.5,64.8,8.8,11.5,14.1,5.1,0.89,10.1,428,1
27.7,73.5,8.4,16.1,32.7,9.3,1.48,5.2,638,0
20.9,78.1,16.9,22.9,13.2,6.9,1.09,10.4,450,1
32.4,81.8,16.6,30.3,19.3,13.6,1.68,3.8,588,0
29.0,84.3,8.7,14.7,31.6,11.9,1.53,10.4,475,0
21.3,71.5,13.4,17.3,19.1,1.1,1.07,11.1,280,1
26.4,47.9,40.7,57.5,32.1,7.0,1.79,6.1,562,0
23.1,56.3,31.4,33.8,15.1,5.8,1.02,10.5,300,1
27.2,84.3,17.3,22.4,13.0,5.6,1.21,13.0,539,1
23.2,54.0,2.9,8.8,24.4,0.6,1.04,12.5,372,1
37.5,49.5,9.5,14.9,21.7,7.3,1.64,5.4,654,0
21.2,78.0,6.0,15.4,20.2,5.5,1.03,10.5,446,1
25.2,52.1,1.6,4.8,21.1,4.6,1.1,11.7,230,1
29.1,54.3,5.8,15.1,28.0,8.8,1.43,10.8,421,0
26.8,81.2,0.9,5.7,20.3,6.6,0.93,11.0,409,1
27.1,51.2,20.8,25.6,15.7,4.4,0.75,10.3,432,1
38.0,78.8,1.3,9.0,23.8,0.8,2.54,5.3,755,0
29.6,89.1,19.4,30.7,35.4,24.7,1.74,15.4,748,0
48.4,91.7,24.0,42.3,37.5,29.3,2.35,2.9,924,0
31.2,64.0,15.7,25.3,28.0,13.2,1.59,7.6,485,0
23.4,52.5,1.6,10.7,16.9,3.1,1.37,8.1,396,0
25.6,49.6,0.1,3.9,22.8,4.9,1.02,13.8,575,1
24.5,45.3,3.6,9.0,24.4,3.8,0.9,11.2,527,1
22.6,76.4,15.6,18.6,24.2,4.7,1.04,12.6,430,1
23.0,40.9,21.6,25.2,21.5,3.4,1.02,14.8,215,1
24.7,71.6,26.6,34.2,24.8,3.2,1.06,10.6,596,1
23.9,43.0,12.2,17.2,14.1,7.2,0.93,10.5,333,1
22.2,56.3,6.7,13.5,21.4,4.9,1.11,12.3,348,1
28.3,75.6,0.1,8.7,10.4,4.0,1.04,12.5,518,1
20.4,43.9,11.8,15.9,25.7,9.0,1.06,13.8,480,1
23.8,52.1,49.8,61.3,32.5,6.3,1.72,5.7,336,0
26.1,65.4,10.2,14.0,23.1,7.1,1.01,12.2,379,1
41.9,81.3,11.4,23.3,31.2,11.5,1.98,5.5,459,0
34.6,65.2,47.0,59.9,24.4,15.6,2.15,7.0,771,0
45.0,115.0,18.8,45.3,45.3,17.9,2.73,3.3,615,0
33.8,68.1,5.4,13.6,30.6,12.1,1.88,6.8,575,0
25.6,57.4,2.2,6.4,12.2,5.0,1.19,18.9,392,1
41.4,61.5,17.6,41.6,32.9,11.4,2.78,4.6,593,0
34.9,76.2,7.3,17.0,24.4,2.9,1.59,10.2,660,0
19.7,62.7,22.4,27.5,19.4,3.1,1.18,10.6,396,1
23.0,44.5,2.3,10.6,13.7,6.3,1.13,11.5,537,1
30.5,76.2,26.8,46.5,40.0,9.3,2.4,9.9,624,0
39.0,107.1,11.2,29.4,44.6,19.3,3.65,2.8,713,0
22.8,76.0,12.3,22.0,27.1,12.2,1.54,12.1,577,0
27.8,56.8,2.5,9.5,12.5,7.0,1.04,12.1,258,1
29.0,81.3,60.0,76.1,24.2,5.8,1.05,6.4,511,0
41.8,75.4,23.7,34.7,37.7,6.8,1.42,5.9,527,0
26.8,91.1,16.6,21.3,25.8,6.4,1.72,7.7,571,0
30.7,81.9,0.5,11.4,26.4,20.0,1.71,5.2,650,0
30.4,90.7,91.5,98.9,22.1,9.6,1.52,5.3,598,0
28.1,93.7,35.0,50.7,46.0,19.4,1.66,4.0,487,0
25.0,87.3,49.8,70.3,35.2,15.4,2.85,4.7,680,0
41.1,82.1,30.0,52.7,35.7,14.9,2.46,4.0,654,0
28.3,72.7,56.8,70.2,34.4,10.3,1.75,5.1,486,0
37.9,79.6,28.0,37.4,33.2,13.6,1.93,4.9,608,0
42.5,108.2,109.2,116.8,43.5,21.2,2.07,4.6,741,0
29.9,86.3,8.3,19.9,21.0,7.9,1.44,9.1,487,0
32.0,101.4,60.3,78.5,45.4,25.0,3.01,4.3,698,0
33.8,53.7,11.2,30.1,25.8,10.6,1.23,5.3,640,0
22.0,56.3,5.7,12.5,16.8,6.1,1.01,12.2,230,1
21.3,41.7,6.9,10.9,21.2,3.7,1.0,12.8,298,1
26.8,76.1,3.8,10.1,25.1,4.7,1.01,10.3,394,1
22.6,70.7,0.8,7.4,26.3,1.8,1.07,10.8,481,1
32.1,75.6,16.2,21.1,18.9,12.4,1.44,9.3,405,0
35.2,86.4,47.2,61.0,21.7,13.8,2.24,3.7,514,0
46.1,80.5,42.3,58.5,32.1,28.4,2.4,2.7,705,0
29.2,54.0,2.5,8.7,27.7,10.5,1.4,5.7,327,0
26.0,71.5,31.4,34.6,21.3,3.9,0.97,12.7,463,1
45.2,93.2,51.2,79.2,35.4,23.3,2.16,3.7,565,0
22.6,40.8,4.6,10.6,20.9,5.7,1.11,12.6,315,1
24.0,51.2,14.1,16.5,26.0,7.4,0.97,10.2,264,1
27.4,77.3,12.9,21.1,16.4,15.8,1.81,8.0,406,0
32.6,79.6,42.8,51.4,14.1,13.3,1.55,7.5,633,0
22.2,57.5,3.6,5.6,16.7,7.6,0.86,11.6,460,1
31.4,63.1,4.3,15.6,21.9,16.4,1.45,5.9,625,0
26.1,83.8,33.2,36.9,23.6,2.7,0.82,19.1,310,1
25.1,63.9,5.0,8.8,17.3,6.3,1.12,11.0,367,1
41.2,92.2,36.1,49.5,42.2,17.1,2.39,2.7,815,0
37.1,47.9,18.1,26.7,20.4,14.7,1.53,10.3,467,0
25.8,53.0,14.7,20.4,13.2,5.7,0.82,11.1,259,1
30.4,44.2,7.8,11.4,22.0,5.9,0.92,11.3,446,1
35.6,82.5,1.8,11.9,20.6,14.6,1.63,10.1,672,0
28.2,75.4,1.2,13.0,35.9,2.6,1.42,5.5,539,0
22.6,69.0,1.2,7.7,12.2,5.6,1.18,11.8,481,1
16.9,72.9,1.3,0.2,27.6,6.4,0.97,13.7,339,1
15.3,48.0,16.6,20.7,26.5,3.9,0.94,12.5,263,1
38.0,84.6,34.2,62.4,43.8,17.8,2.62,6.7,598,0
28.6,67.5,0.2,4.9,19.0,4.5,1.04,11.4,444,1
37.6,99.5,142.3,157.1,36.3,20.8,1.82,2.8,528,0
16.8,46.5,7.7,10.2,26.2,4.2,0.85,11.6,249,1
24.8,39.7,5.0,13.2,20.3,5.8,1.1,10.5,418,1
27.1,76.4,8.0,13.0,21.7,3.4,0.86,10.0,407,1
30.0,78.0,9.7,14.5,15.5,7.2,1.05,12.3,554,1
27.5,65.9,19.3,31.5,24.6,7.2,1.74,5.4,609,0
34.9,80.9,21.4,32.8,50.8,16.6,2.11,3.8,797,0
28.4,54.4,5.5,17.5,29.1,12.2,1.5,7.3,663,0
22.7,79.5,1.0,8.1,12.2,6.5,1.03,12.4,439,1
20.3,52.3,2.0,6.0,25.1,4.7,0.95,13.4,277,1
35.3,71.2,12.9,39.3,34.8,14.1,2.42,5.7,401,0
21.8,72.4,4.0,7.5,19.4,-0.3,1.15,12.2,490,1
32.8,51.2,23.8,29.2,35.6,7.4,1.48,8.9,586,0
38.7,72.4,3.4,23.9,25.4,22.6,2.27,3.9,765,0
37.6,47.8,45.5,49.8,27.7,13.9,1.25,10.3,511,0
29.4,73.1,11.7,28.0,24.5,13.2,1.51,8.0,459,0
38.8,64.6,21.5,31.9,21.2,9.0,1.48,5.8,545,0
30.5,74.7,17.5,22.8,26.3,9.9,1.61,7.9,441,0
23.3,81.8,27.0,34.6,33.4,14.0,1.65,5.3,505,0
31.3,49.2,7.2,14.9,29.3,11.9,1.37,6.7,340,0
26.5,42.4,4.7,14.1,18.0,1.7,0.94,12.0,457,1
20.7,77.0,15.2,20.3,15.8,3.7,0.96,16.0,368,1
21.6,46.5,6.5,15.7,21.8,7.8,1.03,15.0,602,1
26.0,64.3,22.6,38.3,33.3,14.4,1.48,7.0,359,0
28.1,65.8,3.1,8.6,14.6,5.2,0.86,10.9,370,1
27.4,61.2,24.3,32.1,23.8,4.8,0.98,11.6,345,1
21.9,60.3,0.0,3.1,20.0,3.0,0.92,10.3,396,1
21.8,70.4,16.5,22.3,24.1,1.9,0.94,12.3,420,1
40.0,84.4,47.0,59.3,22.4,3.1,1.51,6.0,453,0
19.8,75.8,1.5,6.7,28.9,10.9,0.94,6.7,636,0
29.3,64.2,18.7,27.4,32.1,10.8,1.52,6.6,392,0
29.8,67.7,3.6,12.7,17.0,6.8,1.01,13.7,550,1
25.5,63.0,29.1,38.7,28.8,4.7,1.32,5.9,527,0
38.2,54.8,43.9,53.5,21.1,9.0,1.47,5.0,485,0
47.3,75.6,75.8,92.0,36.3,17.4,1.76,5.0,503,0
29.4,64.5,0.7,4.7,16.4,4.7,1.1,11.1,520,1
47.2,76.9,1.5,27.0,34.4,20.2,2.45,6.0,939,0
29.6,73.6,2.3,8.1,26.0,0.2,1.12,11.9,490,1
28.4,71.7,13.3,15.0,16.8,8.2,1.11,11.4,360,1
33.2,84.3,106.5,127.3,34.7,11.8,2.29,3.8,586,0
26.3,49.6,6.0,8.9,24.2,9.8,1.06,10.6,199,1
30.7,102.0,7.9,26.1,41.6,26.1,2.31,4.8,765,0
27.5,85.0,57.1,72.3,33.7,9.6,1.86,5.4,537,0
21.0,94.7,7.6,16.7,35.6,9.9,1.7,5.2,388,0
34.5,60.8,37.1,47.4,28.7,9.1,2.04,3.4,484,0
33.7,83.2,1.6,25.2,34.3,12.0,2.59,6.2,551,0
36.4,58.0,18.3,23.6,30.5,13.7,1.49,5.1,363,0
33.5,44.8,36.7,44.4,21.0,9.7,1.23,10.1,547,0
34.9,66.8,8.4,20.7,32.8,11.8,1.21,8.2,623,0
37.8,74.6,19.6,29.0,22.2,12.7,1.4,5.2,417,0
23.1,71.0,4.9,9.9,17.7,4.4,1.01,11.8,342,1
29.0,39.7,8.9,16.2,26.2,4.2,0.97,15.0,250,1
24.4,63.7,31.1,34.2,16.4,-0.2,0.99,10.7,501,1
25.8,78.2,14.0,20.2,23.3,6.6,1.01,18.8,576,1
26.2,64.3,16.2,19.4,18.5,9.0,1.08,11.3,566,1
31.5,61.9,105.9,105.0,22.4,4.8,1.16,6.1,577,0
24.4,44.8,4.1,7.4,23.7,4.0,0.91,11.9,241,1
31.4,79.4,55.7,62.7,24.1,11.5,1.46,7.8,361,0
26.7,72.4,4.2,16.3,18.9,11.7,1.45,12.0,527,0
29.7,54.0,0.2,7.6,15.6,4.4,0.93,10.8,401,1
23.6,47.8,3.8,6.4,14.0,3.3,1.09,10.4,209,1
32.2,62.7,1.5,7.6,19.7,4.3,0.95,10.3,348,1
24.9,66.8,7.0,11.8,24.5,8.9,0.93,10.2,388,1
42.8,78.6,31.8,44.5,32.4,26.0,1.98,3.8,598,0
32.4,56.0,3.3,15.6,28.8,6.5,1.49,7.6,506,0
33.3,64.4,17.0,33.1,25.1,10.6,1.39,5.9,511,0
27.5,55.4,32.5,47.0,22.1,12.7,1.66,5.2,298,0
34.1,67.9,40.1,47.1,34.6,1.0,1.72,9.5,462,0
39.4,109.1,34.9,56.8,36.1,3.1,2.02,5.7,454,0
32.7,62.6,50.5,66.6,31.5,9.2,1.26,7.1,473,0
36.3,84.9,5.3,14.1,33.0,16.5,1.9,5.3,718,0
36.3,70.0,58.7,71.9,42.1,12.1,2.37,3.9,539,0
24.2,68.2,2.0,6.3,20.3,8.2,1.04,10.5,267,1
36.4,82.7,19.7,36.6,39.2,15.9,1.72,9.0,782,0
24.6,58.0,7.5,19.0,25.7,3.4,1.57,12.7,617,0
33.4,80.2,10.3,32.4,40.3,12.9,1.36,2.6,597,0
28.6,83.7,2.5,9.1,24.5,17.5,1.38,6.3,466,0
18.8,46.7,0.6,5.5,13.4,7.0,1.01,11.5,484,1
34.6,75.7,3.7,27.7,32.2,3.9,1.91,3.6,703,0
24.1,60.2,6.3,12.2,30.8,17.6,1.44,8.0,353,0
33.6,57.0,3.4,8.2,17.6,3.5,1.12,13.1,297,1
42.7,70.1,123.7,128.1,28.7,2.4,1.89,4.2,765,0
34.4,75.8,7.2,22.6,35.5,12.0,1.42,9.5,582,0
26.7,61.9,11.8,16.3,13.0,6.3,0.85,16.7,361,1
32.7,79.1,17.2,29.7,23.9,17.0,1.25,7.5,504,0
31.8,86.3,2.6,14.8,38.6,17.7,2.07,3.7,551,0
24.1,52.5,8.2,9.5,22.3,3.5,0.82,11.5,511,1
25.2,88.9,22.3,44.2,34.1,17.5,2.33,4.4,578,0
43.0,96.5,14.6,38.1,39.7,17.3,2.17,5.4,591,0
39.9,112.1,37.2,54.7,50.8,21.8,2.58,2.8,556,0
28.6,91.5,61.2,82.7,39.5,7.5,1.97,4.6,639,0
30.1,89.5,26.2,38.9,45.4,19.1,2.18,4.2,658,0
33.7,72.5,6.9,22.6,22.8,16.2,1.48,8.5,644,0
30.4,72.9,10.9,25.7,29.3,8.9,1.58,5.3,655,0
29.5,62.3,3.4,12.5,17.9,6.7,1.05,10.5,439,1
28.4,45.1,9.7,15.9,23.0,6.5,0.99,12.6,303,1
44.6,94.9,78.9,98.3,40.6,23.9,2.44,4.3,670,0
30.0,85.3,9.2,18.2,25.8,5.2,1.42,10.2,503,0
24.7,68.9,4.2,11.1,14.8,2.4,1.06,15.9,475,1
28.6,71.9,4.1,17.7,44.3,4.1,1.48,4.9,780,0
32.3,87.0,54.7,69.9,56.1,26.6,2.5,2.7,801,0
23.5,76.1,0.2,7.4,26.9,3.4,0.9,11.2,277,1
38.0,70.6,100.0,117.5,32.4,7.0,2.4,4.1,477,0
31.8,67.3,17.7,23.4,22.1,9.6,2.49,5.9,689,0
24.2,41.4,22.6,31.1,24.7,3.7,1.05,11.2,257,1
21.6,77.6,5.0,10.6,17.6,2.5,0.94,11.0,591,1
29.3,77.1,14.5,19.8,14.0,2.9,1.07,11.6,361,1
29.2,77.9,12.9,21.4,24.7,12.6,1.39,6.4,640,0
26.1,38.4,0.4,5.4,20.9,3.1,1.12,11.1,387,1
31.2,53.7,29.4,43.3,29.6,15.4,1.44,8.3,432,0
33.7,88.9,10.2,19.0,23.8,-0.3,1.7,8.3,405,0
35.5,109.1,77.1,94.8,34.2,21.5,2.42,2.5,870,0
22.9,74.4,0.0,1.9,15.7,3.7,0.9,10.3,390,1
33.8,88.3,7.6,13.1,26.7,5.6,1.44,5.9,654,0
33.4,98.5,42.7,57.5,47.9,14.3,2.66,2.6,788,0
35.8,65.9,58.2,83.7,40.2,13.8,2.09,4.1,413,0
37.0,71.8,23.2,38.6,35.4,22.9,1.82,3.4,516,0
22.8,60.1,11.1,14.9,14.8,3.2,1.11,10.8,525,1
51.3,58.0,31.2,48.3,34.3,11.5,3.32,2.6,538,0
32.5,55.8,1.0,13.5,34.3,9.7,1.84,6.0,325,0
29.2,65.3,30.6,34.2,22.6,6.0,1.11,16.0,334,1
31.2,76.6,23.0,36.0,23.4,12.5,1.39,6.2,384,0
37.2,65.7,1.8,20.4,45.2,14.6,1.45,5.1,506,0
27.6,89.6,14.9,33.8,24.3,8.7,1.53,6.3,582,0
26.8,58.5,39.0,46.5,27.4,8.6,1.59,5.5,466,0
38.3,103.6,12.4,27.7,25.4,11.0,1.87,3.8,441,0
25.2,61.7,27.9,33.6,12.7,5.5,1.08,11.9,300,1
21.7,74.1,57.2,74.9,20.9,7.1,1.63,5.0,580,0
24.6,42.6,12.0,15.2,17.2,5.6,1.2,10.9,516,1
35.1,78.2,14.0,32.1,28.3,3.0,1.98,3.7,597,0
22.3,41.6,11.6,16.2,15.3,2.1,1.04,12.2,236,1
30.6,76.2,1.5,15.1,32.6,29.2,1.87,8.4,715,0
23.8,65.2,9.9,14.2,14.6,4.9,0.97,10.7,331,1
35.5,71.8,7.4,27.5,33.8,22.6,1.91,3.9,676,0
27.4,69.9,5.9,9.5,25.2,5.7,0.89,11.9,589,1
34.3,84.1,12.2,21.4,17.4,13.6,1.29,5.9,626,0
37.0,80.1,35.2,49.4,41.1,21.2,1.84,5.3,469,0
37.2,94.4,20.8,37.1,29.5,10.8,1.66,8.3,531,0
20.0,61.2,11.1,17.2,24.2,2.6,1.08,11.3,209,1
24.6,62.9,0.6,2.6,29.2,4.8,0.99,11.2,387,1
23.9,42.1,19.2,25.4,16.8,5.2,1.12,11.6,352,1
41.0,60.7,26.9,56.7,38.4,13.0,2.25,3.5,673,0
22.3,82.6,36.7,44.8,31.4,6.5,1.56,5.4,350,0
40.0,90.4,5.4,24.6,36.4,15.3,1.85,4.8,561,0
28.0,45.2,7.3,9.7,24.1,2.2,1.13,12.7,286,1
36.5,62.0,42.7,54.8,25.3,21.7,2.48,3.5,623,0
31.3,56.1,2.3,11.6,21.1,9.0,1.41,10.9,588,0
30.0,67.1,2.2,7.8,39.2,17.0,2.0,5.2,793,0
27.4,77.3,0.7,12.2,25.3,5.3,1.57,10.8,477,0
31.6,81.1,18.7,30.0,31.6,12.3,1.45,5.5,664,0
25.7,71.4,13.9,18.5,22.2,6.4,1.41,7.7,520,0
22.3,49.8,14.4,18.5,16.5,4.3,1.1,15.4,500,1
22.7,73.0,33.6,38.6,30.8,14.2,1.72,10.7,576,0
48.9,62.0,12.2,35.7,45.4,22.7,2.27,2.7,865,0
37.9,71.0,5.6,21.0,49.8,34.5,3.0,5.0,537,0
28.1,64.0,11.7,13.8,15.4,3.4,0.93,11.5,373,1
23.5,74.5,1.7,5.9,25.3,4.9,1.01,12.4,312,1
30.7,66.4,16.6,24.4,23.3,9.5,1.53,9.5,379,0
30.4,90.1,4.9,20.7,45.0,23.5,2.29,3.6,681,0
38.0,77.7,49.8,65.9,42.7,17.2,2.02,6.2,750,0
34.1,74.6,27.0,47.6,22.4,27.2,2.57,3.5,732,0
32.0,75.0,2.5,12.8,32.3,4.3,1.39,5.6,546,0
31.5,72.2,31.2,62.0,32.2,16.1,2.7,3.1,747,0
32.0,84.4,30.3,39.1,40.4,21.2,1.99,6.2,454,0
27.3,61.6,0.6,2.3,14.0,4.2,0.87,19.0,465,1
27.7,69.4,0.8,8.4,14.3,4.1,0.86,13.4,425,1
24.0,65.5,3.6,9.1,25.2,6.7,0.97,14.1,387,1
28.7,75.2,3.4,7.9,23.3,5.0,0.83,10.3,425,1
25.3,47.1,23.5,28.9,12.5,5.9,1.19,10.9,223,1
31.2,71.9,56.5,74.2,29.9,11.8,2.14,4.0,602,0
34.3,94.8,12.6,30.7,52.7,17.5,2.02,4.5,934,0
37.3,85.0,9.6,23.9,31.2,16.2,2.22,4.9,592,0
32.4,76.4,22.2,30.0,23.0,10.2,1.47,7.6,331,0
21.6,50.3,3.0,6.7,22.7,3.3,1.0,10.1,223,1
22.1,73.9,4.6,14.5,32.4,22.2,2.1,6.8,492,0
23.3,80.6,8.6,11.2,17.2,6.7,1.02,10.9,511,1
48.8,92.0,2.4,24.9,38.2,16.9,2.84,3.7,664,0
26.4,52.2,18.0,25.6,22.8,5.9,1.12,10.4,539,1
28.7,41.0,5.9,10.7,19.7,8.0,1.01,11.6,387,1
39.6,87.7,2.8,12.5,28.9,2.8,2.05,3.8,692,0
30.3,88.4,34.6,49.5,25.8,22.5,1.48,3.4,583,0
28.3,59.6,26.3,36.6,17.7,9.4,1.45,6.0,278,0
29.7,88.0,3.9,13.9,36.8,10.3,1.7,6.9,457,0
32.4,95.7,0.7,5.8,43.0,21.2,1.87,3.9,525,0
31.2,84.0,28.6,39.4,24.6,12.2,1.3,6.4,438,0
27.7,56.2,6.1,17.1,19.2,11.9,1.61,5.6,507,0
23.1,58.3,3.2,7.3,12.9,5.9,1.03,11.9,295,1
18.0,52.5,5.3,11.4,16.8,3.4,0.9,12.2,550,1
39.1,84.8,4.6,19.1,33.3,5.9,2.11,5.1,620,0
25.6,79.9,2.3,5.6,22.3,7.1,0.87,10.5,516,1
20.3,67.1,8.6,12.0,10.7,3.3,0.97,10.3,286,1
39.2,84.3,80.5,107.9,32.5,24.6,2.37,4.8,450,0
20.3,77.6,12.1,19.5,18.0,6.1,0.89,14.2,308,1
32.2,69.4,1.5,14.1,24.3,12.5,1.89,5.7,481,0
28.5,71.0,6.7,13.1,21.8,4.0,0.97,13.1,510,1
25.4,76.7,10.3,19.4,22.7,10.5,1.19,7.8,609,0
38.4,73.3,78.9,94.5,23.9,23.0,2.03,4.1,615,0
31.9,66.3,38.8,40.0,30.6,9.3,1.55,6.2,381,0
44.2,79.7,4.9,23.6,34.4,18.1,1.76,4.1,724,0
44.4,70.0,7.1,19.5,23.3,11.6,1.71,5.1,762,0
28.8,49.0,0.4,9.3,35.2,7.3,1.43,5.4,553,0
53.1,57.3,72.3,84.6,45.0,6.4,1.95,3.2,857,0
32.4,57.8,18.0,29.1,26.1,9.8,1.71,7.4,299,0
25.1,54.5,13.9,16.1,21.2,6.5,1.02,10.4,300,1
23.8,42.1,2.5,7.3,15.1,3.8,1.12,12.8,529,1
26.3,91.1,142.3,157.0,30.5,6.5,1.18,7.1,480,0
38.9,83.7,26.5,48.9,44.0,14.6,1.83,3.8,645,0
32.2,55.6,9.9,20.0,25.2,14.1,1.75,6.1,516,0
33.9,63.1,2.2,11.7,21.1,17.9,2.55,8.9,680,0
32.2,68.5,12.0,23.4,26.2,9.3,1.52,6.1,370,0
27.2,60.5,1.3,4.7,22.7,3.7,0.95,16.1,241,1
31.2,51.4,28.1,41.1,15.6,12.1,1.44,5.7,386,0
28.3,56.4,22.1,30.3,28.0,0.6,1.48,8.2,331,0
23.9,66.7,4.6,7.9,15.4,7.1,0.95,12.4,362,1
33.8,80.4,17.5,32.8,21.1,12.3,1.51,5.0,361,0
49.6,79.9,13.4,26.4,37.8,28.8,2.71,3.3,639,0
32.3,72.8,3.4,30.6,42.3,2.8,2.04,4.5,636,0
43.0,83.1,58.2,80.2,34.7,9.1,1.88,6.0,375,0
34.7,80.3,2.8,10.9,17.2,8.8,1.56,5.2,324,0
37.7,107.5,22.7,53.0,37.1,25.3,2.58,5.1,543,0
24.6,42.1,0.9,10.3,23.4,9.1,0.83,11.5,545,1
29.5,79.8,12.8,29.8,33.2,13.3,1.1,5.9,389,0
27.7,60.2,0.4,5.7,25.3,6.2,1.05,12.9,218,1
26.8,98.6,0.9,21.6,34.8,12.9,2.0,6.6,712,0
30.1,75.1,20.5,33.4,28.2,5.4,1.44,6.2,648,0
22.3,65.7,1.0,5.7,26.8,3.5,0.91,13.3,282,1
28.0,86.9,7.1,16.5,19.6,7.8,1.77,5.7,665,0
35.4,75.0,10.0,18.8,24.0,13.6,1.5,6.2,390,0
36.0,75.3,43.4,59.5,35.1,22.1,1.97,3.6,468,0
27.1,74.1,4.7,8.7,25.3,5.9,1.0,13.5,555,1
24.9,66.0,5.4,7.5,25.0,0.7,1.09,10.9,263,1
23.2,69.7,5.8,14.1,24.6,3.5,0.97,12.3,579,1
34.9,63.0,59.7,69.2,29.5,8.2,1.07,5.2,568,0
44.8,97.8,35.2,58.0,38.3,29.6,2.8,6.3,816,0
41.3,90.6,70.6,88.5,45.0,30.2,2.93,6.8,902,0
33.5,82.9,21.9,45.6,37.1,20.9,1.72,4.7,591,0
27.7,83.6,3.8,19.9,32.9,17.8,2.09,5.3,632,0
38.6,111.4,9.9,20.0,36.3,22.5,1.74,7.5,591,0
24.1,72.6,27.7,36.5,35.3,6.5,1.95,8.4,493,0
26.8,60.2,4.4,10.1,25.7,4.5,1.29,12.6,234,1
33.8,66.1,55.5,79.2,35.2,18.6,2.06,4.5,636,0
18.5,57.3,7.7,11.1,22.8,4.7,1.1,10.2,600,1
30.3,69.4,41.8,51.2,22.5,5.8,1.57,6.1,434,0
23.8,44.4,7.5,11.9,23.1,3.1,0.9,11.5,602,1
24.8,39.8,58.4,68.2,26.5,3.7,0.93,16.5,397,1
26.8,83.0,53.4,69.0,17.6,15.2,1.82,7.5,668,0
26.5,51.7,0.7,5.3,10.7,7.1,1.05,10.2,555,1
33.4,52.7,53.5,63.4,26.5,10.0,1.32,12.4,329,0
31.6,100.3,6.4,21.2,43.5,14.5,1.79,8.1,558,0
32.2,60.7,48.9,65.1,41.1,14.4,2.79,2.9,875,0
39.1,66.8,9.7,21.2,34.1,5.4,2.33,6.6,679,0
22.4,42.8,1.1,8.7,15.2,7.0,1.03,12.1,216,1
27.2,46.3,14.8,18.8,19.7,7.3,1.05,10.8,496,1
30.1,91.0,32.1,38.5,23.7,10.6,1.44,6.0,363,0
32.8,58.9,30.1,52.0,33.6,22.4,1.73,3.4,476,0
29.6,76.1,31.0,48.7,51.2,9.3,2.7,2.9,788,0
22.6,43.5,21.0,24.9,24.5,4.8,0.99,10.0,284,1
25.4,71.8,1.8,11.8,21.3,10.2,1.33,7.2,506,0
21.8,73.4,12.1,12.0,26.2,6.6,1.04,25.8,224,1
29.9,51.4,2.8,14.2,23.7,10.0,1.43,9.0,321,0
22.8,67.9,66.8,79.8,28.3,4.3,1.17,5.9,397,0
42.5,80.9,33.3,44.4,34.1,11.1,2.28,4.2,682,0
37.4,105.6,22.8,44.9,31.1,9.5,2.68,3.6,563,0
36.6,109.9,0.4,16.4,39.9,13.0,1.57,5.9,690,0
29.1,77.1,61.8,76.5,28.5,8.4,1.71,5.7,591,0
29.7,72.2,9.0,10.4,19.6,5.6,1.09,10.6,409,1
29.9,84.5,11.5,24.0,22.2,7.7,1.69,5.1,424,0
22.8,52.5,10.8,16.0,15.5,9.5,1.07,11.2,489,1
35.9,69.9,6.2,17.2,34.0,12.5,2.18,7.0,447,0
30.6,41.9,7.0,11.5,17.0,6.5,1.12,11.3,486,1
35.2,85.5,0.5,12.4,30.8,12.2,1.91,6.9,318,0
20.6,60.3,33.8,38.3,19.9,1.1,1.07,10.1,207,1
22.5,40.7,26.5,31.8,26.4,7.0,1.18,10.9,452,1
26.8,75.7,16.6,23.9,21.0,1.6,1.01,11.4,390,1
36.4,111.6,35.8,67.0,43.1,8.3,2.32,8.3,813,0
25.1,42.6,12.3,20.1,25.0,6.3,1.08,13.7,455,1
36.2,63.6,16.1,27.3,23.4,9.6,1.73,7.6,574,0
35.4,78.9,3.9,15.7,33.5,15.8,1.97,4.9,695,0
40.3,66.1,11.8,21.0,43.4,15.8,2.02,6.2,824,0
22.7,89.6,19.5,35.4,27.0,10.8,1.37,6.3,632,0
32.7,93.0,12.6,23.5,23.5,0.8,1.51,6.0,598,0
33.3,73.1,21.6,33.1,44.5,7.4,1.98,8.8,723,0
28.0,65.5,0.3,7.1,11.8,5.9,1.12,14.3,337,1
29.1,76.2,2.0,7.3,20.3,5.4,0.98,17.9,404,1
25.9,59.9,2.4,6.1,31.7,13.9,1.47,5.8,388,0
42.0,77.9,9.5,31.0,37.6,17.0,2.38,12.0,484,0
32.9,63.1,12.1,17.5,24.7,12.3,1.57,5.1,467,0
29.8,85.5,6.2,15.4,34.0,4.5,1.34,11.3,405,0
32.0,88.8,4.7,13.5,29.4,11.5,1.62,7.9,604,0
34.1,79.1,165.5,190.7,45.3,9.0,1.95,5.3,846,0
42.8,116.1,10.3,31.6,36.9,15.3,2.34,4.1,755,0
35.5,86.0,75.7,86.8,19.8,12.1,1.79,8.6,612,0
26.2,52.6,11.3,11.5,29.3,14.6,1.55,7.3,397,0
26.1,54.5,1.5,5.8,17.2,3.1,0.98,17.9,327,1
19.1,64.9,2.5,10.5,26.0,6.0,1.08,10.4,368,1
34.1,72.9,2.2,15.6,33.6,4.9,1.43,5.6,526,0
23.2,88.9,55.5,60.9,31.4,13.1,1.19,5.5,351,0
27.6,79.3,14.0,40.2,37.6,10.6,2.24,3.6,608,0
19.5,42.7,3.8,8.6,23.8,1.7,1.06,10.4,390,1
31.2,54.0,16.4,22.8,23.0,3.9,1.59,9.4,492,0
31.5,53.9,2.5,10.8,29.9,12.7,1.58,5.3,395,0
47.7,69.2,41.8,50.7,38.3,22.2,2.58,5.9,651,0
27.7,81.8,1.1,8.9,26.5,20.1,1.33,5.2,317,0
24.6,52.4,4.1,18.1,27.0,14.7,1.4,8.8,356,0
36.4,107.9,16.4,32.0,25.7,14.7,2.03,3.6,686,0
31.2,54.1,8.2,15.0,16.3,4.6,0.88,14.8,531,1
37.6,94.4,19.5,27.3,50.3,6.2,2.47,3.7,889,0
27.4,76.3,10.4,14.1,10.3,5.4,0.91,10.3,328,1
29.0,79.2,66.5,82.1,25.8,16.7,1.51,5.3,575,0
26.5,41.4,6.8,11.8,26.6,6.4,0.88,12.4,383,1
25.0,63.5,24.7,27.0,16.1,2.0,0.91,15.9,407,1
41.0,82.3,90.1,109.2,48.8,27.5,1.52,4.3,450,0
26.5,79.2,51.0,58.8,22.3,12.0,1.54,5.2,344,0
36.0,75.2,4.7,10.5,33.5,0.4,1.72,6.5,336,0
23.6,76.1,1.2,5.8,25.8,4.5,1.01,10.2,306,1
26.7,48.8,19.7,23.8,31.8,5.3,1.27,5.3,538,0
28.2,75.8,164.9,168.7,22.9,15.4,1.53,5.5,346,0
31.6,105.9,0.4,15.7,38.4,11.9,1.34,6.5,421,0
21.8,43.3,1.3,5.1,19.8,8.0,0.84,10.6,451,1
29.4,56.0,24.3,41.9,30.5,5.3,1.64,12.5,375,0
34.6,86.1,17.8,28.9,37.4,10.2,1.44,6.4,414,0
30.5,62.3,13.3,18.8,19.7,5.2,1.01,11.4,495,1
26.5,86.3,28.0,54.1,56.6,9.6,2.02,4.8,603,0
33.5,58.9,12.1,29.4,49.8,16.7,2.02,3.1,678,0
24.4,59.3,8.9,15.7,26.4,6.6,0.94,10.4,576,1
22.6,54.6,20.7,25.1,14.1,4.0,1.04,16.1,429,1
25.6,87.4,23.6,32.3,29.2,3.1,1.59,6.2,582,0
24.6,71.2,21.1,41.7,27.0,17.7,1.93,3.4,528,0
42.2,83.4,40.3,49.7,36.8,15.8,1.39,3.5,766,0
28.3,82.7,11.7,19.7,28.6,14.5,1.27,5.2,430,0
39.8,78.5,21.5,41.4,32.3,29.5,2.5,5.8,790,0
24.4,66.2,2.9,8.6,20.8,5.6,0.93,13.1,467,1
20.3,63.0,21.7,24.1,16.5,4.3,0.89,17.1,191,1
21.3,48.3,2.4,5.8,15.5,6.3,1.08,10.5,296,1
28.4,44.5,8.7,16.6,25.0,0.9,1.03,10.3,208,1
22.2,43.1,5.1,9.0,15.7,3.2,1.0,10.7,377,1
31.3,73.8,33.8,46.6,31.0,22.8,1.92,4.6,681,0
26.3,74.5,12.7,18.3,21.1,1.1,1.01,13.1,365,1
30.9,60.3,56.3,68.7,22.8,10.5,1.4,7.4,426,0
27.8,75.4,6.0,14.4,16.8,12.8,1.47,5.7,539,0
32.3,80.6,11.0,17.6,25.8,3.1,1.26,6.7,670,0
26.0,66.5,1.7,5.4,20.2,5.8,1.0,10.2,399,1
23.5,60.1,0.4,7.2,17.2,6.1,1.02,10.1,384,1
25.7,67.7,43.0,52.4,22.5,7.2,1.35,6.0,415,0
24.0,45.3,20.8,25.7,12.9,3.6,0.77,13.4,346,1
31.8,80.1,5.6,7.6,24.4,16.6,1.56,10.4,679,0
33.2,90.6,42.9,57.2,22.4,13.0,2.44,7.5,497,0
27.4,73.5,17.1,22.1,15.7,8.3,0.92,12.0,572,1
35.1,82.5,3.8,13.0,45.4,3.9,2.24,3.7,703,0
33.1,61.0,27.7,39.2,25.8,10.2,1.84,4.8,448,0
22.9,50.0,19.2,23.4,18.8,6.0,0.95,12.2,225,1
31.4,94.3,68.9,72.8,24.0,14.3,1.99,6.7,347,0
23.9,65.3,26.1,33.5,22.3,1.4,1.03,12.6,499,1
38.6,72.2,48.8,67.7,36.2,28.6,2.21,3.0,860,0
49.8,79.2,70.1,82.7,50.3,20.6,1.91,5.2,617,0
23.1,60.1,1.5,8.0,19.3,6.3,1.08,13.3,340,1
26.9,53.5,20.0,28.4,29.5,5.3,1.36,8.5,313,0
28.7,77.3,23.1,24.7,12.1,7.6,1.02,10.7,577,1
31.0,71.4,4.3,10.3,19.5,7.9,0.99,11.1,212,1
32.8,73.6,18.6,39.5,21.4,12.2,2.21,4.4,590,0
22.4,57.3,5.8,9.6,23.6,4.3,1.08,11.0,595,1
27.2,52.7,7.4,13.9,22.2,5.4,0.94,11.4,577,1
26.6,64.1,3.0,11.3,26.8,3.7,0.95,11.1,550,1
22.9,52.6,7.6,15.3,26.3,4.4,0.99,11.1,517,1
30.7,71.1,26.1,34.5,19.0,3.2,0.78,11.3,512,1
20.2,40.4,3.6,13.5,20.5,5.4,1.03,11.9,475,1
26.2,80.8,10.2,16.3,13.9,3.2,0.86,12.0,328,1
25.4,73.2,28.7,35.4,12.3,6.0,1.13,10.1,371,1
33.4,59.9,33.0,41.0,25.4,10.8,1.64,7.0,406,0
26.7,41.7,13.2,18.9,18.9,6.3,0.9,12.3,550,1
34.5,71.4,29.5,52.6,37.9,17.1,2.09,3.9,744,0
40.5,70.4,35.8,44.7,22.2,9.7,1.33,5.5,398,0
35.6,75.3,48.1,63.6,43.7,29.2,3.03,2.9,587,0
27.1,79.9,31.7,50.9,47.6,5.2,2.0,6.8,447,0
26.7,85.4,4.9,11.9,26.3,19.4,2.22,5.2,421,0
39.2,111.2,25.7,46.9,45.6,25.2,2.25,4.5,692,0
38.1,96.6,59.5,79.6,40.5,24.4,2.41,4.9,863,0
26.5,78.9,6.3,18.5,34.9,11.6,1.95,5.0,555,0
23.2,40.3,2.3,8.9,19.5,5.7,0.89,11.1,255,1
33.6,48.8,19.2,27.3,17.1,4.3,1.04,11.1,267,1
27.0,67.8,24.8,28.9,12.9,3.9,1.1,14.7,559,1
41.9,90.1,26.6,50.7,46.3,18.2,2.38,5.1,531,0
29.9,78.6,25.1,30.1,26.5,7.2,1.49,7.3,323,0
26.4,76.0,16.0,32.9,31.8,10.6,2.15,4.8,548,0
32.6,71.9,48.0,60.0,30.8,6.8,2.0,5.0,388,0
16.7,52.9,0.0,7.3,19.9,6.9,0.95,11.0,229,1
21.5,59.9,4.1,5.5,15.1,7.1,0.97,11.8,365,1
29.9,54.2,24.6,38.5,30.9,14.1,1.67,7.0,359,0
30.6,47.9,14.4,18.8,16.1,2.4,1.05,12.4,386,1
29.2,77.7,35.4,36.1,37.1,17.9,2.24,6.6,571,0
29.4,42.7,1.7,7.8,19.1,4.5,0.84,13.4,228,1
33.3,66.3,13.6,25.8,19.3,12.9,1.41,8.4,460,0
28.9,53.4,5.4,22.0,26.2,18.6,1.44,6.7,449,0
34.1,62.3,130.0,137.4,33.6,7.1,2.04,4.1,442,0
28.7,67.4,11.0,15.2,19.2,8.3,1.13,10.3,481,1
35.3,65.3,25.6,36.8,19.2,6.0,1.57,5.5,576,0
27.9,48.1,1.3,14.6,32.5,0.9,1.55,7.0,449,0
24.1,74.7,5.1,12.1,10.5,6.4,1.07,11.0,454,1
31.3,100.0,11.1,35.6,39.1,35.8,1.95,2.8,754,0
30.4,78.9,17.5,30.8,26.1,7.9,1.39,6.3,608,0
26.8,67.2,7.9,17.1,25.1,6.7,0.99,11.9,547,1
28.6,83.1,19.9,29.1,35.8,12.3,1.93,7.4,674,0
25.8,62.6,11.7,16.7,10.0,6.6,1.01,15.8,413,1
28.9,49.8,0.3,1.5,20.5,8.5,1.13,11.4,485,1
42.9,104.0,52.5,80.9,22.9,13.0,2.42,4.4,680,0
44.2,101.0,2.6,10.2,30.3,24.3,1.91,3.5,408,0
21.0,93.8,6.3,19.4,37.5,13.6,2.18,3.9,669,0
31.3,84.7,35.5,42.0,17.9,11.1,1.23,5.6,509,0
23.0,48.9,0.5,8.8,20.2,4.5,1.08,11.9,496,1
38.5,95.4,66.9,92.3,46.0,15.7,2.63,4.1,654,0
29.6,46.2,0.8,4.4,26.8,3.6,1.03,11.9,300,1
40.3,73.4,11.3,29.9,31.4,25.3,2.11,3.9,380,0
41.2,85.9,3.4,21.2,39.6,8.4,2.27,3.5,689,0
29.1,41.5,0.9,4.8,18.7,3.4,1.02,12.6,337,1
26.7,53.8,6.9,21.8,25.3,7.7,1.59,6.4,295,0
29.7,69.0,18.0,26.3,28.9,9.8,1.58,5.4,674,0
29.5,69.8,5.9,21.1,27.6,18.9,1.82,3.6,694,0
40.0,83.4,5.0,25.6,45.0,14.5,2.4,4.7,927,0
31.6,77.8,12.3,18.1,31.8,8.9,1.72,3.8,590,0
29.5,67.3,5.1,11.7,20.5,3.6,1.11,11.2,379,1
32.2,66.7,22.8,34.7,29.6,17.6,2.69,9.1,441,0
28.7,63.9,13.5,25.3,16.2,10.9,1.17,6.3,478,0
26.4,51.1,0.7,3.6,27.8,9.6,1.09,10.9,281,1
37.0,100.4,19.8,34.2,32.7,15.8,2.18,3.9,745,0
32.2,84.1,4.3,13.3,20.1,12.6,1.38,6.7,401,0
22.9,50.1,7.0,13.7,12.1,8.4,1.09,13.6,589,1
31.5,73.7,1.1,24.1,37.5,23.6,1.78,5.4,533,0
52.3,74.5,14.9,24.0,29.7,19.3,1.78,3.6,515,0
35.7,82.0,40.5,57.9,25.3,13.6,2.14,7.7,614,0
32.2,70.0,3.5,10.2,25.4,19.3,2.59,3.9,735,0
35.6,57.6,19.4,33.5,35.1,10.0,1.57,5.1,424,0
23.4,54.7,4.0,12.3,24.1,2.8,0.87,10.2,433,1
24.8,80.3,9.2,14.0,12.2,4.8,0.9,11.1,277,1
31.3,75.0,37.8,47.1,32.6,11.0,1.87,5.6,451,0
27.2,42.8,12.5,15.0,14.6,3.3,1.1,10.9,284,1
26.2,64.2,1.9,6.6,19.7,6.2,1.05,13.8,369,1
51.1,70.0,2.2,3.8,39.8,20.1,2.65,4.2,684,0
33.8,71.4,35.9,59.1,36.1,15.0,1.74,3.6,619,0
34.6,80.3,8.6,29.2,31.5,7.4,1.28,9.5,326,0
34.6,71.6,21.7,37.5,30.7,16.4,2.18,4.1,754,0
27.4,78.0,5.0,21.9,33.8,16.5,1.57,5.6,468,0
26.8,42.1,5.4,11.7,20.1,4.5,0.85,13.1,276,1
33.2,72.0,4.1,16.3,24.8,6.6,2.02,5.9,662,0
40.8,93.8,11.3,27.2,53.4,23.2,2.72,4.7,688,0
16.0,64.1,13.4,18.9,24.4,2.0,1.0,12.2,487,1
30.9,73.7,5.5,10.2,32.5,2.3,1.83,6.9,653,0
35.0,80.2,11.9,24.4,30.4,14.1,1.71,4.5,617,0
31.2,86.3,39.3,52.8,16.8,9.9,1.73,5.9,571,0
26.0,86.8,85.4,95.8,24.8,3.9,1.23,5.4,481,0
25.4,74.2,40.6,46.1,19.7,9.9,1.32,6.1,459,0
38.5,83.8,19.5,31.0,28.0,14.3,2.22,7.3,443,0
30.9,89.0,7.3,30.9,37.3,6.8,2.21,4.4,660,0
45.5,67.6,51.4,64.5,36.9,9.4,1.93,4.2,467,0
23.2,86.5,3.1,21.4,22.3,15.0,1.56,7.3,601,0
38.9,77.5,5.2,25.6,43.7,15.4,2.32,4.2,610,0
32.8,63.6,33.1,54.9,33.0,19.6,1.48,4.7,655,0
49.9,91.6,26.6,51.1,31.8,29.0,2.48,5.4,849,0
30.8,84.4,34.2,50.3,27.8,16.1,1.3,5.1,416,0
26.6,66.0,2.2,3.7,27.7,11.7,1.63,6.6,395,0
40.6,92.2,80.4,103.6,45.8,12.1,1.97,6.8,744,0
26.0,45.3,5.3,12.4,27.4,7.2,0.78,18.9,546,1
33.0,47.0,16.4,23.0,26.3,4.9,1.22,9.8,655,0
17.7,75.2,3.5,8.0,18.6,2.0,1.04,13.0,593,1
31.5,55.4,50.2,68.7,31.5,6.0,2.13,4.4,529,0
40.0,94.4,19.9,49.3,51.0,22.5,2.47,4.1,601,0
39.5,70.4,9.9,30.3,48.3,36.8,2.68,3.2,896,0
25.3,73.8,6.5,19.1,32.4,12.6,1.2,5.5,419,0
18.9,63.2,6.2,8.0,13.9,5.0,1.09,10.3,410,1
28.2,73.5,3.8,14.8,24.8,11.1,1.11,7.0,577,0
34.3,102.4,38.8,58.4,40.4,12.8,2.09,2.7,811,0
27.8,56.7,6.7,18.0,26.9,6.1,1.64,6.1,371,0
26.7,52.8,27.3,31.8,15.6,1.9,0.89,11.9,318,1
38.2,110.1,0.1,12.5,41.7,15.8,1.98,6.2,709,0
27.8,79.0,16.6,24.0,25.5,5.2,1.06,10.3,359,1
22.1,41.0,14.8,20.3,12.8,4.9,1.18,15.0,217,1
22.9,57.4,15.9,22.8,20.6,7.5,0.91,10.4,336,1
21.9,45.1,13.9,15.3,26.3,1.4,0.92,11.4,262,1
22.7,68.4,14.6,25.8,26.5,3.0,1.37,5.4,321,0
22.4,69.0,9.2,12.2,18.7,4.0,1.15,12.8,245,1
26.1,61.7,5.3,8.6,19.5,9.1,1.07,15.4,381,1
23.9,62.9,8.9,17.3,17.4,4.5,0.93,13.6,494,1
24.6,62.7,13.5,17.9,29.4,7.9,1.51,6.2,510,0
25.4,80.0,3.5,11.4,24.1,8.9,1.03,13.7,373,1
25.5,63.8,2.2,4.3,24.9,4.7,1.1,13.4,459,1
27.8,42.1,1.5,5.3,13.5,3.8,1.09,10.8,527,1
28.2,61.2,1.2,10.9,22.7,7.1,1.86,8.6,501,0
